id,student_id,academic_year,semester,weighted_average,total_credits,failed_courses,status_at_time,failed_courses_json,academic_year_label,year_level,result_type,created_at
1,2,2021,1,67.06,20,0,PROMOTED,,2021/2022,1,PROMOTED,2022-01-15T00:00:00
2,2,2021,2,65.43,17,0,PROMOTED,,2021/2022,1,PROMOTED,2022-06-15T00:00:00
3,3,2021,1,63.58,20,0,PROMOTED,,2021/2022,1,PROMOTED,2022-01-15T00:00:00
4,3,2021,2,59.62,17,1,CARRY_OVER,,2021/2022,1,CARRY_OVER,2022-06-15T00:00:00
5,3,2022,1,79.99,19,0,PROMOTED,,2022/2023,2,PROMOTED,2023-01-15T00:00:00
6,3,2022,2,99.38,18,0,PROMOTED,,2022/2023,2,PROMOTED,2023-06-15T00:00:00
7,3,2023,1,65.33,19,0,PROMOTED,,2023/2024,3,PROMOTED,2024-01-15T00:00:00
8,3,2023,2,66.4,18,0,PROMOTED,,2023/2024,3,PROMOTED,2024-06-15T00:00:00
9,3,2024,1,72.18,16,0,PROMOTED,,2024/2025,4,PROMOTED,2025-01-15T00:00:00
10,3,2024,2,52.78,18,2,CARRY_OVER,,2024/2025,4,CARRY_OVER,2025-06-15T00:00:00
11,4,2021,1,63.65,18,1,CARRY_OVER,,2021/2022,1,CARRY_OVER,2022-01-15T00:00:00
12,4,2021,2,71.32,15,0,PROMOTED,,2021/2022,1,PROMOTED,2022-06-15T00:00:00
13,4,2022,1,61.27,18,1,CARRY_OVER,,2022/2023,2,CARRY_OVER,2023-01-15T00:00:00
14,4,2022,2,86.37,20,0,PROMOTED,,2022/2023,2,PROMOTED,2023-06-15T00:00:00
15,4,2023,1,56.47,16,1,CARRY_OVER,,2023/2024,3,CARRY_OVER,2024-01-15T00:00:00
16,4,2023,2,82.81,19,0,PROMOTED,,2023/2024,3,PROMOTED,2024-06-15T00:00:00
17,5,2021,1,89.62,20,0,PROMOTED,,2021/2022,1,PROMOTED,2022-01-15T00:00:00
18,5,2021,2,76.58,20,0,PROMOTED,,2021/2022,1,PROMOTED,2022-06-15T00:00:00
19,5,2022,1,70.35,15,0,PROMOTED,,2022/2023,2,PROMOTED,2023-01-15T00:00:00
20,5,2022,2,74.96,16,0,PROMOTED,,2022/2023,2,PROMOTED,2023-06-15T00:00:00
21,7,2021,1,66.71,19,0,PROMOTED,,2021/2022,1,PROMOTED,2022-01-15T00:00:00
22,7,2021,2,47.57,15,2,CARRY_OVER,,2021/2022,1,CARRY_OVER,2022-06-15T00:00:00
23,8,2021,1,60.25,17,0,PROMOTED,,2021/2022,1,PROMOTED,2022-01-15T00:00:00
24,8,2021,2,71.87,19,0,PROMOTED,,2021/2022,1,PROMOTED,2022-06-15T00:00:00
25,8,2022,1,60.71,15,2,CARRY_OVER,,2022/2023,2,CARRY_OVER,2023-01-15T00:00:00
26,8,2022,2,67.04,20,0,PROMOTED,,2022/2023,2,PROMOTED,2023-06-15T00:00:00
27,8,2023,1,77.75,17,0,PROMOTED,,2023/2024,3,PROMOTED,2024-01-15T00:00:00
28,8,2023,2,73.74,16,0,PROMOTED,,2023/2024,3,PROMOTED,2024-06-15T00:00:00
29,9,2021,1,84.7,17,0,PROMOTED,,2021/2022,1,PROMOTED,2022-01-15T00:00:00
30,9,2021,2,75.53,18,0,PROMOTED,,2021/2022,1,PROMOTED,2022-06-15T00:00:00
31,9,2022,1,76.24,19,0,PROMOTED,,2022/2023,2,PROMOTED,2023-01-15T00:00:00
32,9,2022,2,63.45,15,1,CARRY_OVER,,2022/2023,2,CARRY_OVER,2023-06-15T00:00:00
33,10,2021,1,56.03,15,2,CARRY_OVER,,2021/2022,1,CARRY_OVER,2022-01-15T00:00:00
34,10,2021,2,67.04,20,0,PROMOTED,,2021/2022,1,PROMOTED,2022-06-15T00:00:00
35,11,2021,1,63.27,19,0,PROMOTED,,2021/2022,1,PROMOTED,2022-01-15T00:00:00
36,11,2021,2,70.0,17,0,PROMOTED,,2021/2022,1,PROMOTED,2022-06-15T00:00:00
37,11,2022,1,59.21,19,0,REPEATER,,2022/2023,2,REPEATER,2023-01-15T00:00:00
38,11,2022,2,82.11,15,0,PROMOTED,,2022/2023,2,PROMOTED,2023-06-15T00:00:00
39,11,2023,1,63.23,20,1,CARRY_OVER,,2023/2024,3,CARRY_OVER,2024-01-15T00:00:00
40,11,2023,2,67.63,17,0,PROMOTED,,2023/2024,3,PROMOTED,2024-06-15T00:00:00
41,11,2024,1,71.76,18,0,PROMOTED,,2024/2025,4,PROMOTED,2025-01-15T00:00:00
42,11,2024,2,85.48,16,0,PROMOTED,,2024/2025,4,PROMOTED,2025-06-15T00:00:00
43,12,2021,1,93.1,18,0,PROMOTED,,2021/2022,1,PROMOTED,2022-01-15T00:00:00
44,12,2021,2,93.93,18,0,PROMOTED,,2021/2022,1,PROMOTED,2022-06-15T00:00:00
45,12,2022,1,56.62,17,0,REPEATER,,2022/2023,2,REPEATER,2023-01-15T00:00:00
46,12,2022,2,67.52,16,0,PROMOTED,,2022/2023,2,PROMOTED,2023-06-15T00:00:00
47,13,2021,1,65.24,18,0,PROMOTED,,2021/2022,1,PROMOTED,2022-01-15T00:00:00
48,13,2021,2,76.44,18,0,PROMOTED,,2021/2022,1,PROMOTED,2022-06-15T00:00:00
49,13,2022,1,75.71,20,0,PROMOTED,,2022/2023,2,PROMOTED,2023-01-15T00:00:00
50,13,2022,2,65.0,20,0,PROMOTED,,2022/2023,2,PROMOTED,2023-06-15T00:00:00
51,14,2021,1,64.06,16,0,PROMOTED,,2021/2022,1,PROMOTED,2022-01-15T00:00:00
52,14,2021,2,60.03,17,1,CARRY_OVER,,2021/2022,1,CARRY_OVER,2022-06-15T00:00:00
53,14,2022,1,40.15,16,2,CARRY_OVER,,2022/2023,2,CARRY_OVER,2023-01-15T00:00:00
54,14,2022,2,56.42,16,0,REPEATER,,2022/2023,2,REPEATER,2023-06-15T00:00:00
55,15,2021,1,82.4,18,0,PROMOTED,,2021/2022,1,PROMOTED,2022-01-15T00:00:00
56,15,2021,2,89.58,19,0,PROMOTED,,2021/2022,1,PROMOTED,2022-06-15T00:00:00
57,16,2021,1,88.17,16,0,PROMOTED,,2021/2022,1,PROMOTED,2022-01-15T00:00:00
58,16,2021,2,82.91,15,0,PROMOTED,,2021/2022,1,PROMOTED,2022-06-15T00:00:00
59,18,2021,1,59.86,15,2,CARRY_OVER,,2021/2022,1,CARRY_OVER,2022-01-15T00:00:00
60,18,2021,2,57.83,17,2,CARRY_OVER,,2021/2022,1,CARRY_OVER,2022-06-15T00:00:00
61,18,2022,1,50.27,15,2,CARRY_OVER,,2022/2023,2,CARRY_OVER,2023-01-15T00:00:00
62,18,2022,2,65.0,15,0,PROMOTED,,2022/2023,2,PROMOTED,2023-06-15T00:00:00
63,19,2021,1,73.05,20,0,PROMOTED,,2021/2022,1,PROMOTED,2022-01-15T00:00:00
64,19,2021,2,59.91,16,1,CARRY_OVER,,2021/2022,1,CARRY_OVER,2022-06-15T00:00:00
65,19,2022,1,77.17,18,0,PROMOTED,,2022/2023,2,PROMOTED,2023-01-15T00:00:00
66,19,2022,2,79.82,16,0,PROMOTED,,2022/2023,2,PROMOTED,2023-06-15T00:00:00
67,19,2023,1,66.31,15,0,PROMOTED,,2023/2024,3,PROMOTED,2024-01-15T00:00:00
68,19,2023,2,55.92,15,2,CARRY_OVER,,2023/2024,3,CARRY_OVER,2024-06-15T00:00:00
69,19,2024,1,88.57,18,0,PROMOTED,,2024/2025,4,PROMOTED,2025-01-15T00:00:00
70,19,2024,2,72.42,16,0,PROMOTED,,2024/2025,4,PROMOTED,2025-06-15T00:00:00
71,20,2021,1,95.29,16,0,PROMOTED,,2021/2022,1,PROMOTED,2022-01-15T00:00:00
72,20,2021,2,73.11,18,0,PROMOTED,,2021/2022,1,PROMOTED,2022-06-15T00:00:00
73,21,2021,1,73.95,17,0,PROMOTED,,2021/2022,1,PROMOTED,2022-01-15T00:00:00
74,21,2021,2,60.43,17,0,PROMOTED,,2021/2022,1,PROMOTED,2022-06-15T00:00:00
75,23,2021,1,66.92,18,0,PROMOTED,,2021/2022,1,PROMOTED,2022-01-15T00:00:00
76,23,2021,2,53.29,18,1,CARRY_OVER,,2021/2022,1,CARRY_OVER,2022-06-15T00:00:00
77,23,2022,1,55.88,15,2,CARRY_OVER,,2022/2023,2,CARRY_OVER,2023-01-15T00:00:00
78,23,2022,2,80.89,15,0,PROMOTED,,2022/2023,2,PROMOTED,2023-06-15T00:00:00
79,23,2023,1,68.61,20,0,PROMOTED,,2023/2024,3,PROMOTED,2024-01-15T00:00:00
80,23,2023,2,66.93,15,0,PROMOTED,,2023/2024,3,PROMOTED,2024-06-15T00:00:00
81,23,2024,1,63.11,17,2,CARRY_OVER,,2024/2025,4,CARRY_OVER,2025-01-15T00:00:00
82,23,2024,2,67.37,16,0,PROMOTED,,2024/2025,4,PROMOTED,2025-06-15T00:00:00
83,24,2021,1,85.6,19,0,PROMOTED,,2021/2022,1,PROMOTED,2022-01-15T00:00:00
84,24,2021,2,73.73,16,0,PROMOTED,,2021/2022,1,PROMOTED,2022-06-15T00:00:00
85,24,2022,1,57.84,17,0,REPEATER,,2022/2023,2,REPEATER,2023-01-15T00:00:00
86,24,2022,2,84.36,19,0,PROMOTED,,2022/2023,2,PROMOTED,2023-06-15T00:00:00
87,24,2023,1,92.7,19,0,PROMOTED,,2023/2024,3,PROMOTED,2024-01-15T00:00:00
88,24,2023,2,77.94,20,0,PROMOTED,,2023/2024,3,PROMOTED,2024-06-15T00:00:00
89,24,2024,1,82.7,17,0,PROMOTED,,2024/2025,4,PROMOTED,2025-01-15T00:00:00
90,24,2024,2,86.65,18,0,PROMOTED,,2024/2025,4,PROMOTED,2025-06-15T00:00:00
91,25,2021,1,52.12,16,1,CARRY_OVER,,2021/2022,1,CARRY_OVER,2022-01-15T00:00:00
92,25,2021,2,94.37,16,0,PROMOTED,,2021/2022,1,PROMOTED,2022-06-15T00:00:00
93,25,2022,1,85.19,19,0,PROMOTED,,2022/2023,2,PROMOTED,2023-01-15T00:00:00
94,25,2022,2,77.87,19,0,PROMOTED,,2022/2023,2,PROMOTED,2023-06-15T00:00:00
95,25,2023,1,70.49,20,0,PROMOTED,,2023/2024,3,PROMOTED,2024-01-15T00:00:00
96,25,2023,2,55.95,20,0,REPEATER,,2023/2024,3,REPEATER,2024-06-15T00:00:00
97,25,2024,1,68.02,17,0,PROMOTED,,2024/2025,4,PROMOTED,2025-01-15T00:00:00
98,25,2024,2,77.38,19,0,PROMOTED,,2024/2025,4,PROMOTED,2025-06-15T00:00:00
99,26,2021,1,58.75,20,1,CARRY_OVER,,2021/2022,1,CARRY_OVER,2022-01-15T00:00:00
100,26,2021,2,71.16,18,0,PROMOTED,,2021/2022,1,PROMOTED,2022-06-15T00:00:00
101,26,2022,1,57.8,18,2,CARRY_OVER,,2022/2023,2,CARRY_OVER,2023-01-15T00:00:00
102,26,2022,2,67.38,18,0,PROMOTED,,2022/2023,2,PROMOTED,2023-06-15T00:00:00
103,26,2023,1,55.77,17,0,REPEATER,,2023/2024,3,REPEATER,2024-01-15T00:00:00
104,26,2023,2,54.51,19,0,REPEATER,,2023/2024,3,REPEATER,2024-06-15T00:00:00
105,29,2021,1,76.08,15,0,PROMOTED,,2021/2022,1,PROMOTED,2022-01-15T00:00:00
106,29,2021,2,65.04,16,0,PROMOTED,,2021/2022,1,PROMOTED,2022-06-15T00:00:00
107,29,2022,1,66.17,16,0,PROMOTED,,2022/2023,2,PROMOTED,2023-01-15T00:00:00
108,29,2022,2,64.4,16,1,CARRY_OVER,,2022/2023,2,CARRY_OVER,2023-06-15T00:00:00
109,30,2021,1,100.0,20,0,PROMOTED,,2021/2022,1,PROMOTED,2022-01-15T00:00:00
110,30,2021,2,79.29,17,0,PROMOTED,,2021/2022,1,PROMOTED,2022-06-15T00:00:00
111,31,2021,1,80.58,18,0,PROMOTED,,2021/2022,1,PROMOTED,2022-01-15T00:00:00
112,31,2021,2,62.7,16,2,CARRY_OVER,,2021/2022,1,CARRY_OVER,2022-06-15T00:00:00
113,31,2022,1,78.06,18,0,PROMOTED,,2022/2023,2,PROMOTED,2023-01-15T00:00:00
114,31,2022,2,69.27,17,0,PROMOTED,,2022/2023,2,PROMOTED,2023-06-15T00:00:00
115,31,2023,1,62.6,15,0,PROMOTED,,2023/2024,3,PROMOTED,2024-01-15T00:00:00
116,31,2023,2,95.15,20,0,PROMOTED,,2023/2024,3,PROMOTED,2024-06-15T00:00:00
117,31,2024,1,78.87,16,0,PROMOTED,,2024/2025,4,PROMOTED,2025-01-15T00:00:00
118,31,2024,2,78.27,16,0,PROMOTED,,2024/2025,4,PROMOTED,2025-06-15T00:00:00
119,32,2021,1,60.34,19,2,CARRY_OVER,,2021/2022,1,CARRY_OVER,2022-01-15T00:00:00
120,32,2021,2,56.76,19,0,REPEATER,,2021/2022,1,REPEATER,2022-06-15T00:00:00
121,32,2022,1,71.31,15,0,PROMOTED,,2022/2023,2,PROMOTED,2023-01-15T00:00:00
122,32,2022,2,65.12,20,0,PROMOTED,,2022/2023,2,PROMOTED,2023-06-15T00:00:00
123,32,2023,1,79.35,20,0,PROMOTED,,2023/2024,3,PROMOTED,2024-01-15T00:00:00
124,32,2023,2,80.15,15,0,PROMOTED,,2023/2024,3,PROMOTED,2024-06-15T00:00:00
125,33,2021,1,72.79,18,0,PROMOTED,,2021/2022,1,PROMOTED,2022-01-15T00:00:00
126,33,2021,2,81.93,17,0,PROMOTED,,2021/2022,1,PROMOTED,2022-06-15T00:00:00
127,33,2022,1,74.32,18,0,PROMOTED,,2022/2023,2,PROMOTED,2023-01-15T00:00:00
128,33,2022,2,61.54,15,1,CARRY_OVER,,2022/2023,2,CARRY_OVER,2023-06-15T00:00:00
129,33,2023,1,69.62,20,0,PROMOTED,,2023/2024,3,PROMOTED,2024-01-15T00:00:00
130,33,2023,2,73.63,17,0,PROMOTED,,2023/2024,3,PROMOTED,2024-06-15T00:00:00
131,33,2024,1,83.15,17,0,PROMOTED,,2024/2025,4,PROMOTED,2025-01-15T00:00:00
132,33,2024,2,74.7,16,0,PROMOTED,,2024/2025,4,PROMOTED,2025-06-15T00:00:00
133,34,2021,1,65.14,18,0,PROMOTED,,2021/2022,1,PROMOTED,2022-01-15T00:00:00
134,34,2021,2,83.59,19,0,PROMOTED,,2021/2022,1,PROMOTED,2022-06-15T00:00:00
135,34,2022,1,76.57,18,0,PROMOTED,,2022/2023,2,PROMOTED,2023-01-15T00:00:00
136,34,2022,2,90.55,16,0,PROMOTED,,2022/2023,2,PROMOTED,2023-06-15T00:00:00
137,34,2023,1,73.05,20,0,PROMOTED,,2023/2024,3,PROMOTED,2024-01-15T00:00:00
138,34,2023,2,59.55,17,2,CARRY_OVER,,2023/2024,3,CARRY_OVER,2024-06-15T00:00:00
139,34,2024,1,86.12,17,0,PROMOTED,,2024/2025,4,PROMOTED,2025-01-15T00:00:00
140,34,2024,2,65.08,17,0,PROMOTED,,2024/2025,4,PROMOTED,2025-06-15T00:00:00
141,34,2025,1,75.55,20,0,PROMOTED,,2025/2026,5,PROMOTED,2026-01-15T00:00:00
142,34,2025,2,74.23,15,0,PROMOTED,,2025/2026,5,PROMOTED,2026-06-15T00:00:00
143,36,2021,1,72.55,20,0,PROMOTED,,2021/2022,1,PROMOTED,2022-01-15T00:00:00
144,36,2021,2,69.96,17,0,PROMOTED,,2021/2022,1,PROMOTED,2022-06-15T00:00:00
145,37,2021,1,52.17,20,0,REPEATER,,2021/2022,1,REPEATER,2022-01-15T00:00:00
146,37,2021,2,59.97,15,0,REPEATER,,2021/2022,1,REPEATER,2022-06-15T00:00:00
147,37,2022,1,85.47,18,0,PROMOTED,,2022/2023,2,PROMOTED,2023-01-15T00:00:00
148,37,2022,2,77.15,19,0,PROMOTED,,2022/2023,2,PROMOTED,2023-06-15T00:00:00
149,37,2023,1,94.91,18,0,PROMOTED,,2023/2024,3,PROMOTED,2024-01-15T00:00:00
150,37,2023,2,59.55,16,2,CARRY_OVER,,2023/2024,3,CARRY_OVER,2024-06-15T00:00:00
151,37,2024,1,71.63,20,0,PROMOTED,,2024/2025,4,PROMOTED,2025-01-15T00:00:00
152,37,2024,2,85.96,20,0,PROMOTED,,2024/2025,4,PROMOTED,2025-06-15T00:00:00
153,38,2021,1,65.21,20,0,PROMOTED,,2021/2022,1,PROMOTED,2022-01-15T00:00:00
154,38,2021,2,66.18,15,0,PROMOTED,,2021/2022,1,PROMOTED,2022-06-15T00:00:00
155,38,2022,1,68.48,20,0,PROMOTED,,2022/2023,2,PROMOTED,2023-01-15T00:00:00
156,38,2022,2,66.66,18,0,PROMOTED,,2022/2023,2,PROMOTED,2023-06-15T00:00:00
157,38,2023,1,78.38,18,0,PROMOTED,,2023/2024,3,PROMOTED,2024-01-15T00:00:00
158,38,2023,2,50.64,17,1,CARRY_OVER,,2023/2024,3,CARRY_OVER,2024-06-15T00:00:00
159,38,2024,1,91.71,19,0,PROMOTED,,2024/2025,4,PROMOTED,2025-01-15T00:00:00
160,38,2024,2,60.48,19,0,PROMOTED,,2024/2025,4,PROMOTED,2025-06-15T00:00:00
161,39,2021,1,46.59,17,0,REPEATER,,2021/2022,1,REPEATER,2022-01-15T00:00:00
162,39,2021,2,71.88,16,0,PROMOTED,,2021/2022,1,PROMOTED,2022-06-15T00:00:00
163,39,2022,1,67.47,20,0,PROMOTED,,2022/2023,2,PROMOTED,2023-01-15T00:00:00
164,39,2022,2,69.86,19,0,PROMOTED,,2022/2023,2,PROMOTED,2023-06-15T00:00:00
165,39,2023,1,75.75,18,0,PROMOTED,,2023/2024,3,PROMOTED,2024-01-15T00:00:00
166,39,2023,2,79.74,19,0,PROMOTED,,2023/2024,3,PROMOTED,2024-06-15T00:00:00
167,40,2021,1,92.24,15,0,PROMOTED,,2021/2022,1,PROMOTED,2022-01-15T00:00:00
168,40,2021,2,63.72,17,1,CARRY_OVER,,2021/2022,1,CARRY_OVER,2022-06-15T00:00:00
169,41,2021,1,81.29,16,0,PROMOTED,,2021/2022,1,PROMOTED,2022-01-15T00:00:00
170,41,2021,2,80.51,20,0,PROMOTED,,2021/2022,1,PROMOTED,2022-06-15T00:00:00
171,41,2022,1,40.31,19,2,CARRY_OVER,,2022/2023,2,CARRY_OVER,2023-01-15T00:00:00
172,41,2022,2,62.0,20,0,PROMOTED,,2022/2023,2,PROMOTED,2023-06-15T00:00:00
173,41,2023,1,56.56,16,1,CARRY_OVER,,2023/2024,3,CARRY_OVER,2024-01-15T00:00:00
174,41,2023,2,77.37,19,0,PROMOTED,,2023/2024,3,PROMOTED,2024-06-15T00:00:00
175,41,2024,1,76.05,18,0,PROMOTED,,2024/2025,4,PROMOTED,2025-01-15T00:00:00
176,41,2024,2,76.3,19,0,PROMOTED,,2024/2025,4,PROMOTED,2025-06-15T00:00:00
177,42,2021,1,68.33,20,0,PROMOTED,,2021/2022,1,PROMOTED,2022-01-15T00:00:00
178,42,2021,2,69.54,16,0,PROMOTED,,2021/2022,1,PROMOTED,2022-06-15T00:00:00
179,42,2022,1,71.66,17,0,PROMOTED,,2022/2023,2,PROMOTED,2023-01-15T00:00:00
180,42,2022,2,67.19,18,0,PROMOTED,,2022/2023,2,PROMOTED,2023-06-15T00:00:00
181,42,2023,1,81.33,16,0,PROMOTED,,2023/2024,3,PROMOTED,2024-01-15T00:00:00
182,42,2023,2,59.16,19,0,REPEATER,,2023/2024,3,REPEATER,2024-06-15T00:00:00
183,42,2024,1,62.62,16,0,PROMOTED,,2024/2025,4,PROMOTED,2025-01-15T00:00:00
184,42,2024,2,73.46,16,0,PROMOTED,,2024/2025,4,PROMOTED,2025-06-15T00:00:00
185,42,2025,1,67.58,15,0,PROMOTED,,2025/2026,5,PROMOTED,2026-01-15T00:00:00
186,42,2025,2,58.69,16,1,CARRY_OVER,,2025/2026,5,CARRY_OVER,2026-06-15T00:00:00
187,43,2021,1,78.38,17,0,PROMOTED,,2021/2022,1,PROMOTED,2022-01-15T00:00:00
188,43,2021,2,65.13,17,0,PROMOTED,,2021/2022,1,PROMOTED,2022-06-15T00:00:00
189,43,2022,1,61.86,20,0,PROMOTED,,2022/2023,2,PROMOTED,2023-01-15T00:00:00
190,43,2022,2,69.91,20,0,PROMOTED,,2022/2023,2,PROMOTED,2023-06-15T00:00:00
191,43,2023,1,61.28,15,0,PROMOTED,,2023/2024,3,PROMOTED,2024-01-15T00:00:00
192,43,2023,2,71.59,16,0,PROMOTED,,2023/2024,3,PROMOTED,2024-06-15T00:00:00
193,44,2021,1,67.68,16,0,PROMOTED,,2021/2022,1,PROMOTED,2022-01-15T00:00:00
194,44,2021,2,65.85,18,0,PROMOTED,,2021/2022,1,PROMOTED,2022-06-15T00:00:00
195,45,2021,1,65.92,17,0,PROMOTED,,2021/2022,1,PROMOTED,2022-01-15T00:00:00
196,45,2021,2,83.95,15,0,PROMOTED,,2021/2022,1,PROMOTED,2022-06-15T00:00:00
197,46,2021,1,76.43,16,0,PROMOTED,,2021/2022,1,PROMOTED,2022-01-15T00:00:00
198,46,2021,2,51.49,17,0,REPEATER,,2021/2022,1,REPEATER,2022-06-15T00:00:00
199,46,2022,1,82.6,18,0,PROMOTED,,2022/2023,2,PROMOTED,2023-01-15T00:00:00
200,46,2022,2,78.2,17,0,PROMOTED,,2022/2023,2,PROMOTED,2023-06-15T00:00:00
201,47,2021,1,77.49,15,0,PROMOTED,,2021/2022,1,PROMOTED,2022-01-15T00:00:00
202,47,2021,2,82.65,20,0,PROMOTED,,2021/2022,1,PROMOTED,2022-06-15T00:00:00
203,47,2022,1,72.18,19,0,PROMOTED,,2022/2023,2,PROMOTED,2023-01-15T00:00:00
204,47,2022,2,79.44,19,0,PROMOTED,,2022/2023,2,PROMOTED,2023-06-15T00:00:00
205,48,2021,1,66.43,17,0,PROMOTED,,2021/2022,1,PROMOTED,2022-01-15T00:00:00
206,48,2021,2,82.17,16,0,PROMOTED,,2021/2022,1,PROMOTED,2022-06-15T00:00:00
207,48,2022,1,74.62,20,0,PROMOTED,,2022/2023,2,PROMOTED,2023-01-15T00:00:00
208,48,2022,2,55.48,16,1,CARRY_OVER,,2022/2023,2,CARRY_OVER,2023-06-15T00:00:00
209,48,2023,1,84.44,15,0,PROMOTED,,2023/2024,3,PROMOTED,2024-01-15T00:00:00
210,48,2023,2,70.45,16,0,PROMOTED,,2023/2024,3,PROMOTED,2024-06-15T00:00:00
211,49,2021,1,68.78,16,0,PROMOTED,,2021/2022,1,PROMOTED,2022-01-15T00:00:00
212,49,2021,2,66.69,17,0,PROMOTED,,2021/2022,1,PROMOTED,2022-06-15T00:00:00
213,49,2022,1,67.57,15,0,PROMOTED,,2022/2023,2,PROMOTED,2023-01-15T00:00:00
214,49,2022,2,74.76,17,0,PROMOTED,,2022/2023,2,PROMOTED,2023-06-15T00:00:00
215,50,2021,1,60.15,18,0,PROMOTED,,2021/2022,1,PROMOTED,2022-01-15T00:00:00
216,50,2021,2,53.18,16,0,REPEATER,,2021/2022,1,REPEATER,2022-06-15T00:00:00
217,50,2022,1,59.23,16,0,REPEATER,,2022/2023,2,REPEATER,2023-01-15T00:00:00
218,50,2022,2,76.58,17,0,PROMOTED,,2022/2023,2,PROMOTED,2023-06-15T00:00:00
219,50,2023,1,70.06,15,0,PROMOTED,,2023/2024,3,PROMOTED,2024-01-15T00:00:00
220,50,2023,2,85.36,15,0,PROMOTED,,2023/2024,3,PROMOTED,2024-06-15T00:00:00
221,51,2021,1,71.22,18,0,PROMOTED,,2021/2022,1,PROMOTED,2022-01-15T00:00:00
222,51,2021,2,82.11,20,0,PROMOTED,,2021/2022,1,PROMOTED,2022-06-15T00:00:00
223,51,2022,1,63.69,17,0,PROMOTED,,2022/2023,2,PROMOTED,2023-01-15T00:00:00
224,51,2022,2,66.78,17,0,PROMOTED,,2022/2023,2,PROMOTED,2023-06-15T00:00:00
225,51,2023,1,72.11,17,0,PROMOTED,,2023/2024,3,PROMOTED,2024-01-15T00:00:00
226,51,2023,2,70.24,19,0,PROMOTED,,2023/2024,3,PROMOTED,2024-06-15T00:00:00
227,51,2024,1,69.12,18,0,PROMOTED,,2024/2025,4,PROMOTED,2025-01-15T00:00:00
228,51,2024,2,61.53,19,0,PROMOTED,,2024/2025,4,PROMOTED,2025-06-15T00:00:00
229,52,2021,1,52.97,20,1,CARRY_OVER,,2021/2022,1,CARRY_OVER,2022-01-15T00:00:00
230,52,2021,2,79.57,20,0,PROMOTED,,2021/2022,1,PROMOTED,2022-06-15T00:00:00
231,52,2022,1,78.23,15,0,PROMOTED,,2022/2023,2,PROMOTED,2023-01-15T00:00:00
232,52,2022,2,64.63,16,1,CARRY_OVER,,2022/2023,2,CARRY_OVER,2023-06-15T00:00:00
233,54,2021,1,76.55,16,0,PROMOTED,,2021/2022,1,PROMOTED,2022-01-15T00:00:00
234,54,2021,2,70.0,20,0,PROMOTED,,2021/2022,1,PROMOTED,2022-06-15T00:00:00
235,55,2021,1,85.27,20,0,PROMOTED,,2021/2022,1,PROMOTED,2022-01-15T00:00:00
236,55,2021,2,56.25,17,2,CARRY_OVER,,2021/2022,1,CARRY_OVER,2022-06-15T00:00:00
237,55,2022,1,70.48,17,0,PROMOTED,,2022/2023,2,PROMOTED,2023-01-15T00:00:00
238,55,2022,2,69.52,18,0,PROMOTED,,2022/2023,2,PROMOTED,2023-06-15T00:00:00
239,55,2023,1,73.93,17,0,PROMOTED,,2023/2024,3,PROMOTED,2024-01-15T00:00:00
240,55,2023,2,90.45,15,0,PROMOTED,,2023/2024,3,PROMOTED,2024-06-15T00:00:00
241,55,2024,1,70.52,15,0,PROMOTED,,2024/2025,4,PROMOTED,2025-01-15T00:00:00
242,55,2024,2,80.92,19,0,PROMOTED,,2024/2025,4,PROMOTED,2025-06-15T00:00:00
243,55,2025,1,70.23,19,0,PROMOTED,,2025/2026,5,PROMOTED,2026-01-15T00:00:00
244,55,2025,2,84.85,16,0,PROMOTED,,2025/2026,5,PROMOTED,2026-06-15T00:00:00
245,56,2021,1,81.03,17,0,PROMOTED,,2021/2022,1,PROMOTED,2022-01-15T00:00:00
246,56,2021,2,68.0,17,0,PROMOTED,,2021/2022,1,PROMOTED,2022-06-15T00:00:00
247,56,2022,1,67.14,15,0,PROMOTED,,2022/2023,2,PROMOTED,2023-01-15T00:00:00
248,56,2022,2,77.84,16,0,PROMOTED,,2022/2023,2,PROMOTED,2023-06-15T00:00:00
249,56,2023,1,64.14,16,1,CARRY_OVER,,2023/2024,3,CARRY_OVER,2024-01-15T00:00:00
250,56,2023,2,74.29,19,0,PROMOTED,,2023/2024,3,PROMOTED,2024-06-15T00:00:00
251,56,2024,1,67.73,15,0,PROMOTED,,2024/2025,4,PROMOTED,2025-01-15T00:00:00
252,56,2024,2,76.42,18,0,PROMOTED,,2024/2025,4,PROMOTED,2025-06-15T00:00:00
253,56,2025,1,70.07,19,0,PROMOTED,,2025/2026,5,PROMOTED,2026-01-15T00:00:00
254,56,2025,2,63.69,19,0,PROMOTED,,2025/2026,5,PROMOTED,2026-06-15T00:00:00
255,58,2021,1,85.26,15,0,PROMOTED,,2021/2022,1,PROMOTED,2022-01-15T00:00:00
256,58,2021,2,74.87,16,0,PROMOTED,,2021/2022,1,PROMOTED,2022-06-15T00:00:00
257,58,2022,1,71.36,20,0,PROMOTED,,2022/2023,2,PROMOTED,2023-01-15T00:00:00
258,58,2022,2,77.04,17,0,PROMOTED,,2022/2023,2,PROMOTED,2023-06-15T00:00:00
259,59,2021,1,51.95,17,0,REPEATER,,2021/2022,1,REPEATER,2022-01-15T00:00:00
260,59,2021,2,97.08,20,0,PROMOTED,,2021/2022,1,PROMOTED,2022-06-15T00:00:00
261,59,2022,1,72.3,20,0,PROMOTED,,2022/2023,2,PROMOTED,2023-01-15T00:00:00
262,59,2022,2,48.44,20,0,REPEATER,,2022/2023,2,REPEATER,2023-06-15T00:00:00
263,59,2023,1,86.37,20,0,PROMOTED,,2023/2024,3,PROMOTED,2024-01-15T00:00:00
264,59,2023,2,62.98,19,1,CARRY_OVER,,2023/2024,3,CARRY_OVER,2024-06-15T00:00:00
265,60,2021,1,84.52,17,0,PROMOTED,,2021/2022,1,PROMOTED,2022-01-15T00:00:00
266,60,2021,2,73.46,15,0,PROMOTED,,2021/2022,1,PROMOTED,2022-06-15T00:00:00
267,60,2022,1,53.16,20,2,CARRY_OVER,,2022/2023,2,CARRY_OVER,2023-01-15T00:00:00
268,60,2022,2,75.14,18,0,PROMOTED,,2022/2023,2,PROMOTED,2023-06-15T00:00:00
269,60,2023,1,74.25,15,0,PROMOTED,,2023/2024,3,PROMOTED,2024-01-15T00:00:00
270,60,2023,2,85.82,17,0,PROMOTED,,2023/2024,3,PROMOTED,2024-06-15T00:00:00
271,60,2024,1,78.27,20,0,PROMOTED,,2024/2025,4,PROMOTED,2025-01-15T00:00:00
272,60,2024,2,57.13,17,1,CARRY_OVER,,2024/2025,4,CARRY_OVER,2025-06-15T00:00:00
273,62,2021,1,84.03,17,0,PROMOTED,,2021/2022,1,PROMOTED,2022-01-15T00:00:00
274,62,2021,2,67.03,18,0,PROMOTED,,2021/2022,1,PROMOTED,2022-06-15T00:00:00
275,62,2022,1,92.64,15,0,PROMOTED,,2022/2023,2,PROMOTED,2023-01-15T00:00:00
276,62,2022,2,67.74,18,0,PROMOTED,,2022/2023,2,PROMOTED,2023-06-15T00:00:00
277,63,2021,1,69.46,18,0,PROMOTED,,2021/2022,1,PROMOTED,2022-01-15T00:00:00
278,63,2021,2,62.14,16,0,PROMOTED,,2021/2022,1,PROMOTED,2022-06-15T00:00:00
279,63,2022,1,66.02,19,0,PROMOTED,,2022/2023,2,PROMOTED,2023-01-15T00:00:00
280,63,2022,2,62.84,20,2,CARRY_OVER,,2022/2023,2,CARRY_OVER,2023-06-15T00:00:00
281,63,2023,1,86.12,16,0,PROMOTED,,2023/2024,3,PROMOTED,2024-01-15T00:00:00
282,63,2023,2,56.02,18,1,CARRY_OVER,,2023/2024,3,CARRY_OVER,2024-06-15T00:00:00
283,63,2024,1,81.65,16,0,PROMOTED,,2024/2025,4,PROMOTED,2025-01-15T00:00:00
284,63,2024,2,81.94,15,0,PROMOTED,,2024/2025,4,PROMOTED,2025-06-15T00:00:00
285,64,2021,1,88.53,18,0,PROMOTED,,2021/2022,1,PROMOTED,2022-01-15T00:00:00
286,64,2021,2,72.53,15,0,PROMOTED,,2021/2022,1,PROMOTED,2022-06-15T00:00:00
287,65,2021,1,59.68,18,2,CARRY_OVER,,2021/2022,1,CARRY_OVER,2022-01-15T00:00:00
288,65,2021,2,69.94,16,0,PROMOTED,,2021/2022,1,PROMOTED,2022-06-15T00:00:00
289,65,2022,1,79.14,15,0,PROMOTED,,2022/2023,2,PROMOTED,2023-01-15T00:00:00
290,65,2022,2,73.02,20,0,PROMOTED,,2022/2023,2,PROMOTED,2023-06-15T00:00:00
291,65,2023,1,76.4,20,0,PROMOTED,,2023/2024,3,PROMOTED,2024-01-15T00:00:00
292,65,2023,2,88.38,19,0,PROMOTED,,2023/2024,3,PROMOTED,2024-06-15T00:00:00
293,65,2024,1,78.98,20,0,PROMOTED,,2024/2025,4,PROMOTED,2025-01-15T00:00:00
294,65,2024,2,74.38,17,0,PROMOTED,,2024/2025,4,PROMOTED,2025-06-15T00:00:00
295,65,2025,1,49.87,18,2,CARRY_OVER,,2025/2026,5,CARRY_OVER,2026-01-15T00:00:00
296,65,2025,2,62.59,17,0,PROMOTED,,2025/2026,5,PROMOTED,2026-06-15T00:00:00
297,66,2021,1,67.14,16,0,PROMOTED,,2021/2022,1,PROMOTED,2022-01-15T00:00:00
298,66,2021,2,48.27,15,0,REPEATER,,2021/2022,1,REPEATER,2022-06-15T00:00:00
299,66,2022,1,58.69,18,1,CARRY_OVER,,2022/2023,2,CARRY_OVER,2023-01-15T00:00:00
300,66,2022,2,68.78,15,0,PROMOTED,,2022/2023,2,PROMOTED,2023-06-15T00:00:00
301,67,2021,1,70.73,17,0,PROMOTED,,2021/2022,1,PROMOTED,2022-01-15T00:00:00
302,67,2021,2,78.07,15,0,PROMOTED,,2021/2022,1,PROMOTED,2022-06-15T00:00:00
303,67,2022,1,69.54,17,0,PROMOTED,,2022/2023,2,PROMOTED,2023-01-15T00:00:00
304,67,2022,2,74.98,16,0,PROMOTED,,2022/2023,2,PROMOTED,2023-06-15T00:00:00
305,67,2023,1,66.99,15,0,PROMOTED,,2023/2024,3,PROMOTED,2024-01-15T00:00:00
306,67,2023,2,72.5,17,0,PROMOTED,,2023/2024,3,PROMOTED,2024-06-15T00:00:00
307,67,2024,1,77.41,19,0,PROMOTED,,2024/2025,4,PROMOTED,2025-01-15T00:00:00
308,67,2024,2,89.67,19,0,PROMOTED,,2024/2025,4,PROMOTED,2025-06-15T00:00:00
309,68,2021,1,65.82,20,0,PROMOTED,,2021/2022,1,PROMOTED,2022-01-15T00:00:00
310,68,2021,2,73.73,18,0,PROMOTED,,2021/2022,1,PROMOTED,2022-06-15T00:00:00
311,68,2022,1,82.43,19,0,PROMOTED,,2022/2023,2,PROMOTED,2023-01-15T00:00:00
312,68,2022,2,54.72,20,1,CARRY_OVER,,2022/2023,2,CARRY_OVER,2023-06-15T00:00:00
313,69,2021,1,95.97,20,0,PROMOTED,,2021/2022,1,PROMOTED,2022-01-15T00:00:00
314,69,2021,2,86.15,18,0,PROMOTED,,2021/2022,1,PROMOTED,2022-06-15T00:00:00
315,69,2022,1,51.46,18,2,CARRY_OVER,,2022/2023,2,CARRY_OVER,2023-01-15T00:00:00
316,69,2022,2,76.46,18,0,PROMOTED,,2022/2023,2,PROMOTED,2023-06-15T00:00:00
317,69,2023,1,65.23,15,0,PROMOTED,,2023/2024,3,PROMOTED,2024-01-15T00:00:00
318,69,2023,2,67.23,17,0,PROMOTED,,2023/2024,3,PROMOTED,2024-06-15T00:00:00
319,69,2024,1,76.21,16,0,PROMOTED,,2024/2025,4,PROMOTED,2025-01-15T00:00:00
320,69,2024,2,84.6,20,0,PROMOTED,,2024/2025,4,PROMOTED,2025-06-15T00:00:00
321,71,2021,1,66.41,16,0,PROMOTED,,2021/2022,1,PROMOTED,2022-01-15T00:00:00
322,71,2021,2,66.57,20,0,PROMOTED,,2021/2022,1,PROMOTED,2022-06-15T00:00:00
323,71,2022,1,76.47,18,0,PROMOTED,,2022/2023,2,PROMOTED,2023-01-15T00:00:00
324,71,2022,2,78.86,15,0,PROMOTED,,2022/2023,2,PROMOTED,2023-06-15T00:00:00
325,72,2021,1,59.91,15,2,CARRY_OVER,,2021/2022,1,CARRY_OVER,2022-01-15T00:00:00
326,72,2021,2,92.68,20,0,PROMOTED,,2021/2022,1,PROMOTED,2022-06-15T00:00:00
327,72,2022,1,64.28,15,2,CARRY_OVER,,2022/2023,2,CARRY_OVER,2023-01-15T00:00:00
328,72,2022,2,83.58,15,0,PROMOTED,,2022/2023,2,PROMOTED,2023-06-15T00:00:00
329,72,2023,1,77.42,15,0,PROMOTED,,2023/2024,3,PROMOTED,2024-01-15T00:00:00
330,72,2023,2,79.28,15,0,PROMOTED,,2023/2024,3,PROMOTED,2024-06-15T00:00:00
331,72,2024,1,64.51,18,1,CARRY_OVER,,2024/2025,4,CARRY_OVER,2025-01-15T00:00:00
332,72,2024,2,51.31,15,2,CARRY_OVER,,2024/2025,4,CARRY_OVER,2025-06-15T00:00:00
333,73,2021,1,71.74,15,0,PROMOTED,,2021/2022,1,PROMOTED,2022-01-15T00:00:00
334,73,2021,2,71.79,20,0,PROMOTED,,2021/2022,1,PROMOTED,2022-06-15T00:00:00
335,73,2022,1,60.5,19,0,PROMOTED,,2022/2023,2,PROMOTED,2023-01-15T00:00:00
336,73,2022,2,83.02,16,0,PROMOTED,,2022/2023,2,PROMOTED,2023-06-15T00:00:00
337,73,2023,1,71.38,18,0,PROMOTED,,2023/2024,3,PROMOTED,2024-01-15T00:00:00
338,73,2023,2,62.29,19,2,CARRY_OVER,,2023/2024,3,CARRY_OVER,2024-06-15T00:00:00
339,73,2024,1,79.02,19,0,PROMOTED,,2024/2025,4,PROMOTED,2025-01-15T00:00:00
340,73,2024,2,79.34,19,0,PROMOTED,,2024/2025,4,PROMOTED,2025-06-15T00:00:00
341,74,2021,1,63.4,19,0,PROMOTED,,2021/2022,1,PROMOTED,2022-01-15T00:00:00
342,74,2021,2,86.8,19,0,PROMOTED,,2021/2022,1,PROMOTED,2022-06-15T00:00:00
343,74,2022,1,98.92,16,0,PROMOTED,,2022/2023,2,PROMOTED,2023-01-15T00:00:00
344,74,2022,2,58.92,17,0,REPEATER,,2022/2023,2,REPEATER,2023-06-15T00:00:00
345,74,2023,1,69.8,18,0,PROMOTED,,2023/2024,3,PROMOTED,2024-01-15T00:00:00
346,74,2023,2,76.04,20,0,PROMOTED,,2023/2024,3,PROMOTED,2024-06-15T00:00:00
347,75,2021,1,99.36,15,0,PROMOTED,,2021/2022,1,PROMOTED,2022-01-15T00:00:00
348,75,2021,2,63.19,16,1,CARRY_OVER,,2021/2022,1,CARRY_OVER,2022-06-15T00:00:00
349,75,2022,1,60.72,19,2,CARRY_OVER,,2022/2023,2,CARRY_OVER,2023-01-15T00:00:00
350,75,2022,2,60.64,18,0,PROMOTED,,2022/2023,2,PROMOTED,2023-06-15T00:00:00
351,75,2023,1,86.66,19,0,PROMOTED,,2023/2024,3,PROMOTED,2024-01-15T00:00:00
352,75,2023,2,63.51,20,1,CARRY_OVER,,2023/2024,3,CARRY_OVER,2024-06-15T00:00:00
353,77,2021,1,61.8,20,2,CARRY_OVER,,2021/2022,1,CARRY_OVER,2022-01-15T00:00:00
354,77,2021,2,74.77,17,0,PROMOTED,,2021/2022,1,PROMOTED,2022-06-15T00:00:00
355,77,2022,1,75.7,15,0,PROMOTED,,2022/2023,2,PROMOTED,2023-01-15T00:00:00
356,77,2022,2,84.85,19,0,PROMOTED,,2022/2023,2,PROMOTED,2023-06-15T00:00:00
357,77,2023,1,73.1,20,0,PROMOTED,,2023/2024,3,PROMOTED,2024-01-15T00:00:00
358,77,2023,2,74.99,17,0,PROMOTED,,2023/2024,3,PROMOTED,2024-06-15T00:00:00
359,78,2021,1,70.74,18,0,PROMOTED,,2021/2022,1,PROMOTED,2022-01-15T00:00:00
360,78,2021,2,56.35,15,2,CARRY_OVER,,2021/2022,1,CARRY_OVER,2022-06-15T00:00:00
361,78,2022,1,69.6,17,0,PROMOTED,,2022/2023,2,PROMOTED,2023-01-15T00:00:00
362,78,2022,2,72.75,20,0,PROMOTED,,2022/2023,2,PROMOTED,2023-06-15T00:00:00
363,79,2021,1,66.67,15,0,PROMOTED,,2021/2022,1,PROMOTED,2022-01-15T00:00:00
364,79,2021,2,53.23,19,2,CARRY_OVER,,2021/2022,1,CARRY_OVER,2022-06-15T00:00:00
365,79,2022,1,58.38,17,1,CARRY_OVER,,2022/2023,2,CARRY_OVER,2023-01-15T00:00:00
366,79,2022,2,71.53,18,0,PROMOTED,,2022/2023,2,PROMOTED,2023-06-15T00:00:00
367,80,2021,1,83.19,19,0,PROMOTED,,2021/2022,1,PROMOTED,2022-01-15T00:00:00
368,80,2021,2,92.19,19,0,PROMOTED,,2021/2022,1,PROMOTED,2022-06-15T00:00:00
369,81,2021,1,69.79,16,0,PROMOTED,,2021/2022,1,PROMOTED,2022-01-15T00:00:00
370,81,2021,2,63.4,18,1,CARRY_OVER,,2021/2022,1,CARRY_OVER,2022-06-15T00:00:00
371,82,2021,1,67.53,16,0,PROMOTED,,2021/2022,1,PROMOTED,2022-01-15T00:00:00
372,82,2021,2,59.44,15,2,CARRY_OVER,,2021/2022,1,CARRY_OVER,2022-06-15T00:00:00
373,83,2021,1,81.45,15,0,PROMOTED,,2021/2022,1,PROMOTED,2022-01-15T00:00:00
374,83,2021,2,97.65,18,0,PROMOTED,,2021/2022,1,PROMOTED,2022-06-15T00:00:00
375,83,2022,1,63.69,20,0,PROMOTED,,2022/2023,2,PROMOTED,2023-01-15T00:00:00
376,83,2022,2,57.7,16,1,CARRY_OVER,,2022/2023,2,CARRY_OVER,2023-06-15T00:00:00
377,84,2021,1,84.08,15,0,PROMOTED,,2021/2022,1,PROMOTED,2022-01-15T00:00:00
378,84,2021,2,75.82,20,0,PROMOTED,,2021/2022,1,PROMOTED,2022-06-15T00:00:00
379,85,2021,1,76.02,20,0,PROMOTED,,2021/2022,1,PROMOTED,2022-01-15T00:00:00
380,85,2021,2,91.06,19,0,PROMOTED,,2021/2022,1,PROMOTED,2022-06-15T00:00:00
381,85,2022,1,55.6,20,0,REPEATER,,2022/2023,2,REPEATER,2023-01-15T00:00:00
382,85,2022,2,55.27,17,2,CARRY_OVER,,2022/2023,2,CARRY_OVER,2023-06-15T00:00:00
383,85,2023,1,70.06,18,0,PROMOTED,,2023/2024,3,PROMOTED,2024-01-15T00:00:00
384,85,2023,2,72.76,16,0,PROMOTED,,2023/2024,3,PROMOTED,2024-06-15T00:00:00
385,85,2024,1,67.74,20,0,PROMOTED,,2024/2025,4,PROMOTED,2025-01-15T00:00:00
386,85,2024,2,100.0,16,0,PROMOTED,,2024/2025,4,PROMOTED,2025-06-15T00:00:00
387,86,2021,1,68.28,18,0,PROMOTED,,2021/2022,1,PROMOTED,2022-01-15T00:00:00
388,86,2021,2,65.39,16,0,PROMOTED,,2021/2022,1,PROMOTED,2022-06-15T00:00:00
389,86,2022,1,73.49,17,0,PROMOTED,,2022/2023,2,PROMOTED,2023-01-15T00:00:00
390,86,2022,2,83.65,18,0,PROMOTED,,2022/2023,2,PROMOTED,2023-06-15T00:00:00
391,86,2023,1,63.29,15,1,CARRY_OVER,,2023/2024,3,CARRY_OVER,2024-01-15T00:00:00
392,86,2023,2,70.24,18,0,PROMOTED,,2023/2024,3,PROMOTED,2024-06-15T00:00:00
393,86,2024,1,83.99,19,0,PROMOTED,,2024/2025,4,PROMOTED,2025-01-15T00:00:00
394,86,2024,2,84.66,16,0,PROMOTED,,2024/2025,4,PROMOTED,2025-06-15T00:00:00
395,87,2021,1,74.61,20,0,PROMOTED,,2021/2022,1,PROMOTED,2022-01-15T00:00:00
396,87,2021,2,100.0,20,0,PROMOTED,,2021/2022,1,PROMOTED,2022-06-15T00:00:00
397,87,2022,1,95.77,20,0,PROMOTED,,2022/2023,2,PROMOTED,2023-01-15T00:00:00
398,87,2022,2,55.13,19,0,REPEATER,,2022/2023,2,REPEATER,2023-06-15T00:00:00
399,87,2023,1,51.7,15,0,REPEATER,,2023/2024,3,REPEATER,2024-01-15T00:00:00
400,87,2023,2,81.55,18,0,PROMOTED,,2023/2024,3,PROMOTED,2024-06-15T00:00:00
401,87,2024,1,88.38,19,0,PROMOTED,,2024/2025,4,PROMOTED,2025-01-15T00:00:00
402,87,2024,2,69.3,18,0,PROMOTED,,2024/2025,4,PROMOTED,2025-06-15T00:00:00
403,87,2025,1,65.97,19,0,PROMOTED,,2025/2026,5,PROMOTED,2026-01-15T00:00:00
404,87,2025,2,62.16,19,2,CARRY_OVER,,2025/2026,5,CARRY_OVER,2026-06-15T00:00:00
405,87,2026,1,57.98,19,2,CARRY_OVER,,2026/2027,6,CARRY_OVER,2027-01-15T00:00:00
406,87,2026,2,85.64,17,0,PROMOTED,,2026/2027,6,PROMOTED,2027-06-15T00:00:00
407,88,2021,1,67.42,15,0,PROMOTED,,2021/2022,1,PROMOTED,2022-01-15T00:00:00
408,88,2021,2,75.62,20,0,PROMOTED,,2021/2022,1,PROMOTED,2022-06-15T00:00:00
409,88,2022,1,50.09,17,1,CARRY_OVER,,2022/2023,2,CARRY_OVER,2023-01-15T00:00:00
410,88,2022,2,84.03,17,0,PROMOTED,,2022/2023,2,PROMOTED,2023-06-15T00:00:00
411,88,2023,1,79.05,19,0,PROMOTED,,2023/2024,3,PROMOTED,2024-01-15T00:00:00
412,88,2023,2,55.86,16,2,CARRY_OVER,,2023/2024,3,CARRY_OVER,2024-06-15T00:00:00
413,89,2021,1,75.11,18,0,PROMOTED,,2021/2022,1,PROMOTED,2022-01-15T00:00:00
414,89,2021,2,72.06,18,0,PROMOTED,,2021/2022,1,PROMOTED,2022-06-15T00:00:00
415,89,2022,1,66.6,15,0,PROMOTED,,2022/2023,2,PROMOTED,2023-01-15T00:00:00
416,89,2022,2,37.16,18,1,CARRY_OVER,,2022/2023,2,CARRY_OVER,2023-06-15T00:00:00
417,89,2023,1,64.08,17,1,CARRY_OVER,,2023/2024,3,CARRY_OVER,2024-01-15T00:00:00
418,89,2023,2,75.63,19,0,PROMOTED,,2023/2024,3,PROMOTED,2024-06-15T00:00:00
419,90,2021,1,65.42,15,0,PROMOTED,,2021/2022,1,PROMOTED,2022-01-15T00:00:00
420,90,2021,2,69.34,18,0,PROMOTED,,2021/2022,1,PROMOTED,2022-06-15T00:00:00
421,90,2022,1,89.96,18,0,PROMOTED,,2022/2023,2,PROMOTED,2023-01-15T00:00:00
422,90,2022,2,71.07,19,0,PROMOTED,,2022/2023,2,PROMOTED,2023-06-15T00:00:00
423,90,2023,1,46.84,20,2,CARRY_OVER,,2023/2024,3,CARRY_OVER,2024-01-15T00:00:00
424,90,2023,2,69.78,18,0,PROMOTED,,2023/2024,3,PROMOTED,2024-06-15T00:00:00
425,90,2024,1,73.19,18,0,PROMOTED,,2024/2025,4,PROMOTED,2025-01-15T00:00:00
426,90,2024,2,62.1,15,1,CARRY_OVER,,2024/2025,4,CARRY_OVER,2025-06-15T00:00:00
427,90,2025,1,80.82,19,0,PROMOTED,,2025/2026,5,PROMOTED,2026-01-15T00:00:00
428,90,2025,2,54.45,18,1,CARRY_OVER,,2025/2026,5,CARRY_OVER,2026-06-15T00:00:00
429,91,2021,1,70.35,15,0,PROMOTED,,2021/2022,1,PROMOTED,2022-01-15T00:00:00
430,91,2021,2,54.31,18,0,REPEATER,,2021/2022,1,REPEATER,2022-06-15T00:00:00
431,93,2021,1,68.45,17,0,PROMOTED,,2021/2022,1,PROMOTED,2022-01-15T00:00:00
432,93,2021,2,80.5,17,0,PROMOTED,,2021/2022,1,PROMOTED,2022-06-15T00:00:00
433,93,2022,1,70.06,18,0,PROMOTED,,2022/2023,2,PROMOTED,2023-01-15T00:00:00
434,93,2022,2,69.36,15,0,PROMOTED,,2022/2023,2,PROMOTED,2023-06-15T00:00:00
435,93,2023,1,72.33,17,0,PROMOTED,,2023/2024,3,PROMOTED,2024-01-15T00:00:00
436,93,2023,2,72.93,20,0,PROMOTED,,2023/2024,3,PROMOTED,2024-06-15T00:00:00
437,93,2024,1,80.33,19,0,PROMOTED,,2024/2025,4,PROMOTED,2025-01-15T00:00:00
438,93,2024,2,80.4,17,0,PROMOTED,,2024/2025,4,PROMOTED,2025-06-15T00:00:00
439,94,2021,1,89.06,18,0,PROMOTED,,2021/2022,1,PROMOTED,2022-01-15T00:00:00
440,94,2021,2,74.01,16,0,PROMOTED,,2021/2022,1,PROMOTED,2022-06-15T00:00:00
441,94,2022,1,52.07,16,1,CARRY_OVER,,2022/2023,2,CARRY_OVER,2023-01-15T00:00:00
442,94,2022,2,82.3,15,0,PROMOTED,,2022/2023,2,PROMOTED,2023-06-15T00:00:00
443,94,2023,1,88.2,19,0,PROMOTED,,2023/2024,3,PROMOTED,2024-01-15T00:00:00
444,94,2023,2,100.0,15,0,PROMOTED,,2023/2024,3,PROMOTED,2024-06-15T00:00:00
445,94,2024,1,89.42,20,0,PROMOTED,,2024/2025,4,PROMOTED,2025-01-15T00:00:00
446,94,2024,2,66.12,20,0,PROMOTED,,2024/2025,4,PROMOTED,2025-06-15T00:00:00
447,95,2021,1,74.25,18,0,PROMOTED,,2021/2022,1,PROMOTED,2022-01-15T00:00:00
448,95,2021,2,68.75,16,0,PROMOTED,,2021/2022,1,PROMOTED,2022-06-15T00:00:00
449,98,2021,1,67.12,19,0,PROMOTED,,2021/2022,1,PROMOTED,2022-01-15T00:00:00
450,98,2021,2,70.64,16,0,PROMOTED,,2021/2022,1,PROMOTED,2022-06-15T00:00:00
451,98,2022,1,87.43,15,0,PROMOTED,,2022/2023,2,PROMOTED,2023-01-15T00:00:00
452,98,2022,2,52.93,15,2,CARRY_OVER,,2022/2023,2,CARRY_OVER,2023-06-15T00:00:00
453,100,2021,1,59.97,17,0,REPEATER,,2021/2022,1,REPEATER,2022-01-15T00:00:00
454,100,2021,2,86.63,19,0,PROMOTED,,2021/2022,1,PROMOTED,2022-06-15T00:00:00
455,100,2022,1,89.44,17,0,PROMOTED,,2022/2023,2,PROMOTED,2023-01-15T00:00:00
456,100,2022,2,64.09,17,1,CARRY_OVER,,2022/2023,2,CARRY_OVER,2023-06-15T00:00:00
457,100,2023,1,91.81,16,0,PROMOTED,,2023/2024,3,PROMOTED,2024-01-15T00:00:00
458,100,2023,2,83.71,16,0,PROMOTED,,2023/2024,3,PROMOTED,2024-06-15T00:00:00
459,100,2024,1,68.79,18,0,PROMOTED,,2024/2025,4,PROMOTED,2025-01-15T00:00:00
460,100,2024,2,42.78,18,2,CARRY_OVER,,2024/2025,4,CARRY_OVER,2025-06-15T00:00:00
461,100,2025,1,51.98,16,1,CARRY_OVER,,2025/2026,5,CARRY_OVER,2026-01-15T00:00:00
462,100,2025,2,64.1,20,0,PROMOTED,,2025/2026,5,PROMOTED,2026-06-15T00:00:00
463,100,2026,1,81.12,16,0,PROMOTED,,2026/2027,6,PROMOTED,2027-01-15T00:00:00
464,100,2026,2,81.16,15,0,PROMOTED,,2026/2027,6,PROMOTED,2027-06-15T00:00:00
465,101,2021,1,66.4,18,0,PROMOTED,,2021/2022,1,PROMOTED,2022-01-15T00:00:00
466,101,2021,2,69.22,18,0,PROMOTED,,2021/2022,1,PROMOTED,2022-06-15T00:00:00
467,103,2021,1,71.61,20,0,PROMOTED,,2021/2022,1,PROMOTED,2022-01-15T00:00:00
468,103,2021,2,69.38,19,0,PROMOTED,,2021/2022,1,PROMOTED,2022-06-15T00:00:00
469,103,2022,1,73.96,18,0,PROMOTED,,2022/2023,2,PROMOTED,2023-01-15T00:00:00
470,103,2022,2,71.64,15,0,PROMOTED,,2022/2023,2,PROMOTED,2023-06-15T00:00:00
471,103,2023,1,51.91,16,2,CARRY_OVER,,2023/2024,3,CARRY_OVER,2024-01-15T00:00:00
472,103,2023,2,69.51,18,0,PROMOTED,,2023/2024,3,PROMOTED,2024-06-15T00:00:00
473,103,2024,1,71.73,15,0,PROMOTED,,2024/2025,4,PROMOTED,2025-01-15T00:00:00
474,103,2024,2,83.88,17,0,PROMOTED,,2024/2025,4,PROMOTED,2025-06-15T00:00:00
475,104,2021,1,62.02,19,1,CARRY_OVER,,2021/2022,1,CARRY_OVER,2022-01-15T00:00:00
476,104,2021,2,74.45,18,0,PROMOTED,,2021/2022,1,PROMOTED,2022-06-15T00:00:00
477,104,2022,1,78.75,20,0,PROMOTED,,2022/2023,2,PROMOTED,2023-01-15T00:00:00
478,104,2022,2,70.22,16,0,PROMOTED,,2022/2023,2,PROMOTED,2023-06-15T00:00:00
479,105,2021,1,50.94,15,0,REPEATER,,2021/2022,1,REPEATER,2022-01-15T00:00:00
480,105,2021,2,84.12,16,0,PROMOTED,,2021/2022,1,PROMOTED,2022-06-15T00:00:00
481,105,2022,1,80.97,17,0,PROMOTED,,2022/2023,2,PROMOTED,2023-01-15T00:00:00
482,105,2022,2,74.75,20,0,PROMOTED,,2022/2023,2,PROMOTED,2023-06-15T00:00:00
483,105,2023,1,72.48,15,0,PROMOTED,,2023/2024,3,PROMOTED,2024-01-15T00:00:00
484,105,2023,2,50.62,17,0,REPEATER,,2023/2024,3,REPEATER,2024-06-15T00:00:00
485,105,2024,1,81.3,17,0,PROMOTED,,2024/2025,4,PROMOTED,2025-01-15T00:00:00
486,105,2024,2,89.84,17,0,PROMOTED,,2024/2025,4,PROMOTED,2025-06-15T00:00:00
487,106,2021,1,58.64,15,1,CARRY_OVER,,2021/2022,1,CARRY_OVER,2022-01-15T00:00:00
488,106,2021,2,88.14,20,0,PROMOTED,,2021/2022,1,PROMOTED,2022-06-15T00:00:00
489,106,2022,1,85.58,15,0,PROMOTED,,2022/2023,2,PROMOTED,2023-01-15T00:00:00
490,106,2022,2,58.28,17,1,CARRY_OVER,,2022/2023,2,CARRY_OVER,2023-06-15T00:00:00
491,106,2023,1,67.27,19,0,PROMOTED,,2023/2024,3,PROMOTED,2024-01-15T00:00:00
492,106,2023,2,55.25,19,0,REPEATER,,2023/2024,3,REPEATER,2024-06-15T00:00:00
493,106,2024,1,71.22,20,0,PROMOTED,,2024/2025,4,PROMOTED,2025-01-15T00:00:00
494,106,2024,2,77.38,20,0,PROMOTED,,2024/2025,4,PROMOTED,2025-06-15T00:00:00
495,106,2025,1,56.15,20,0,REPEATER,,2025/2026,5,REPEATER,2026-01-15T00:00:00
496,106,2025,2,76.63,19,0,PROMOTED,,2025/2026,5,PROMOTED,2026-06-15T00:00:00
497,107,2021,1,79.67,19,0,PROMOTED,,2021/2022,1,PROMOTED,2022-01-15T00:00:00
498,107,2021,2,79.84,19,0,PROMOTED,,2021/2022,1,PROMOTED,2022-06-15T00:00:00
499,107,2022,1,77.45,16,0,PROMOTED,,2022/2023,2,PROMOTED,2023-01-15T00:00:00
500,107,2022,2,57.26,18,2,CARRY_OVER,,2022/2023,2,CARRY_OVER,2023-06-15T00:00:00
501,107,2023,1,70.54,18,0,PROMOTED,,2023/2024,3,PROMOTED,2024-01-15T00:00:00
502,107,2023,2,76.23,20,0,PROMOTED,,2023/2024,3,PROMOTED,2024-06-15T00:00:00
503,107,2024,1,89.53,18,0,PROMOTED,,2024/2025,4,PROMOTED,2025-01-15T00:00:00
504,107,2024,2,72.03,16,0,PROMOTED,,2024/2025,4,PROMOTED,2025-06-15T00:00:00
505,108,2021,1,77.11,19,0,PROMOTED,,2021/2022,1,PROMOTED,2022-01-15T00:00:00
506,108,2021,2,60.82,18,2,CARRY_OVER,,2021/2022,1,CARRY_OVER,2022-06-15T00:00:00
507,109,2021,1,58.14,17,0,REPEATER,,2021/2022,1,REPEATER,2022-01-15T00:00:00
508,109,2021,2,56.6,15,1,CARRY_OVER,,2021/2022,1,CARRY_OVER,2022-06-15T00:00:00
509,109,2022,1,66.96,18,0,PROMOTED,,2022/2023,2,PROMOTED,2023-01-15T00:00:00
510,109,2022,2,96.74,16,0,PROMOTED,,2022/2023,2,PROMOTED,2023-06-15T00:00:00
511,110,2021,1,67.18,15,0,PROMOTED,,2021/2022,1,PROMOTED,2022-01-15T00:00:00
512,110,2021,2,76.38,16,0,PROMOTED,,2021/2022,1,PROMOTED,2022-06-15T00:00:00
513,110,2022,1,78.69,17,0,PROMOTED,,2022/2023,2,PROMOTED,2023-01-15T00:00:00
514,110,2022,2,58.9,19,0,REPEATER,,2022/2023,2,REPEATER,2023-06-15T00:00:00
515,110,2023,1,66.78,16,0,PROMOTED,,2023/2024,3,PROMOTED,2024-01-15T00:00:00
516,110,2023,2,79.49,20,0,PROMOTED,,2023/2024,3,PROMOTED,2024-06-15T00:00:00
517,110,2024,1,77.14,15,0,PROMOTED,,2024/2025,4,PROMOTED,2025-01-15T00:00:00
518,110,2024,2,48.07,15,0,REPEATER,,2024/2025,4,REPEATER,2025-06-15T00:00:00
519,111,2021,1,79.13,19,0,PROMOTED,,2021/2022,1,PROMOTED,2022-01-15T00:00:00
520,111,2021,2,65.39,15,0,PROMOTED,,2021/2022,1,PROMOTED,2022-06-15T00:00:00
521,111,2022,1,65.7,17,0,PROMOTED,,2022/2023,2,PROMOTED,2023-01-15T00:00:00
522,111,2022,2,76.86,16,0,PROMOTED,,2022/2023,2,PROMOTED,2023-06-15T00:00:00
523,111,2023,1,90.28,17,0,PROMOTED,,2023/2024,3,PROMOTED,2024-01-15T00:00:00
524,111,2023,2,69.59,16,0,PROMOTED,,2023/2024,3,PROMOTED,2024-06-15T00:00:00
525,111,2024,1,86.15,19,0,PROMOTED,,2024/2025,4,PROMOTED,2025-01-15T00:00:00
526,111,2024,2,54.71,19,1,CARRY_OVER,,2024/2025,4,CARRY_OVER,2025-06-15T00:00:00
527,112,2021,1,73.57,16,0,PROMOTED,,2021/2022,1,PROMOTED,2022-01-15T00:00:00
528,112,2021,2,65.51,15,0,PROMOTED,,2021/2022,1,PROMOTED,2022-06-15T00:00:00
529,112,2022,1,75.38,18,0,PROMOTED,,2022/2023,2,PROMOTED,2023-01-15T00:00:00
530,112,2022,2,68.44,20,0,PROMOTED,,2022/2023,2,PROMOTED,2023-06-15T00:00:00
531,112,2023,1,55.91,17,2,CARRY_OVER,,2023/2024,3,CARRY_OVER,2024-01-15T00:00:00
532,112,2023,2,61.35,18,0,PROMOTED,,2023/2024,3,PROMOTED,2024-06-15T00:00:00
533,113,2021,1,52.28,19,2,CARRY_OVER,,2021/2022,1,CARRY_OVER,2022-01-15T00:00:00
534,113,2021,2,56.32,18,2,CARRY_OVER,,2021/2022,1,CARRY_OVER,2022-06-15T00:00:00
535,113,2022,1,77.76,17,0,PROMOTED,,2022/2023,2,PROMOTED,2023-01-15T00:00:00
536,113,2022,2,68.99,17,0,PROMOTED,,2022/2023,2,PROMOTED,2023-06-15T00:00:00
537,113,2023,1,74.77,18,0,PROMOTED,,2023/2024,3,PROMOTED,2024-01-15T00:00:00
538,113,2023,2,93.79,18,0,PROMOTED,,2023/2024,3,PROMOTED,2024-06-15T00:00:00
539,113,2024,1,68.45,16,0,PROMOTED,,2024/2025,4,PROMOTED,2025-01-15T00:00:00
540,113,2024,2,79.61,19,0,PROMOTED,,2024/2025,4,PROMOTED,2025-06-15T00:00:00
541,114,2021,1,72.34,19,0,PROMOTED,,2021/2022,1,PROMOTED,2022-01-15T00:00:00
542,114,2021,2,100.0,18,0,PROMOTED,,2021/2022,1,PROMOTED,2022-06-15T00:00:00
543,114,2022,1,35.79,16,2,CARRY_OVER,,2022/2023,2,CARRY_OVER,2023-01-15T00:00:00
544,114,2022,2,63.39,15,1,CARRY_OVER,,2022/2023,2,CARRY_OVER,2023-06-15T00:00:00
545,115,2021,1,79.85,19,0,PROMOTED,,2021/2022,1,PROMOTED,2022-01-15T00:00:00
546,115,2021,2,62.97,18,2,CARRY_OVER,,2021/2022,1,CARRY_OVER,2022-06-15T00:00:00
547,115,2022,1,78.79,16,0,PROMOTED,,2022/2023,2,PROMOTED,2023-01-15T00:00:00
548,115,2022,2,71.28,16,0,PROMOTED,,2022/2023,2,PROMOTED,2023-06-15T00:00:00
549,115,2023,1,82.38,17,0,PROMOTED,,2023/2024,3,PROMOTED,2024-01-15T00:00:00
550,115,2023,2,58.41,18,0,REPEATER,,2023/2024,3,REPEATER,2024-06-15T00:00:00
551,115,2024,1,74.07,17,0,PROMOTED,,2024/2025,4,PROMOTED,2025-01-15T00:00:00
552,115,2024,2,77.59,20,0,PROMOTED,,2024/2025,4,PROMOTED,2025-06-15T00:00:00
553,115,2025,1,73.58,18,0,PROMOTED,,2025/2026,5,PROMOTED,2026-01-15T00:00:00
554,115,2025,2,73.79,15,0,PROMOTED,,2025/2026,5,PROMOTED,2026-06-15T00:00:00
555,116,2021,1,86.43,15,0,PROMOTED,,2021/2022,1,PROMOTED,2022-01-15T00:00:00
556,116,2021,2,51.84,16,0,REPEATER,,2021/2022,1,REPEATER,2022-06-15T00:00:00
557,116,2022,1,73.5,16,0,PROMOTED,,2022/2023,2,PROMOTED,2023-01-15T00:00:00
558,116,2022,2,57.49,16,0,REPEATER,,2022/2023,2,REPEATER,2023-06-15T00:00:00
559,116,2023,1,81.09,16,0,PROMOTED,,2023/2024,3,PROMOTED,2024-01-15T00:00:00
560,116,2023,2,61.94,15,1,CARRY_OVER,,2023/2024,3,CARRY_OVER,2024-06-15T00:00:00
561,116,2024,1,42.33,18,1,CARRY_OVER,,2024/2025,4,CARRY_OVER,2025-01-15T00:00:00
562,116,2024,2,81.38,20,0,PROMOTED,,2024/2025,4,PROMOTED,2025-06-15T00:00:00
563,117,2021,1,68.78,18,0,PROMOTED,,2021/2022,1,PROMOTED,2022-01-15T00:00:00
564,117,2021,2,76.28,18,0,PROMOTED,,2021/2022,1,PROMOTED,2022-06-15T00:00:00
565,118,2021,1,89.12,15,0,PROMOTED,,2021/2022,1,PROMOTED,2022-01-15T00:00:00
566,118,2021,2,76.46,16,0,PROMOTED,,2021/2022,1,PROMOTED,2022-06-15T00:00:00
567,119,2021,1,74.03,17,0,PROMOTED,,2021/2022,1,PROMOTED,2022-01-15T00:00:00
568,119,2021,2,71.43,15,0,PROMOTED,,2021/2022,1,PROMOTED,2022-06-15T00:00:00
569,119,2022,1,58.23,17,2,CARRY_OVER,,2022/2023,2,CARRY_OVER,2023-01-15T00:00:00
570,119,2022,2,69.42,19,0,PROMOTED,,2022/2023,2,PROMOTED,2023-06-15T00:00:00
571,119,2023,1,95.69,19,0,PROMOTED,,2023/2024,3,PROMOTED,2024-01-15T00:00:00
572,119,2023,2,67.5,20,0,PROMOTED,,2023/2024,3,PROMOTED,2024-06-15T00:00:00
573,119,2024,1,70.13,15,0,PROMOTED,,2024/2025,4,PROMOTED,2025-01-15T00:00:00
574,119,2024,2,87.09,17,0,PROMOTED,,2024/2025,4,PROMOTED,2025-06-15T00:00:00
575,119,2025,1,53.5,19,0,REPEATER,,2025/2026,5,REPEATER,2026-01-15T00:00:00
576,119,2025,2,79.44,20,0,PROMOTED,,2025/2026,5,PROMOTED,2026-06-15T00:00:00
577,119,2026,1,52.93,19,0,REPEATER,,2026/2027,6,REPEATER,2027-01-15T00:00:00
578,119,2026,2,76.79,15,0,PROMOTED,,2026/2027,6,PROMOTED,2027-06-15T00:00:00
579,120,2021,1,71.73,17,0,PROMOTED,,2021/2022,1,PROMOTED,2022-01-15T00:00:00
580,120,2021,2,79.35,15,0,PROMOTED,,2021/2022,1,PROMOTED,2022-06-15T00:00:00
581,120,2022,1,59.85,18,1,CARRY_OVER,,2022/2023,2,CARRY_OVER,2023-01-15T00:00:00
582,120,2022,2,65.58,18,0,PROMOTED,,2022/2023,2,PROMOTED,2023-06-15T00:00:00
583,120,2023,1,79.97,15,0,PROMOTED,,2023/2024,3,PROMOTED,2024-01-15T00:00:00
584,120,2023,2,65.88,20,0,PROMOTED,,2023/2024,3,PROMOTED,2024-06-15T00:00:00
585,120,2024,1,81.07,19,0,PROMOTED,,2024/2025,4,PROMOTED,2025-01-15T00:00:00
586,120,2024,2,74.51,15,0,PROMOTED,,2024/2025,4,PROMOTED,2025-06-15T00:00:00
587,125,2021,1,66.65,16,0,PROMOTED,,2021/2022,1,PROMOTED,2022-01-15T00:00:00
588,125,2021,2,68.22,16,0,PROMOTED,,2021/2022,1,PROMOTED,2022-06-15T00:00:00
589,125,2022,1,72.04,19,0,PROMOTED,,2022/2023,2,PROMOTED,2023-01-15T00:00:00
590,125,2022,2,69.36,16,0,PROMOTED,,2022/2023,2,PROMOTED,2023-06-15T00:00:00
591,125,2023,1,80.76,18,0,PROMOTED,,2023/2024,3,PROMOTED,2024-01-15T00:00:00
592,125,2023,2,67.54,19,0,PROMOTED,,2023/2024,3,PROMOTED,2024-06-15T00:00:00
593,125,2024,1,65.12,19,0,PROMOTED,,2024/2025,4,PROMOTED,2025-01-15T00:00:00
594,125,2024,2,82.92,17,0,PROMOTED,,2024/2025,4,PROMOTED,2025-06-15T00:00:00
595,126,2021,1,66.93,17,0,PROMOTED,,2021/2022,1,PROMOTED,2022-01-15T00:00:00
596,126,2021,2,65.52,18,0,PROMOTED,,2021/2022,1,PROMOTED,2022-06-15T00:00:00
597,126,2022,1,42.17,19,2,CARRY_OVER,,2022/2023,2,CARRY_OVER,2023-01-15T00:00:00
598,126,2022,2,59.53,19,0,REPEATER,,2022/2023,2,REPEATER,2023-06-15T00:00:00
599,126,2023,1,61.94,18,2,CARRY_OVER,,2023/2024,3,CARRY_OVER,2024-01-15T00:00:00
600,126,2023,2,65.52,16,0,PROMOTED,,2023/2024,3,PROMOTED,2024-06-15T00:00:00
601,126,2024,1,63.33,15,1,CARRY_OVER,,2024/2025,4,CARRY_OVER,2025-01-15T00:00:00
602,126,2024,2,83.8,17,0,PROMOTED,,2024/2025,4,PROMOTED,2025-06-15T00:00:00
603,126,2025,1,62.7,18,0,PROMOTED,,2025/2026,5,PROMOTED,2026-01-15T00:00:00
604,126,2025,2,63.59,19,1,CARRY_OVER,,2025/2026,5,CARRY_OVER,2026-06-15T00:00:00
605,127,2021,1,73.87,17,0,PROMOTED,,2021/2022,1,PROMOTED,2022-01-15T00:00:00
606,127,2021,2,58.78,17,2,CARRY_OVER,,2021/2022,1,CARRY_OVER,2022-06-15T00:00:00
607,127,2022,1,90.77,17,0,PROMOTED,,2022/2023,2,PROMOTED,2023-01-15T00:00:00
608,127,2022,2,81.63,17,0,PROMOTED,,2022/2023,2,PROMOTED,2023-06-15T00:00:00
609,127,2023,1,57.98,15,0,REPEATER,,2023/2024,3,REPEATER,2024-01-15T00:00:00
610,127,2023,2,84.16,16,0,PROMOTED,,2023/2024,3,PROMOTED,2024-06-15T00:00:00
611,127,2024,1,86.66,16,0,PROMOTED,,2024/2025,4,PROMOTED,2025-01-15T00:00:00
612,127,2024,2,58.29,20,1,CARRY_OVER,,2024/2025,4,CARRY_OVER,2025-06-15T00:00:00
613,128,2021,1,58.02,16,2,CARRY_OVER,,2021/2022,1,CARRY_OVER,2022-01-15T00:00:00
614,128,2021,2,64.68,19,1,CARRY_OVER,,2021/2022,1,CARRY_OVER,2022-06-15T00:00:00
615,128,2022,1,55.02,18,2,CARRY_OVER,,2022/2023,2,CARRY_OVER,2023-01-15T00:00:00
616,128,2022,2,62.64,20,0,PROMOTED,,2022/2023,2,PROMOTED,2023-06-15T00:00:00
617,128,2023,1,67.2,15,0,PROMOTED,,2023/2024,3,PROMOTED,2024-01-15T00:00:00
618,128,2023,2,78.05,16,0,PROMOTED,,2023/2024,3,PROMOTED,2024-06-15T00:00:00
619,128,2024,1,72.97,18,0,PROMOTED,,2024/2025,4,PROMOTED,2025-01-15T00:00:00
620,128,2024,2,70.22,16,0,PROMOTED,,2024/2025,4,PROMOTED,2025-06-15T00:00:00
621,129,2021,1,66.2,18,0,PROMOTED,,2021/2022,1,PROMOTED,2022-01-15T00:00:00
622,129,2021,2,56.3,17,0,REPEATER,,2021/2022,1,REPEATER,2022-06-15T00:00:00
623,129,2022,1,79.1,17,0,PROMOTED,,2022/2023,2,PROMOTED,2023-01-15T00:00:00
624,129,2022,2,78.83,15,0,PROMOTED,,2022/2023,2,PROMOTED,2023-06-15T00:00:00
625,129,2023,1,64.6,15,0,PROMOTED,,2023/2024,3,PROMOTED,2024-01-15T00:00:00
626,129,2023,2,58.79,19,0,REPEATER,,2023/2024,3,REPEATER,2024-06-15T00:00:00
627,129,2024,1,90.67,15,0,PROMOTED,,2024/2025,4,PROMOTED,2025-01-15T00:00:00
628,129,2024,2,74.96,20,0,PROMOTED,,2024/2025,4,PROMOTED,2025-06-15T00:00:00
629,129,2025,1,76.76,16,0,PROMOTED,,2025/2026,5,PROMOTED,2026-01-15T00:00:00
630,129,2025,2,77.28,18,0,PROMOTED,,2025/2026,5,PROMOTED,2026-06-15T00:00:00
631,129,2026,1,57.57,18,2,CARRY_OVER,,2026/2027,6,CARRY_OVER,2027-01-15T00:00:00
632,129,2026,2,89.99,20,0,PROMOTED,,2026/2027,6,PROMOTED,2027-06-15T00:00:00
633,130,2021,1,67.16,19,0,PROMOTED,,2021/2022,1,PROMOTED,2022-01-15T00:00:00
634,130,2021,2,81.86,15,0,PROMOTED,,2021/2022,1,PROMOTED,2022-06-15T00:00:00
635,130,2022,1,89.5,17,0,PROMOTED,,2022/2023,2,PROMOTED,2023-01-15T00:00:00
636,130,2022,2,72.98,15,0,PROMOTED,,2022/2023,2,PROMOTED,2023-06-15T00:00:00
637,130,2023,1,57.82,16,2,CARRY_OVER,,2023/2024,3,CARRY_OVER,2024-01-15T00:00:00
638,130,2023,2,42.08,19,2,CARRY_OVER,,2023/2024,3,CARRY_OVER,2024-06-15T00:00:00
639,132,2021,1,71.54,18,0,PROMOTED,,2021/2022,1,PROMOTED,2022-01-15T00:00:00
640,132,2021,2,75.0,15,0,PROMOTED,,2021/2022,1,PROMOTED,2022-06-15T00:00:00
641,132,2022,1,65.03,18,0,PROMOTED,,2022/2023,2,PROMOTED,2023-01-15T00:00:00
642,132,2022,2,73.63,15,0,PROMOTED,,2022/2023,2,PROMOTED,2023-06-15T00:00:00
643,132,2023,1,77.16,15,0,PROMOTED,,2023/2024,3,PROMOTED,2024-01-15T00:00:00
644,132,2023,2,83.93,17,0,PROMOTED,,2023/2024,3,PROMOTED,2024-06-15T00:00:00
645,132,2024,1,69.26,18,0,PROMOTED,,2024/2025,4,PROMOTED,2025-01-15T00:00:00
646,132,2024,2,71.46,15,0,PROMOTED,,2024/2025,4,PROMOTED,2025-06-15T00:00:00
647,132,2025,1,69.86,19,0,PROMOTED,,2025/2026,5,PROMOTED,2026-01-15T00:00:00
648,132,2025,2,72.4,19,0,PROMOTED,,2025/2026,5,PROMOTED,2026-06-15T00:00:00
649,133,2021,1,65.84,20,0,PROMOTED,,2021/2022,1,PROMOTED,2022-01-15T00:00:00
650,133,2021,2,65.78,15,0,PROMOTED,,2021/2022,1,PROMOTED,2022-06-15T00:00:00
651,133,2022,1,66.54,15,0,PROMOTED,,2022/2023,2,PROMOTED,2023-01-15T00:00:00
652,133,2022,2,73.88,19,0,PROMOTED,,2022/2023,2,PROMOTED,2023-06-15T00:00:00
653,133,2023,1,61.83,16,2,CARRY_OVER,,2023/2024,3,CARRY_OVER,2024-01-15T00:00:00
654,133,2023,2,66.59,20,0,PROMOTED,,2023/2024,3,PROMOTED,2024-06-15T00:00:00
655,134,2021,1,93.7,17,0,PROMOTED,,2021/2022,1,PROMOTED,2022-01-15T00:00:00
656,134,2021,2,82.76,18,0,PROMOTED,,2021/2022,1,PROMOTED,2022-06-15T00:00:00
657,135,2021,1,60.52,20,2,CARRY_OVER,,2021/2022,1,CARRY_OVER,2022-01-15T00:00:00
658,135,2021,2,82.38,19,0,PROMOTED,,2021/2022,1,PROMOTED,2022-06-15T00:00:00
659,135,2022,1,79.53,16,0,PROMOTED,,2022/2023,2,PROMOTED,2023-01-15T00:00:00
660,135,2022,2,70.75,17,0,PROMOTED,,2022/2023,2,PROMOTED,2023-06-15T00:00:00
661,135,2023,1,63.5,18,2,CARRY_OVER,,2023/2024,3,CARRY_OVER,2024-01-15T00:00:00
662,135,2023,2,62.14,19,1,CARRY_OVER,,2023/2024,3,CARRY_OVER,2024-06-15T00:00:00
663,136,2021,1,74.69,19,0,PROMOTED,,2021/2022,1,PROMOTED,2022-01-15T00:00:00
664,136,2021,2,61.85,16,2,CARRY_OVER,,2021/2022,1,CARRY_OVER,2022-06-15T00:00:00
665,136,2022,1,85.17,17,0,PROMOTED,,2022/2023,2,PROMOTED,2023-01-15T00:00:00
666,136,2022,2,88.57,15,0,PROMOTED,,2022/2023,2,PROMOTED,2023-06-15T00:00:00
667,136,2023,1,71.49,15,0,PROMOTED,,2023/2024,3,PROMOTED,2024-01-15T00:00:00
668,136,2023,2,85.67,16,0,PROMOTED,,2023/2024,3,PROMOTED,2024-06-15T00:00:00
669,136,2024,1,67.06,17,0,PROMOTED,,2024/2025,4,PROMOTED,2025-01-15T00:00:00
670,136,2024,2,63.43,17,0,PROMOTED,,2024/2025,4,PROMOTED,2025-06-15T00:00:00
671,136,2025,1,85.2,15,0,PROMOTED,,2025/2026,5,PROMOTED,2026-01-15T00:00:00
672,136,2025,2,90.96,16,0,PROMOTED,,2025/2026,5,PROMOTED,2026-06-15T00:00:00
673,138,2021,1,95.56,15,0,PROMOTED,,2021/2022,1,PROMOTED,2022-01-15T00:00:00
674,138,2021,2,75.99,19,0,PROMOTED,,2021/2022,1,PROMOTED,2022-06-15T00:00:00
675,139,2021,1,82.35,15,0,PROMOTED,,2021/2022,1,PROMOTED,2022-01-15T00:00:00
676,139,2021,2,75.73,15,0,PROMOTED,,2021/2022,1,PROMOTED,2022-06-15T00:00:00
677,139,2022,1,88.84,19,0,PROMOTED,,2022/2023,2,PROMOTED,2023-01-15T00:00:00
678,139,2022,2,77.2,20,0,PROMOTED,,2022/2023,2,PROMOTED,2023-06-15T00:00:00
679,140,2021,1,81.66,15,0,PROMOTED,,2021/2022,1,PROMOTED,2022-01-15T00:00:00
680,140,2021,2,58.37,15,1,CARRY_OVER,,2021/2022,1,CARRY_OVER,2022-06-15T00:00:00
681,141,2021,1,69.23,17,0,PROMOTED,,2021/2022,1,PROMOTED,2022-01-15T00:00:00
682,141,2021,2,81.76,15,0,PROMOTED,,2021/2022,1,PROMOTED,2022-06-15T00:00:00
683,141,2022,1,80.69,20,0,PROMOTED,,2022/2023,2,PROMOTED,2023-01-15T00:00:00
684,141,2022,2,82.79,20,0,PROMOTED,,2022/2023,2,PROMOTED,2023-06-15T00:00:00
685,141,2023,1,73.45,16,0,PROMOTED,,2023/2024,3,PROMOTED,2024-01-15T00:00:00
686,141,2023,2,64.18,17,0,PROMOTED,,2023/2024,3,PROMOTED,2024-06-15T00:00:00
687,141,2024,1,71.29,20,0,PROMOTED,,2024/2025,4,PROMOTED,2025-01-15T00:00:00
688,141,2024,2,72.56,15,0,PROMOTED,,2024/2025,4,PROMOTED,2025-06-15T00:00:00
689,142,2021,1,74.9,18,0,PROMOTED,,2021/2022,1,PROMOTED,2022-01-15T00:00:00
690,142,2021,2,60.39,20,2,CARRY_OVER,,2021/2022,1,CARRY_OVER,2022-06-15T00:00:00
691,143,2021,1,68.81,15,0,PROMOTED,,2021/2022,1,PROMOTED,2022-01-15T00:00:00
692,143,2021,2,70.94,17,0,PROMOTED,,2021/2022,1,PROMOTED,2022-06-15T00:00:00
693,143,2022,1,45.09,18,1,CARRY_OVER,,2022/2023,2,CARRY_OVER,2023-01-15T00:00:00
694,143,2022,2,81.99,15,0,PROMOTED,,2022/2023,2,PROMOTED,2023-06-15T00:00:00
695,143,2023,1,73.97,19,0,PROMOTED,,2023/2024,3,PROMOTED,2024-01-15T00:00:00
696,143,2023,2,75.18,17,0,PROMOTED,,2023/2024,3,PROMOTED,2024-06-15T00:00:00
697,144,2021,1,65.81,18,0,PROMOTED,,2021/2022,1,PROMOTED,2022-01-15T00:00:00
698,144,2021,2,79.04,15,0,PROMOTED,,2021/2022,1,PROMOTED,2022-06-15T00:00:00
699,144,2022,1,62.02,20,2,CARRY_OVER,,2022/2023,2,CARRY_OVER,2023-01-15T00:00:00
700,144,2022,2,63.9,15,1,CARRY_OVER,,2022/2023,2,CARRY_OVER,2023-06-15T00:00:00
701,144,2023,1,79.54,18,0,PROMOTED,,2023/2024,3,PROMOTED,2024-01-15T00:00:00
702,144,2023,2,76.29,18,0,PROMOTED,,2023/2024,3,PROMOTED,2024-06-15T00:00:00
703,144,2024,1,56.67,17,0,REPEATER,,2024/2025,4,REPEATER,2025-01-15T00:00:00
704,144,2024,2,90.93,20,0,PROMOTED,,2024/2025,4,PROMOTED,2025-06-15T00:00:00
705,145,2021,1,62.9,18,2,CARRY_OVER,,2021/2022,1,CARRY_OVER,2022-01-15T00:00:00
706,145,2021,2,70.41,19,0,PROMOTED,,2021/2022,1,PROMOTED,2022-06-15T00:00:00
707,145,2022,1,92.96,16,0,PROMOTED,,2022/2023,2,PROMOTED,2023-01-15T00:00:00
708,145,2022,2,47.28,15,0,REPEATER,,2022/2023,2,REPEATER,2023-06-15T00:00:00
709,146,2021,1,51.52,15,0,REPEATER,,2021/2022,1,REPEATER,2022-01-15T00:00:00
710,146,2021,2,77.3,17,0,PROMOTED,,2021/2022,1,PROMOTED,2022-06-15T00:00:00
711,146,2022,1,42.26,18,1,CARRY_OVER,,2022/2023,2,CARRY_OVER,2023-01-15T00:00:00
712,146,2022,2,47.48,17,1,CARRY_OVER,,2022/2023,2,CARRY_OVER,2023-06-15T00:00:00
713,147,2021,1,86.1,18,0,PROMOTED,,2021/2022,1,PROMOTED,2022-01-15T00:00:00
714,147,2021,2,67.09,16,0,PROMOTED,,2021/2022,1,PROMOTED,2022-06-15T00:00:00
715,147,2022,1,98.35,16,0,PROMOTED,,2022/2023,2,PROMOTED,2023-01-15T00:00:00
716,147,2022,2,59.58,17,1,CARRY_OVER,,2022/2023,2,CARRY_OVER,2023-06-15T00:00:00
717,147,2023,1,68.18,20,0,PROMOTED,,2023/2024,3,PROMOTED,2024-01-15T00:00:00
718,147,2023,2,78.49,18,0,PROMOTED,,2023/2024,3,PROMOTED,2024-06-15T00:00:00
719,147,2024,1,77.66,19,0,PROMOTED,,2024/2025,4,PROMOTED,2025-01-15T00:00:00
720,147,2024,2,68.94,17,0,PROMOTED,,2024/2025,4,PROMOTED,2025-06-15T00:00:00
721,148,2021,1,64.22,18,0,PROMOTED,,2021/2022,1,PROMOTED,2022-01-15T00:00:00
722,148,2021,2,74.78,20,0,PROMOTED,,2021/2022,1,PROMOTED,2022-06-15T00:00:00
723,148,2022,1,88.52,17,0,PROMOTED,,2022/2023,2,PROMOTED,2023-01-15T00:00:00
724,148,2022,2,81.15,15,0,PROMOTED,,2022/2023,2,PROMOTED,2023-06-15T00:00:00
725,148,2023,1,64.41,16,0,PROMOTED,,2023/2024,3,PROMOTED,2024-01-15T00:00:00
726,148,2023,2,60.1,17,1,CARRY_OVER,,2023/2024,3,CARRY_OVER,2024-06-15T00:00:00
727,148,2024,1,63.69,19,1,CARRY_OVER,,2024/2025,4,CARRY_OVER,2025-01-15T00:00:00
728,148,2024,2,56.72,19,2,CARRY_OVER,,2024/2025,4,CARRY_OVER,2025-06-15T00:00:00
729,149,2021,1,73.77,19,0,PROMOTED,,2021/2022,1,PROMOTED,2022-01-15T00:00:00
730,149,2021,2,81.77,19,0,PROMOTED,,2021/2022,1,PROMOTED,2022-06-15T00:00:00
731,149,2022,1,71.14,18,0,PROMOTED,,2022/2023,2,PROMOTED,2023-01-15T00:00:00
732,149,2022,2,92.64,15,0,PROMOTED,,2022/2023,2,PROMOTED,2023-06-15T00:00:00
733,150,2021,1,93.3,19,0,PROMOTED,,2021/2022,1,PROMOTED,2022-01-15T00:00:00
734,150,2021,2,75.69,16,0,PROMOTED,,2021/2022,1,PROMOTED,2022-06-15T00:00:00
735,150,2022,1,80.42,16,0,PROMOTED,,2022/2023,2,PROMOTED,2023-01-15T00:00:00
736,150,2022,2,61.19,15,2,CARRY_OVER,,2022/2023,2,CARRY_OVER,2023-06-15T00:00:00
737,151,2021,1,67.67,20,0,PROMOTED,,2021/2022,1,PROMOTED,2022-01-15T00:00:00
738,151,2021,2,87.27,16,0,PROMOTED,,2021/2022,1,PROMOTED,2022-06-15T00:00:00
739,151,2022,1,65.05,18,0,PROMOTED,,2022/2023,2,PROMOTED,2023-01-15T00:00:00
740,151,2022,2,89.85,20,0,PROMOTED,,2022/2023,2,PROMOTED,2023-06-15T00:00:00
741,151,2023,1,85.35,19,0,PROMOTED,,2023/2024,3,PROMOTED,2024-01-15T00:00:00
742,151,2023,2,81.02,17,0,PROMOTED,,2023/2024,3,PROMOTED,2024-06-15T00:00:00
743,151,2024,1,57.93,16,0,REPEATER,,2024/2025,4,REPEATER,2025-01-15T00:00:00
744,151,2024,2,68.26,20,0,PROMOTED,,2024/2025,4,PROMOTED,2025-06-15T00:00:00
745,152,2021,1,79.73,18,0,PROMOTED,,2021/2022,1,PROMOTED,2022-01-15T00:00:00
746,152,2021,2,60.17,15,1,CARRY_OVER,,2021/2022,1,CARRY_OVER,2022-06-15T00:00:00
747,152,2022,1,69.72,15,0,PROMOTED,,2022/2023,2,PROMOTED,2023-01-15T00:00:00
748,152,2022,2,81.03,18,0,PROMOTED,,2022/2023,2,PROMOTED,2023-06-15T00:00:00
749,152,2023,1,65.18,15,0,PROMOTED,,2023/2024,3,PROMOTED,2024-01-15T00:00:00
750,152,2023,2,61.84,16,0,PROMOTED,,2023/2024,3,PROMOTED,2024-06-15T00:00:00
751,154,2021,1,50.39,18,1,CARRY_OVER,,2021/2022,1,CARRY_OVER,2022-01-15T00:00:00
752,154,2021,2,67.36,17,0,PROMOTED,,2021/2022,1,PROMOTED,2022-06-15T00:00:00
753,154,2022,1,81.28,16,0,PROMOTED,,2022/2023,2,PROMOTED,2023-01-15T00:00:00
754,154,2022,2,61.53,20,0,PROMOTED,,2022/2023,2,PROMOTED,2023-06-15T00:00:00
755,154,2023,1,72.21,20,0,PROMOTED,,2023/2024,3,PROMOTED,2024-01-15T00:00:00
756,154,2023,2,69.31,19,0,PROMOTED,,2023/2024,3,PROMOTED,2024-06-15T00:00:00
757,155,2021,1,64.0,17,0,PROMOTED,,2021/2022,1,PROMOTED,2022-01-15T00:00:00
758,155,2021,2,82.05,18,0,PROMOTED,,2021/2022,1,PROMOTED,2022-06-15T00:00:00
759,156,2021,1,91.71,18,0,PROMOTED,,2021/2022,1,PROMOTED,2022-01-15T00:00:00
760,156,2021,2,84.05,16,0,PROMOTED,,2021/2022,1,PROMOTED,2022-06-15T00:00:00
761,156,2022,1,63.65,20,0,PROMOTED,,2022/2023,2,PROMOTED,2023-01-15T00:00:00
762,156,2022,2,95.91,15,0,PROMOTED,,2022/2023,2,PROMOTED,2023-06-15T00:00:00
763,158,2021,1,84.02,15,0,PROMOTED,,2021/2022,1,PROMOTED,2022-01-15T00:00:00
764,158,2021,2,66.51,15,0,PROMOTED,,2021/2022,1,PROMOTED,2022-06-15T00:00:00
765,158,2022,1,62.7,19,2,CARRY_OVER,,2022/2023,2,CARRY_OVER,2023-01-15T00:00:00
766,158,2022,2,85.45,18,0,PROMOTED,,2022/2023,2,PROMOTED,2023-06-15T00:00:00
767,158,2023,1,74.09,20,0,PROMOTED,,2023/2024,3,PROMOTED,2024-01-15T00:00:00
768,158,2023,2,61.79,17,1,CARRY_OVER,,2023/2024,3,CARRY_OVER,2024-06-15T00:00:00
769,159,2021,1,70.22,18,0,PROMOTED,,2021/2022,1,PROMOTED,2022-01-15T00:00:00
770,159,2021,2,67.11,15,0,PROMOTED,,2021/2022,1,PROMOTED,2022-06-15T00:00:00
771,159,2022,1,62.11,17,0,PROMOTED,,2022/2023,2,PROMOTED,2023-01-15T00:00:00
772,159,2022,2,84.18,16,0,PROMOTED,,2022/2023,2,PROMOTED,2023-06-15T00:00:00
773,160,2021,1,81.38,18,0,PROMOTED,,2021/2022,1,PROMOTED,2022-01-15T00:00:00
774,160,2021,2,82.06,15,0,PROMOTED,,2021/2022,1,PROMOTED,2022-06-15T00:00:00
775,160,2022,1,81.9,18,0,PROMOTED,,2022/2023,2,PROMOTED,2023-01-15T00:00:00
776,160,2022,2,61.01,15,1,CARRY_OVER,,2022/2023,2,CARRY_OVER,2023-06-15T00:00:00
777,161,2021,1,64.76,17,0,PROMOTED,,2021/2022,1,PROMOTED,2022-01-15T00:00:00
778,161,2021,2,89.5,18,0,PROMOTED,,2021/2022,1,PROMOTED,2022-06-15T00:00:00
779,161,2022,1,73.3,17,0,PROMOTED,,2022/2023,2,PROMOTED,2023-01-15T00:00:00
780,161,2022,2,54.35,18,2,CARRY_OVER,,2022/2023,2,CARRY_OVER,2023-06-15T00:00:00
781,162,2021,1,74.6,18,0,PROMOTED,,2021/2022,1,PROMOTED,2022-01-15T00:00:00
782,162,2021,2,79.86,19,0,PROMOTED,,2021/2022,1,PROMOTED,2022-06-15T00:00:00
783,162,2022,1,78.29,17,0,PROMOTED,,2022/2023,2,PROMOTED,2023-01-15T00:00:00
784,162,2022,2,60.75,18,2,CARRY_OVER,,2022/2023,2,CARRY_OVER,2023-06-15T00:00:00
785,163,2021,1,94.64,20,0,PROMOTED,,2021/2022,1,PROMOTED,2022-01-15T00:00:00
786,163,2021,2,53.99,19,2,CARRY_OVER,,2021/2022,1,CARRY_OVER,2022-06-15T00:00:00
787,163,2022,1,73.33,19,0,PROMOTED,,2022/2023,2,PROMOTED,2023-01-15T00:00:00
788,163,2022,2,92.84,19,0,PROMOTED,,2022/2023,2,PROMOTED,2023-06-15T00:00:00
789,163,2023,1,79.1,17,0,PROMOTED,,2023/2024,3,PROMOTED,2024-01-15T00:00:00
790,163,2023,2,82.03,19,0,PROMOTED,,2023/2024,3,PROMOTED,2024-06-15T00:00:00
791,163,2024,1,59.36,19,1,CARRY_OVER,,2024/2025,4,CARRY_OVER,2025-01-15T00:00:00
792,163,2024,2,76.16,15,0,PROMOTED,,2024/2025,4,PROMOTED,2025-06-15T00:00:00
793,163,2025,1,71.56,18,0,PROMOTED,,2025/2026,5,PROMOTED,2026-01-15T00:00:00
794,163,2025,2,58.44,20,0,REPEATER,,2025/2026,5,REPEATER,2026-06-15T00:00:00
795,164,2021,1,82.38,16,0,PROMOTED,,2021/2022,1,PROMOTED,2022-01-15T00:00:00
796,164,2021,2,62.17,15,1,CARRY_OVER,,2021/2022,1,CARRY_OVER,2022-06-15T00:00:00
797,164,2022,1,63.59,15,0,PROMOTED,,2022/2023,2,PROMOTED,2023-01-15T00:00:00
798,164,2022,2,77.19,18,0,PROMOTED,,2022/2023,2,PROMOTED,2023-06-15T00:00:00
799,165,2021,1,70.28,18,0,PROMOTED,,2021/2022,1,PROMOTED,2022-01-15T00:00:00
800,165,2021,2,74.03,15,0,PROMOTED,,2021/2022,1,PROMOTED,2022-06-15T00:00:00
801,165,2022,1,69.55,15,0,PROMOTED,,2022/2023,2,PROMOTED,2023-01-15T00:00:00
802,165,2022,2,88.96,18,0,PROMOTED,,2022/2023,2,PROMOTED,2023-06-15T00:00:00
803,165,2023,1,60.9,16,1,CARRY_OVER,,2023/2024,3,CARRY_OVER,2024-01-15T00:00:00
804,165,2023,2,66.42,20,0,PROMOTED,,2023/2024,3,PROMOTED,2024-06-15T00:00:00
805,165,2024,1,77.77,18,0,PROMOTED,,2024/2025,4,PROMOTED,2025-01-15T00:00:00
806,165,2024,2,60.14,19,1,CARRY_OVER,,2024/2025,4,CARRY_OVER,2025-06-15T00:00:00
807,165,2025,1,59.61,19,1,CARRY_OVER,,2025/2026,5,CARRY_OVER,2026-01-15T00:00:00
808,165,2025,2,73.65,16,0,PROMOTED,,2025/2026,5,PROMOTED,2026-06-15T00:00:00
809,166,2021,1,82.41,16,0,PROMOTED,,2021/2022,1,PROMOTED,2022-01-15T00:00:00
810,166,2021,2,83.97,15,0,PROMOTED,,2021/2022,1,PROMOTED,2022-06-15T00:00:00
811,166,2022,1,73.1,18,0,PROMOTED,,2022/2023,2,PROMOTED,2023-01-15T00:00:00
812,166,2022,2,63.93,15,2,CARRY_OVER,,2022/2023,2,CARRY_OVER,2023-06-15T00:00:00
813,166,2023,1,75.31,15,0,PROMOTED,,2023/2024,3,PROMOTED,2024-01-15T00:00:00
814,166,2023,2,78.79,15,0,PROMOTED,,2023/2024,3,PROMOTED,2024-06-15T00:00:00
815,166,2024,1,75.14,18,0,PROMOTED,,2024/2025,4,PROMOTED,2025-01-15T00:00:00
816,166,2024,2,86.81,15,0,PROMOTED,,2024/2025,4,PROMOTED,2025-06-15T00:00:00
817,167,2021,1,59.83,20,2,CARRY_OVER,,2021/2022,1,CARRY_OVER,2022-01-15T00:00:00
818,167,2021,2,63.64,15,1,CARRY_OVER,,2021/2022,1,CARRY_OVER,2022-06-15T00:00:00
819,168,2021,1,85.14,15,0,PROMOTED,,2021/2022,1,PROMOTED,2022-01-15T00:00:00
820,168,2021,2,54.32,19,1,CARRY_OVER,,2021/2022,1,CARRY_OVER,2022-06-15T00:00:00
821,168,2022,1,65.53,15,0,PROMOTED,,2022/2023,2,PROMOTED,2023-01-15T00:00:00
822,168,2022,2,63.22,15,0,PROMOTED,,2022/2023,2,PROMOTED,2023-06-15T00:00:00
823,168,2023,1,53.23,17,1,CARRY_OVER,,2023/2024,3,CARRY_OVER,2024-01-15T00:00:00
824,168,2023,2,69.75,17,0,PROMOTED,,2023/2024,3,PROMOTED,2024-06-15T00:00:00
825,168,2024,1,80.96,15,0,PROMOTED,,2024/2025,4,PROMOTED,2025-01-15T00:00:00
826,168,2024,2,73.88,17,0,PROMOTED,,2024/2025,4,PROMOTED,2025-06-15T00:00:00
827,169,2021,1,81.6,17,0,PROMOTED,,2021/2022,1,PROMOTED,2022-01-15T00:00:00
828,169,2021,2,86.3,19,0,PROMOTED,,2021/2022,1,PROMOTED,2022-06-15T00:00:00
829,169,2022,1,67.37,18,0,PROMOTED,,2022/2023,2,PROMOTED,2023-01-15T00:00:00
830,169,2022,2,100.0,18,0,PROMOTED,,2022/2023,2,PROMOTED,2023-06-15T00:00:00
831,169,2023,1,67.86,17,0,PROMOTED,,2023/2024,3,PROMOTED,2024-01-15T00:00:00
832,169,2023,2,69.45,16,0,PROMOTED,,2023/2024,3,PROMOTED,2024-06-15T00:00:00
833,170,2021,1,63.51,16,0,PROMOTED,,2021/2022,1,PROMOTED,2022-01-15T00:00:00
834,170,2021,2,78.54,20,0,PROMOTED,,2021/2022,1,PROMOTED,2022-06-15T00:00:00
835,170,2022,1,68.51,20,0,PROMOTED,,2022/2023,2,PROMOTED,2023-01-15T00:00:00
836,170,2022,2,71.05,19,0,PROMOTED,,2022/2023,2,PROMOTED,2023-06-15T00:00:00
837,170,2023,1,69.54,17,0,PROMOTED,,2023/2024,3,PROMOTED,2024-01-15T00:00:00
838,170,2023,2,69.27,20,0,PROMOTED,,2023/2024,3,PROMOTED,2024-06-15T00:00:00
839,170,2024,1,73.9,19,0,PROMOTED,,2024/2025,4,PROMOTED,2025-01-15T00:00:00
840,170,2024,2,66.6,20,0,PROMOTED,,2024/2025,4,PROMOTED,2025-06-15T00:00:00
841,171,2021,1,67.16,18,0,PROMOTED,,2021/2022,1,PROMOTED,2022-01-15T00:00:00
842,171,2021,2,84.87,20,0,PROMOTED,,2021/2022,1,PROMOTED,2022-06-15T00:00:00
843,171,2022,1,68.48,17,0,PROMOTED,,2022/2023,2,PROMOTED,2023-01-15T00:00:00
844,171,2022,2,76.6,17,0,PROMOTED,,2022/2023,2,PROMOTED,2023-06-15T00:00:00
845,172,2021,1,61.33,16,0,PROMOTED,,2021/2022,1,PROMOTED,2022-01-15T00:00:00
846,172,2021,2,66.66,19,0,PROMOTED,,2021/2022,1,PROMOTED,2022-06-15T00:00:00
847,172,2022,1,57.21,18,0,REPEATER,,2022/2023,2,REPEATER,2023-01-15T00:00:00
848,172,2022,2,94.25,20,0,PROMOTED,,2022/2023,2,PROMOTED,2023-06-15T00:00:00
849,173,2021,1,88.51,15,0,PROMOTED,,2021/2022,1,PROMOTED,2022-01-15T00:00:00
850,173,2021,2,79.15,16,0,PROMOTED,,2021/2022,1,PROMOTED,2022-06-15T00:00:00
851,173,2022,1,97.81,20,0,PROMOTED,,2022/2023,2,PROMOTED,2023-01-15T00:00:00
852,173,2022,2,81.24,16,0,PROMOTED,,2022/2023,2,PROMOTED,2023-06-15T00:00:00
853,174,2021,1,69.94,17,0,PROMOTED,,2021/2022,1,PROMOTED,2022-01-15T00:00:00
854,174,2021,2,76.47,16,0,PROMOTED,,2021/2022,1,PROMOTED,2022-06-15T00:00:00
855,174,2022,1,88.33,15,0,PROMOTED,,2022/2023,2,PROMOTED,2023-01-15T00:00:00
856,174,2022,2,61.44,17,0,PROMOTED,,2022/2023,2,PROMOTED,2023-06-15T00:00:00
857,174,2023,1,57.93,20,2,CARRY_OVER,,2023/2024,3,CARRY_OVER,2024-01-15T00:00:00
858,174,2023,2,76.87,19,0,PROMOTED,,2023/2024,3,PROMOTED,2024-06-15T00:00:00
859,175,2021,1,64.96,16,2,CARRY_OVER,,2021/2022,1,CARRY_OVER,2022-01-15T00:00:00
860,175,2021,2,44.88,20,1,CARRY_OVER,,2021/2022,1,CARRY_OVER,2022-06-15T00:00:00
861,176,2021,1,57.08,17,1,CARRY_OVER,,2021/2022,1,CARRY_OVER,2022-01-15T00:00:00
862,176,2021,2,68.26,16,0,PROMOTED,,2021/2022,1,PROMOTED,2022-06-15T00:00:00
863,176,2022,1,72.58,20,0,PROMOTED,,2022/2023,2,PROMOTED,2023-01-15T00:00:00
864,176,2022,2,72.94,18,0,PROMOTED,,2022/2023,2,PROMOTED,2023-06-15T00:00:00
865,176,2023,1,96.06,20,0,PROMOTED,,2023/2024,3,PROMOTED,2024-01-15T00:00:00
866,176,2023,2,69.51,15,0,PROMOTED,,2023/2024,3,PROMOTED,2024-06-15T00:00:00
867,177,2021,1,75.34,20,0,PROMOTED,,2021/2022,1,PROMOTED,2022-01-15T00:00:00
868,177,2021,2,52.49,18,2,CARRY_OVER,,2021/2022,1,CARRY_OVER,2022-06-15T00:00:00
869,177,2022,1,71.63,20,0,PROMOTED,,2022/2023,2,PROMOTED,2023-01-15T00:00:00
870,177,2022,2,76.01,18,0,PROMOTED,,2022/2023,2,PROMOTED,2023-06-15T00:00:00
871,178,2021,1,55.5,15,0,REPEATER,,2021/2022,1,REPEATER,2022-01-15T00:00:00
872,178,2021,2,60.79,16,1,CARRY_OVER,,2021/2022,1,CARRY_OVER,2022-06-15T00:00:00
873,178,2022,1,77.87,19,0,PROMOTED,,2022/2023,2,PROMOTED,2023-01-15T00:00:00
874,178,2022,2,65.44,17,0,PROMOTED,,2022/2023,2,PROMOTED,2023-06-15T00:00:00
875,179,2021,1,70.77,18,0,PROMOTED,,2021/2022,1,PROMOTED,2022-01-15T00:00:00
876,179,2021,2,78.49,20,0,PROMOTED,,2021/2022,1,PROMOTED,2022-06-15T00:00:00
877,179,2022,1,96.44,16,0,PROMOTED,,2022/2023,2,PROMOTED,2023-01-15T00:00:00
878,179,2022,2,69.34,17,0,PROMOTED,,2022/2023,2,PROMOTED,2023-06-15T00:00:00
879,180,2021,1,93.23,19,0,PROMOTED,,2021/2022,1,PROMOTED,2022-01-15T00:00:00
880,180,2021,2,48.49,20,1,CARRY_OVER,,2021/2022,1,CARRY_OVER,2022-06-15T00:00:00
881,180,2022,1,73.78,20,0,PROMOTED,,2022/2023,2,PROMOTED,2023-01-15T00:00:00
882,180,2022,2,67.99,16,0,PROMOTED,,2022/2023,2,PROMOTED,2023-06-15T00:00:00
883,180,2023,1,65.61,16,0,PROMOTED,,2023/2024,3,PROMOTED,2024-01-15T00:00:00
884,180,2023,2,79.9,20,0,PROMOTED,,2023/2024,3,PROMOTED,2024-06-15T00:00:00
885,180,2024,1,69.42,19,0,PROMOTED,,2024/2025,4,PROMOTED,2025-01-15T00:00:00
886,180,2024,2,47.7,19,1,CARRY_OVER,,2024/2025,4,CARRY_OVER,2025-06-15T00:00:00
887,181,2021,1,52.94,17,1,CARRY_OVER,,2021/2022,1,CARRY_OVER,2022-01-15T00:00:00
888,181,2021,2,80.66,20,0,PROMOTED,,2021/2022,1,PROMOTED,2022-06-15T00:00:00
889,181,2022,1,52.35,19,0,REPEATER,,2022/2023,2,REPEATER,2023-01-15T00:00:00
890,181,2022,2,80.99,16,0,PROMOTED,,2022/2023,2,PROMOTED,2023-06-15T00:00:00
891,182,2021,1,73.5,18,0,PROMOTED,,2021/2022,1,PROMOTED,2022-01-15T00:00:00
892,182,2021,2,69.96,20,0,PROMOTED,,2021/2022,1,PROMOTED,2022-06-15T00:00:00
893,183,2021,1,71.02,18,0,PROMOTED,,2021/2022,1,PROMOTED,2022-01-15T00:00:00
894,183,2021,2,78.18,19,0,PROMOTED,,2021/2022,1,PROMOTED,2022-06-15T00:00:00
895,183,2022,1,57.87,20,1,CARRY_OVER,,2022/2023,2,CARRY_OVER,2023-01-15T00:00:00
896,183,2022,2,72.51,15,0,PROMOTED,,2022/2023,2,PROMOTED,2023-06-15T00:00:00
897,183,2023,1,58.33,20,1,CARRY_OVER,,2023/2024,3,CARRY_OVER,2024-01-15T00:00:00
898,183,2023,2,73.96,15,0,PROMOTED,,2023/2024,3,PROMOTED,2024-06-15T00:00:00
899,183,2024,1,79.76,16,0,PROMOTED,,2024/2025,4,PROMOTED,2025-01-15T00:00:00
900,183,2024,2,73.99,17,0,PROMOTED,,2024/2025,4,PROMOTED,2025-06-15T00:00:00
901,183,2025,1,79.3,19,0,PROMOTED,,2025/2026,5,PROMOTED,2026-01-15T00:00:00
902,183,2025,2,63.6,15,0,PROMOTED,,2025/2026,5,PROMOTED,2026-06-15T00:00:00
903,185,2021,1,71.25,18,0,PROMOTED,,2021/2022,1,PROMOTED,2022-01-15T00:00:00
904,185,2021,2,69.14,19,0,PROMOTED,,2021/2022,1,PROMOTED,2022-06-15T00:00:00
905,185,2022,1,68.36,18,0,PROMOTED,,2022/2023,2,PROMOTED,2023-01-15T00:00:00
906,185,2022,2,62.39,15,1,CARRY_OVER,,2022/2023,2,CARRY_OVER,2023-06-15T00:00:00
907,186,2021,1,66.82,18,0,PROMOTED,,2021/2022,1,PROMOTED,2022-01-15T00:00:00
908,186,2021,2,58.65,17,0,REPEATER,,2021/2022,1,REPEATER,2022-06-15T00:00:00
909,186,2022,1,51.67,19,1,CARRY_OVER,,2022/2023,2,CARRY_OVER,2023-01-15T00:00:00
910,186,2022,2,63.59,15,2,CARRY_OVER,,2022/2023,2,CARRY_OVER,2023-06-15T00:00:00
911,187,2021,1,79.51,18,0,PROMOTED,,2021/2022,1,PROMOTED,2022-01-15T00:00:00
912,187,2021,2,74.81,16,0,PROMOTED,,2021/2022,1,PROMOTED,2022-06-15T00:00:00
913,188,2021,1,56.92,18,1,CARRY_OVER,,2021/2022,1,CARRY_OVER,2022-01-15T00:00:00
914,188,2021,2,67.13,19,0,PROMOTED,,2021/2022,1,PROMOTED,2022-06-15T00:00:00
915,188,2022,1,80.31,16,0,PROMOTED,,2022/2023,2,PROMOTED,2023-01-15T00:00:00
916,188,2022,2,66.62,15,0,PROMOTED,,2022/2023,2,PROMOTED,2023-06-15T00:00:00
917,188,2023,1,54.99,15,2,CARRY_OVER,,2023/2024,3,CARRY_OVER,2024-01-15T00:00:00
918,188,2023,2,99.09,18,0,PROMOTED,,2023/2024,3,PROMOTED,2024-06-15T00:00:00
919,189,2021,1,70.0,16,0,PROMOTED,,2021/2022,1,PROMOTED,2022-01-15T00:00:00
920,189,2021,2,58.04,15,1,CARRY_OVER,,2021/2022,1,CARRY_OVER,2022-06-15T00:00:00
921,189,2022,1,74.06,18,0,PROMOTED,,2022/2023,2,PROMOTED,2023-01-15T00:00:00
922,189,2022,2,70.97,20,0,PROMOTED,,2022/2023,2,PROMOTED,2023-06-15T00:00:00
923,189,2023,1,53.5,19,2,CARRY_OVER,,2023/2024,3,CARRY_OVER,2024-01-15T00:00:00
924,189,2023,2,73.12,19,0,PROMOTED,,2023/2024,3,PROMOTED,2024-06-15T00:00:00
925,190,2021,1,83.8,16,0,PROMOTED,,2021/2022,1,PROMOTED,2022-01-15T00:00:00
926,190,2021,2,69.21,17,0,PROMOTED,,2021/2022,1,PROMOTED,2022-06-15T00:00:00
927,190,2022,1,47.28,18,1,CARRY_OVER,,2022/2023,2,CARRY_OVER,2023-01-15T00:00:00
928,190,2022,2,76.1,17,0,PROMOTED,,2022/2023,2,PROMOTED,2023-06-15T00:00:00
929,190,2023,1,79.23,18,0,PROMOTED,,2023/2024,3,PROMOTED,2024-01-15T00:00:00
930,190,2023,2,64.96,19,0,PROMOTED,,2023/2024,3,PROMOTED,2024-06-15T00:00:00
931,190,2024,1,65.05,19,0,PROMOTED,,2024/2025,4,PROMOTED,2025-01-15T00:00:00
932,190,2024,2,99.09,20,0,PROMOTED,,2024/2025,4,PROMOTED,2025-06-15T00:00:00
933,191,2021,1,64.1,18,2,CARRY_OVER,,2021/2022,1,CARRY_OVER,2022-01-15T00:00:00
934,191,2021,2,58.54,15,0,REPEATER,,2021/2022,1,REPEATER,2022-06-15T00:00:00
935,191,2022,1,72.3,17,0,PROMOTED,,2022/2023,2,PROMOTED,2023-01-15T00:00:00
936,191,2022,2,78.9,20,0,PROMOTED,,2022/2023,2,PROMOTED,2023-06-15T00:00:00
937,191,2023,1,78.39,20,0,PROMOTED,,2023/2024,3,PROMOTED,2024-01-15T00:00:00
938,191,2023,2,42.38,17,2,CARRY_OVER,,2023/2024,3,CARRY_OVER,2024-06-15T00:00:00
939,192,2021,1,64.07,18,1,CARRY_OVER,,2021/2022,1,CARRY_OVER,2022-01-15T00:00:00
940,192,2021,2,85.83,15,0,PROMOTED,,2021/2022,1,PROMOTED,2022-06-15T00:00:00
941,192,2022,1,75.92,16,0,PROMOTED,,2022/2023,2,PROMOTED,2023-01-15T00:00:00
942,192,2022,2,57.17,20,2,CARRY_OVER,,2022/2023,2,CARRY_OVER,2023-06-15T00:00:00
943,193,2021,1,86.91,16,0,PROMOTED,,2021/2022,1,PROMOTED,2022-01-15T00:00:00
944,193,2021,2,83.58,17,0,PROMOTED,,2021/2022,1,PROMOTED,2022-06-15T00:00:00
945,193,2022,1,68.44,20,0,PROMOTED,,2022/2023,2,PROMOTED,2023-01-15T00:00:00
946,193,2022,2,82.55,16,0,PROMOTED,,2022/2023,2,PROMOTED,2023-06-15T00:00:00
947,193,2023,1,96.0,18,0,PROMOTED,,2023/2024,3,PROMOTED,2024-01-15T00:00:00
948,193,2023,2,59.35,15,2,CARRY_OVER,,2023/2024,3,CARRY_OVER,2024-06-15T00:00:00
949,194,2021,1,78.67,20,0,PROMOTED,,2021/2022,1,PROMOTED,2022-01-15T00:00:00
950,194,2021,2,95.83,19,0,PROMOTED,,2021/2022,1,PROMOTED,2022-06-15T00:00:00
951,194,2022,1,79.84,18,0,PROMOTED,,2022/2023,2,PROMOTED,2023-01-15T00:00:00
952,194,2022,2,62.95,20,1,CARRY_OVER,,2022/2023,2,CARRY_OVER,2023-06-15T00:00:00
953,194,2023,1,74.87,19,0,PROMOTED,,2023/2024,3,PROMOTED,2024-01-15T00:00:00
954,194,2023,2,88.44,16,0,PROMOTED,,2023/2024,3,PROMOTED,2024-06-15T00:00:00
955,194,2024,1,59.81,17,1,CARRY_OVER,,2024/2025,4,CARRY_OVER,2025-01-15T00:00:00
956,194,2024,2,71.64,16,0,PROMOTED,,2024/2025,4,PROMOTED,2025-06-15T00:00:00
957,194,2025,1,69.08,19,0,PROMOTED,,2025/2026,5,PROMOTED,2026-01-15T00:00:00
958,194,2025,2,64.42,15,2,CARRY_OVER,,2025/2026,5,CARRY_OVER,2026-06-15T00:00:00
959,195,2021,1,74.9,17,0,PROMOTED,,2021/2022,1,PROMOTED,2022-01-15T00:00:00
960,195,2021,2,70.79,15,0,PROMOTED,,2021/2022,1,PROMOTED,2022-06-15T00:00:00
961,195,2022,1,79.72,19,0,PROMOTED,,2022/2023,2,PROMOTED,2023-01-15T00:00:00
962,195,2022,2,85.69,16,0,PROMOTED,,2022/2023,2,PROMOTED,2023-06-15T00:00:00
963,196,2021,1,56.73,15,1,CARRY_OVER,,2021/2022,1,CARRY_OVER,2022-01-15T00:00:00
964,196,2021,2,72.81,15,0,PROMOTED,,2021/2022,1,PROMOTED,2022-06-15T00:00:00
965,196,2022,1,71.36,15,0,PROMOTED,,2022/2023,2,PROMOTED,2023-01-15T00:00:00
966,196,2022,2,74.44,20,0,PROMOTED,,2022/2023,2,PROMOTED,2023-06-15T00:00:00
967,196,2023,1,71.81,15,0,PROMOTED,,2023/2024,3,PROMOTED,2024-01-15T00:00:00
968,196,2023,2,60.23,20,0,PROMOTED,,2023/2024,3,PROMOTED,2024-06-15T00:00:00
969,197,2021,1,89.46,20,0,PROMOTED,,2021/2022,1,PROMOTED,2022-01-15T00:00:00
970,197,2021,2,94.57,15,0,PROMOTED,,2021/2022,1,PROMOTED,2022-06-15T00:00:00
971,199,2021,1,78.56,15,0,PROMOTED,,2021/2022,1,PROMOTED,2022-01-15T00:00:00
972,199,2021,2,79.18,17,0,PROMOTED,,2021/2022,1,PROMOTED,2022-06-15T00:00:00
973,199,2022,1,73.57,18,0,PROMOTED,,2022/2023,2,PROMOTED,2023-01-15T00:00:00
974,199,2022,2,83.63,15,0,PROMOTED,,2022/2023,2,PROMOTED,2023-06-15T00:00:00
975,199,2023,1,42.68,15,1,CARRY_OVER,,2023/2024,3,CARRY_OVER,2024-01-15T00:00:00
976,199,2023,2,71.95,19,0,PROMOTED,,2023/2024,3,PROMOTED,2024-06-15T00:00:00
977,199,2024,1,65.13,18,0,PROMOTED,,2024/2025,4,PROMOTED,2025-01-15T00:00:00
978,199,2024,2,73.75,16,0,PROMOTED,,2024/2025,4,PROMOTED,2025-06-15T00:00:00
979,200,2021,1,85.11,19,0,PROMOTED,,2021/2022,1,PROMOTED,2022-01-15T00:00:00
980,200,2021,2,72.23,17,0,PROMOTED,,2021/2022,1,PROMOTED,2022-06-15T00:00:00
981,200,2022,1,67.67,17,0,PROMOTED,,2022/2023,2,PROMOTED,2023-01-15T00:00:00
982,200,2022,2,55.16,19,2,CARRY_OVER,,2022/2023,2,CARRY_OVER,2023-06-15T00:00:00
983,200,2023,1,70.69,20,0,PROMOTED,,2023/2024,3,PROMOTED,2024-01-15T00:00:00
984,200,2023,2,80.07,19,0,PROMOTED,,2023/2024,3,PROMOTED,2024-06-15T00:00:00
985,202,2021,1,61.91,16,0,PROMOTED,,2021/2022,1,PROMOTED,2022-01-15T00:00:00
986,202,2021,2,47.96,16,0,REPEATER,,2021/2022,1,REPEATER,2022-06-15T00:00:00
987,202,2022,1,99.29,15,0,PROMOTED,,2022/2023,2,PROMOTED,2023-01-15T00:00:00
988,202,2022,2,76.02,15,0,PROMOTED,,2022/2023,2,PROMOTED,2023-06-15T00:00:00
989,202,2023,1,69.34,20,0,PROMOTED,,2023/2024,3,PROMOTED,2024-01-15T00:00:00
990,202,2023,2,88.69,20,0,PROMOTED,,2023/2024,3,PROMOTED,2024-06-15T00:00:00
991,204,2021,1,73.7,19,0,PROMOTED,,2021/2022,1,PROMOTED,2022-01-15T00:00:00
992,204,2021,2,87.98,19,0,PROMOTED,,2021/2022,1,PROMOTED,2022-06-15T00:00:00
993,204,2022,1,86.96,16,0,PROMOTED,,2022/2023,2,PROMOTED,2023-01-15T00:00:00
994,204,2022,2,56.71,16,2,CARRY_OVER,,2022/2023,2,CARRY_OVER,2023-06-15T00:00:00
995,204,2023,1,77.52,19,0,PROMOTED,,2023/2024,3,PROMOTED,2024-01-15T00:00:00
996,204,2023,2,92.7,17,0,PROMOTED,,2023/2024,3,PROMOTED,2024-06-15T00:00:00
997,204,2024,1,60.02,18,2,CARRY_OVER,,2024/2025,4,CARRY_OVER,2025-01-15T00:00:00
998,204,2024,2,60.16,19,2,CARRY_OVER,,2024/2025,4,CARRY_OVER,2025-06-15T00:00:00
999,204,2025,1,62.19,20,0,PROMOTED,,2025/2026,5,PROMOTED,2026-01-15T00:00:00
1000,204,2025,2,82.69,20,0,PROMOTED,,2025/2026,5,PROMOTED,2026-06-15T00:00:00
1001,207,2021,1,75.41,20,0,PROMOTED,,2021/2022,1,PROMOTED,2022-01-15T00:00:00
1002,207,2021,2,48.77,18,2,CARRY_OVER,,2021/2022,1,CARRY_OVER,2022-06-15T00:00:00
1003,208,2021,1,76.09,18,0,PROMOTED,,2021/2022,1,PROMOTED,2022-01-15T00:00:00
1004,208,2021,2,68.98,16,0,PROMOTED,,2021/2022,1,PROMOTED,2022-06-15T00:00:00
1005,208,2022,1,70.65,16,0,PROMOTED,,2022/2023,2,PROMOTED,2023-01-15T00:00:00
1006,208,2022,2,61.96,16,2,CARRY_OVER,,2022/2023,2,CARRY_OVER,2023-06-15T00:00:00
1007,208,2023,1,76.18,15,0,PROMOTED,,2023/2024,3,PROMOTED,2024-01-15T00:00:00
1008,208,2023,2,84.61,15,0,PROMOTED,,2023/2024,3,PROMOTED,2024-06-15T00:00:00
1009,208,2024,1,64.3,20,1,CARRY_OVER,,2024/2025,4,CARRY_OVER,2025-01-15T00:00:00
1010,208,2024,2,51.81,19,1,CARRY_OVER,,2024/2025,4,CARRY_OVER,2025-06-15T00:00:00
1011,209,2021,1,68.36,15,0,PROMOTED,,2021/2022,1,PROMOTED,2022-01-15T00:00:00
1012,209,2021,2,81.08,18,0,PROMOTED,,2021/2022,1,PROMOTED,2022-06-15T00:00:00
1013,209,2022,1,66.95,20,0,PROMOTED,,2022/2023,2,PROMOTED,2023-01-15T00:00:00
1014,209,2022,2,54.03,20,1,CARRY_OVER,,2022/2023,2,CARRY_OVER,2023-06-15T00:00:00
1015,209,2023,1,81.16,16,0,PROMOTED,,2023/2024,3,PROMOTED,2024-01-15T00:00:00
1016,209,2023,2,88.98,20,0,PROMOTED,,2023/2024,3,PROMOTED,2024-06-15T00:00:00
1017,209,2024,1,72.24,18,0,PROMOTED,,2024/2025,4,PROMOTED,2025-01-15T00:00:00
1018,209,2024,2,52.73,17,1,CARRY_OVER,,2024/2025,4,CARRY_OVER,2025-06-15T00:00:00
1019,210,2021,1,68.19,20,0,PROMOTED,,2021/2022,1,PROMOTED,2022-01-15T00:00:00
1020,210,2021,2,73.82,18,0,PROMOTED,,2021/2022,1,PROMOTED,2022-06-15T00:00:00
1021,210,2022,1,62.28,19,0,PROMOTED,,2022/2023,2,PROMOTED,2023-01-15T00:00:00
1022,210,2022,2,79.0,16,0,PROMOTED,,2022/2023,2,PROMOTED,2023-06-15T00:00:00
1023,210,2023,1,61.11,15,0,PROMOTED,,2023/2024,3,PROMOTED,2024-01-15T00:00:00
1024,210,2023,2,72.31,19,0,PROMOTED,,2023/2024,3,PROMOTED,2024-06-15T00:00:00
1025,211,2021,1,69.26,19,0,PROMOTED,,2021/2022,1,PROMOTED,2022-01-15T00:00:00
1026,211,2021,2,79.39,16,0,PROMOTED,,2021/2022,1,PROMOTED,2022-06-15T00:00:00
1027,211,2022,1,71.83,16,0,PROMOTED,,2022/2023,2,PROMOTED,2023-01-15T00:00:00
1028,211,2022,2,69.64,15,0,PROMOTED,,2022/2023,2,PROMOTED,2023-06-15T00:00:00
1029,211,2023,1,62.37,16,1,CARRY_OVER,,2023/2024,3,CARRY_OVER,2024-01-15T00:00:00
1030,211,2023,2,72.42,15,0,PROMOTED,,2023/2024,3,PROMOTED,2024-06-15T00:00:00
1031,212,2021,1,68.88,19,0,PROMOTED,,2021/2022,1,PROMOTED,2022-01-15T00:00:00
1032,212,2021,2,61.55,18,2,CARRY_OVER,,2021/2022,1,CARRY_OVER,2022-06-15T00:00:00
1033,213,2021,1,73.91,17,0,PROMOTED,,2021/2022,1,PROMOTED,2022-01-15T00:00:00
1034,213,2021,2,76.37,15,0,PROMOTED,,2021/2022,1,PROMOTED,2022-06-15T00:00:00
1035,213,2022,1,67.94,18,0,PROMOTED,,2022/2023,2,PROMOTED,2023-01-15T00:00:00
1036,213,2022,2,83.18,18,0,PROMOTED,,2022/2023,2,PROMOTED,2023-06-15T00:00:00
1037,215,2021,1,75.17,15,0,PROMOTED,,2021/2022,1,PROMOTED,2022-01-15T00:00:00
1038,215,2021,2,56.59,20,2,CARRY_OVER,,2021/2022,1,CARRY_OVER,2022-06-15T00:00:00
1039,216,2021,1,88.05,20,0,PROMOTED,,2021/2022,1,PROMOTED,2022-01-15T00:00:00
1040,216,2021,2,81.2,20,0,PROMOTED,,2021/2022,1,PROMOTED,2022-06-15T00:00:00
1041,216,2022,1,84.02,16,0,PROMOTED,,2022/2023,2,PROMOTED,2023-01-15T00:00:00
1042,216,2022,2,76.81,15,0,PROMOTED,,2022/2023,2,PROMOTED,2023-06-15T00:00:00
1043,216,2023,1,43.95,16,0,REPEATER,,2023/2024,3,REPEATER,2024-01-15T00:00:00
1044,216,2023,2,85.11,18,0,PROMOTED,,2023/2024,3,PROMOTED,2024-06-15T00:00:00
1045,216,2024,1,72.73,17,0,PROMOTED,,2024/2025,4,PROMOTED,2025-01-15T00:00:00
1046,216,2024,2,76.24,15,0,PROMOTED,,2024/2025,4,PROMOTED,2025-06-15T00:00:00
1047,217,2021,1,78.48,20,0,PROMOTED,,2021/2022,1,PROMOTED,2022-01-15T00:00:00
1048,217,2021,2,95.24,20,0,PROMOTED,,2021/2022,1,PROMOTED,2022-06-15T00:00:00
1049,217,2022,1,65.45,18,0,PROMOTED,,2022/2023,2,PROMOTED,2023-01-15T00:00:00
1050,217,2022,2,65.76,19,0,PROMOTED,,2022/2023,2,PROMOTED,2023-06-15T00:00:00
1051,217,2023,1,61.79,18,0,PROMOTED,,2023/2024,3,PROMOTED,2024-01-15T00:00:00
1052,217,2023,2,59.16,16,2,CARRY_OVER,,2023/2024,3,CARRY_OVER,2024-06-15T00:00:00
1053,217,2024,1,59.38,20,1,CARRY_OVER,,2024/2025,4,CARRY_OVER,2025-01-15T00:00:00
1054,217,2024,2,49.78,19,2,CARRY_OVER,,2024/2025,4,CARRY_OVER,2025-06-15T00:00:00
1055,218,2021,1,77.12,15,0,PROMOTED,,2021/2022,1,PROMOTED,2022-01-15T00:00:00
1056,218,2021,2,95.85,18,0,PROMOTED,,2021/2022,1,PROMOTED,2022-06-15T00:00:00
1057,218,2022,1,96.62,18,0,PROMOTED,,2022/2023,2,PROMOTED,2023-01-15T00:00:00
1058,218,2022,2,61.77,17,1,CARRY_OVER,,2022/2023,2,CARRY_OVER,2023-06-15T00:00:00
1059,218,2023,1,68.73,15,0,PROMOTED,,2023/2024,3,PROMOTED,2024-01-15T00:00:00
1060,218,2023,2,86.8,16,0,PROMOTED,,2023/2024,3,PROMOTED,2024-06-15T00:00:00
1061,218,2024,1,77.19,16,0,PROMOTED,,2024/2025,4,PROMOTED,2025-01-15T00:00:00
1062,218,2024,2,73.61,16,0,PROMOTED,,2024/2025,4,PROMOTED,2025-06-15T00:00:00
1063,218,2025,1,68.92,19,0,PROMOTED,,2025/2026,5,PROMOTED,2026-01-15T00:00:00
1064,218,2025,2,86.14,20,0,PROMOTED,,2025/2026,5,PROMOTED,2026-06-15T00:00:00
1065,218,2026,1,59.12,20,0,REPEATER,,2026/2027,6,REPEATER,2027-01-15T00:00:00
1066,218,2026,2,77.77,19,0,PROMOTED,,2026/2027,6,PROMOTED,2027-06-15T00:00:00
1067,219,2021,1,76.14,20,0,PROMOTED,,2021/2022,1,PROMOTED,2022-01-15T00:00:00
1068,219,2021,2,72.52,16,0,PROMOTED,,2021/2022,1,PROMOTED,2022-06-15T00:00:00
1069,219,2022,1,81.45,20,0,PROMOTED,,2022/2023,2,PROMOTED,2023-01-15T00:00:00
1070,219,2022,2,72.4,16,0,PROMOTED,,2022/2023,2,PROMOTED,2023-06-15T00:00:00
1071,219,2023,1,65.59,17,0,PROMOTED,,2023/2024,3,PROMOTED,2024-01-15T00:00:00
1072,219,2023,2,73.11,16,0,PROMOTED,,2023/2024,3,PROMOTED,2024-06-15T00:00:00
1073,220,2021,1,52.89,16,2,CARRY_OVER,,2021/2022,1,CARRY_OVER,2022-01-15T00:00:00
1074,220,2021,2,79.35,20,0,PROMOTED,,2021/2022,1,PROMOTED,2022-06-15T00:00:00
1075,222,2021,1,82.42,18,0,PROMOTED,,2021/2022,1,PROMOTED,2022-01-15T00:00:00
1076,222,2021,2,64.12,15,1,CARRY_OVER,,2021/2022,1,CARRY_OVER,2022-06-15T00:00:00
1077,222,2022,1,61.27,18,0,PROMOTED,,2022/2023,2,PROMOTED,2023-01-15T00:00:00
1078,222,2022,2,64.56,16,2,CARRY_OVER,,2022/2023,2,CARRY_OVER,2023-06-15T00:00:00
1079,222,2023,1,71.24,18,0,PROMOTED,,2023/2024,3,PROMOTED,2024-01-15T00:00:00
1080,222,2023,2,74.59,19,0,PROMOTED,,2023/2024,3,PROMOTED,2024-06-15T00:00:00
1081,224,2021,1,91.39,17,0,PROMOTED,,2021/2022,1,PROMOTED,2022-01-15T00:00:00
1082,224,2021,2,89.87,19,0,PROMOTED,,2021/2022,1,PROMOTED,2022-06-15T00:00:00
1083,224,2022,1,81.98,19,0,PROMOTED,,2022/2023,2,PROMOTED,2023-01-15T00:00:00
1084,224,2022,2,73.46,19,0,PROMOTED,,2022/2023,2,PROMOTED,2023-06-15T00:00:00
1085,224,2023,1,60.88,16,1,CARRY_OVER,,2023/2024,3,CARRY_OVER,2024-01-15T00:00:00
1086,224,2023,2,92.16,16,0,PROMOTED,,2023/2024,3,PROMOTED,2024-06-15T00:00:00
1087,224,2024,1,69.03,17,0,PROMOTED,,2024/2025,4,PROMOTED,2025-01-15T00:00:00
1088,224,2024,2,75.38,16,0,PROMOTED,,2024/2025,4,PROMOTED,2025-06-15T00:00:00
1089,224,2025,1,79.53,19,0,PROMOTED,,2025/2026,5,PROMOTED,2026-01-15T00:00:00
1090,224,2025,2,72.74,18,0,PROMOTED,,2025/2026,5,PROMOTED,2026-06-15T00:00:00
1091,225,2021,1,85.81,17,0,PROMOTED,,2021/2022,1,PROMOTED,2022-01-15T00:00:00
1092,225,2021,2,77.46,17,0,PROMOTED,,2021/2022,1,PROMOTED,2022-06-15T00:00:00
1093,225,2022,1,83.86,17,0,PROMOTED,,2022/2023,2,PROMOTED,2023-01-15T00:00:00
1094,225,2022,2,77.37,20,0,PROMOTED,,2022/2023,2,PROMOTED,2023-06-15T00:00:00
1095,225,2023,1,71.55,19,0,PROMOTED,,2023/2024,3,PROMOTED,2024-01-15T00:00:00
1096,225,2023,2,72.89,17,0,PROMOTED,,2023/2024,3,PROMOTED,2024-06-15T00:00:00
1097,225,2024,1,71.25,16,0,PROMOTED,,2024/2025,4,PROMOTED,2025-01-15T00:00:00
1098,225,2024,2,56.59,20,2,CARRY_OVER,,2024/2025,4,CARRY_OVER,2025-06-15T00:00:00
1099,226,2021,1,59.99,20,1,CARRY_OVER,,2021/2022,1,CARRY_OVER,2022-01-15T00:00:00
1100,226,2021,2,80.89,20,0,PROMOTED,,2021/2022,1,PROMOTED,2022-06-15T00:00:00
1101,226,2022,1,56.89,18,2,CARRY_OVER,,2022/2023,2,CARRY_OVER,2023-01-15T00:00:00
1102,226,2022,2,67.15,19,0,PROMOTED,,2022/2023,2,PROMOTED,2023-06-15T00:00:00
1103,228,2021,1,59.4,15,0,REPEATER,,2021/2022,1,REPEATER,2022-01-15T00:00:00
1104,228,2021,2,66.51,15,0,PROMOTED,,2021/2022,1,PROMOTED,2022-06-15T00:00:00
1105,228,2022,1,70.14,17,0,PROMOTED,,2022/2023,2,PROMOTED,2023-01-15T00:00:00
1106,228,2022,2,67.13,16,0,PROMOTED,,2022/2023,2,PROMOTED,2023-06-15T00:00:00
1107,229,2021,1,54.86,15,0,REPEATER,,2021/2022,1,REPEATER,2022-01-15T00:00:00
1108,229,2021,2,69.77,18,0,PROMOTED,,2021/2022,1,PROMOTED,2022-06-15T00:00:00
1109,229,2022,1,60.49,15,1,CARRY_OVER,,2022/2023,2,CARRY_OVER,2023-01-15T00:00:00
1110,229,2022,2,64.36,20,2,CARRY_OVER,,2022/2023,2,CARRY_OVER,2023-06-15T00:00:00
1111,230,2021,1,80.89,19,0,PROMOTED,,2021/2022,1,PROMOTED,2022-01-15T00:00:00
1112,230,2021,2,83.46,15,0,PROMOTED,,2021/2022,1,PROMOTED,2022-06-15T00:00:00
1113,230,2022,1,56.27,19,1,CARRY_OVER,,2022/2023,2,CARRY_OVER,2023-01-15T00:00:00
1114,230,2022,2,90.82,18,0,PROMOTED,,2022/2023,2,PROMOTED,2023-06-15T00:00:00
1115,230,2023,1,65.88,18,0,PROMOTED,,2023/2024,3,PROMOTED,2024-01-15T00:00:00
1116,230,2023,2,64.79,17,0,PROMOTED,,2023/2024,3,PROMOTED,2024-06-15T00:00:00
1117,230,2024,1,61.3,20,1,CARRY_OVER,,2024/2025,4,CARRY_OVER,2025-01-15T00:00:00
1118,230,2024,2,72.67,17,0,PROMOTED,,2024/2025,4,PROMOTED,2025-06-15T00:00:00
1119,231,2021,1,95.78,19,0,PROMOTED,,2021/2022,1,PROMOTED,2022-01-15T00:00:00
1120,231,2021,2,53.52,20,2,CARRY_OVER,,2021/2022,1,CARRY_OVER,2022-06-15T00:00:00
1121,231,2022,1,47.32,15,2,CARRY_OVER,,2022/2023,2,CARRY_OVER,2023-01-15T00:00:00
1122,231,2022,2,75.22,20,0,PROMOTED,,2022/2023,2,PROMOTED,2023-06-15T00:00:00
1123,231,2023,1,78.83,18,0,PROMOTED,,2023/2024,3,PROMOTED,2024-01-15T00:00:00
1124,231,2023,2,72.63,20,0,PROMOTED,,2023/2024,3,PROMOTED,2024-06-15T00:00:00
1125,231,2024,1,79.15,16,0,PROMOTED,,2024/2025,4,PROMOTED,2025-01-15T00:00:00
1126,231,2024,2,58.42,19,1,CARRY_OVER,,2024/2025,4,CARRY_OVER,2025-06-15T00:00:00
1127,231,2025,1,60.66,19,1,CARRY_OVER,,2025/2026,5,CARRY_OVER,2026-01-15T00:00:00
1128,231,2025,2,73.49,15,0,PROMOTED,,2025/2026,5,PROMOTED,2026-06-15T00:00:00
1129,231,2026,1,93.1,16,0,PROMOTED,,2026/2027,6,PROMOTED,2027-01-15T00:00:00
1130,231,2026,2,78.73,17,0,PROMOTED,,2026/2027,6,PROMOTED,2027-06-15T00:00:00
1131,232,2021,1,79.29,19,0,PROMOTED,,2021/2022,1,PROMOTED,2022-01-15T00:00:00
1132,232,2021,2,59.12,20,0,REPEATER,,2021/2022,1,REPEATER,2022-06-15T00:00:00
1133,232,2022,1,77.07,16,0,PROMOTED,,2022/2023,2,PROMOTED,2023-01-15T00:00:00
1134,232,2022,2,57.81,20,0,REPEATER,,2022/2023,2,REPEATER,2023-06-15T00:00:00
1135,233,2021,1,93.21,20,0,PROMOTED,,2021/2022,1,PROMOTED,2022-01-15T00:00:00
1136,233,2021,2,59.86,18,1,CARRY_OVER,,2021/2022,1,CARRY_OVER,2022-06-15T00:00:00
1137,233,2022,1,62.44,18,0,PROMOTED,,2022/2023,2,PROMOTED,2023-01-15T00:00:00
1138,233,2022,2,54.32,15,0,REPEATER,,2022/2023,2,REPEATER,2023-06-15T00:00:00
1139,233,2023,1,73.03,18,0,PROMOTED,,2023/2024,3,PROMOTED,2024-01-15T00:00:00
1140,233,2023,2,72.53,16,0,PROMOTED,,2023/2024,3,PROMOTED,2024-06-15T00:00:00
1141,233,2024,1,90.16,20,0,PROMOTED,,2024/2025,4,PROMOTED,2025-01-15T00:00:00
1142,233,2024,2,81.32,18,0,PROMOTED,,2024/2025,4,PROMOTED,2025-06-15T00:00:00
1143,233,2025,1,62.51,20,1,CARRY_OVER,,2025/2026,5,CARRY_OVER,2026-01-15T00:00:00
1144,233,2025,2,82.48,15,0,PROMOTED,,2025/2026,5,PROMOTED,2026-06-15T00:00:00
1145,234,2021,1,57.08,16,0,REPEATER,,2021/2022,1,REPEATER,2022-01-15T00:00:00
1146,234,2021,2,63.38,17,0,PROMOTED,,2021/2022,1,PROMOTED,2022-06-15T00:00:00
1147,239,2021,1,73.42,19,0,PROMOTED,,2021/2022,1,PROMOTED,2022-01-15T00:00:00
1148,239,2021,2,58.42,15,1,CARRY_OVER,,2021/2022,1,CARRY_OVER,2022-06-15T00:00:00
1149,239,2022,1,84.78,19,0,PROMOTED,,2022/2023,2,PROMOTED,2023-01-15T00:00:00
1150,239,2022,2,99.35,15,0,PROMOTED,,2022/2023,2,PROMOTED,2023-06-15T00:00:00
1151,239,2023,1,68.47,16,0,PROMOTED,,2023/2024,3,PROMOTED,2024-01-15T00:00:00
1152,239,2023,2,64.18,17,2,CARRY_OVER,,2023/2024,3,CARRY_OVER,2024-06-15T00:00:00
1153,240,2021,1,70.44,17,0,PROMOTED,,2021/2022,1,PROMOTED,2022-01-15T00:00:00
1154,240,2021,2,65.31,20,0,PROMOTED,,2021/2022,1,PROMOTED,2022-06-15T00:00:00
1155,241,2021,1,75.14,19,0,PROMOTED,,2021/2022,1,PROMOTED,2022-01-15T00:00:00
1156,241,2021,2,56.13,19,2,CARRY_OVER,,2021/2022,1,CARRY_OVER,2022-06-15T00:00:00
1157,242,2021,1,75.82,18,0,PROMOTED,,2021/2022,1,PROMOTED,2022-01-15T00:00:00
1158,242,2021,2,94.94,18,0,PROMOTED,,2021/2022,1,PROMOTED,2022-06-15T00:00:00
1159,242,2022,1,47.97,20,0,REPEATER,,2022/2023,2,REPEATER,2023-01-15T00:00:00
1160,242,2022,2,57.98,19,1,CARRY_OVER,,2022/2023,2,CARRY_OVER,2023-06-15T00:00:00
1161,242,2023,1,66.66,16,0,PROMOTED,,2023/2024,3,PROMOTED,2024-01-15T00:00:00
1162,242,2023,2,78.5,19,0,PROMOTED,,2023/2024,3,PROMOTED,2024-06-15T00:00:00
1163,244,2021,1,82.68,17,0,PROMOTED,,2021/2022,1,PROMOTED,2022-01-15T00:00:00
1164,244,2021,2,81.72,18,0,PROMOTED,,2021/2022,1,PROMOTED,2022-06-15T00:00:00
1165,244,2022,1,51.7,17,2,CARRY_OVER,,2022/2023,2,CARRY_OVER,2023-01-15T00:00:00
1166,244,2022,2,63.91,15,1,CARRY_OVER,,2022/2023,2,CARRY_OVER,2023-06-15T00:00:00
1167,244,2023,1,61.2,20,2,CARRY_OVER,,2023/2024,3,CARRY_OVER,2024-01-15T00:00:00
1168,244,2023,2,71.22,16,0,PROMOTED,,2023/2024,3,PROMOTED,2024-06-15T00:00:00
1169,244,2024,1,72.22,17,0,PROMOTED,,2024/2025,4,PROMOTED,2025-01-15T00:00:00
1170,244,2024,2,55.57,18,2,CARRY_OVER,,2024/2025,4,CARRY_OVER,2025-06-15T00:00:00
1171,244,2025,1,66.73,17,0,PROMOTED,,2025/2026,5,PROMOTED,2026-01-15T00:00:00
1172,244,2025,2,78.97,20,0,PROMOTED,,2025/2026,5,PROMOTED,2026-06-15T00:00:00
1173,246,2021,1,64.46,15,0,PROMOTED,,2021/2022,1,PROMOTED,2022-01-15T00:00:00
1174,246,2021,2,69.6,15,0,PROMOTED,,2021/2022,1,PROMOTED,2022-06-15T00:00:00
1175,246,2022,1,92.36,18,0,PROMOTED,,2022/2023,2,PROMOTED,2023-01-15T00:00:00
1176,246,2022,2,95.88,20,0,PROMOTED,,2022/2023,2,PROMOTED,2023-06-15T00:00:00
1177,246,2023,1,46.06,18,0,REPEATER,,2023/2024,3,REPEATER,2024-01-15T00:00:00
1178,246,2023,2,73.37,18,0,PROMOTED,,2023/2024,3,PROMOTED,2024-06-15T00:00:00
1179,247,2021,1,100.0,15,0,PROMOTED,,2021/2022,1,PROMOTED,2022-01-15T00:00:00
1180,247,2021,2,77.75,16,0,PROMOTED,,2021/2022,1,PROMOTED,2022-06-15T00:00:00
1181,247,2022,1,72.22,20,0,PROMOTED,,2022/2023,2,PROMOTED,2023-01-15T00:00:00
1182,247,2022,2,87.75,19,0,PROMOTED,,2022/2023,2,PROMOTED,2023-06-15T00:00:00
1183,247,2023,1,74.62,18,0,PROMOTED,,2023/2024,3,PROMOTED,2024-01-15T00:00:00
1184,247,2023,2,80.51,16,0,PROMOTED,,2023/2024,3,PROMOTED,2024-06-15T00:00:00
1185,247,2024,1,69.48,17,0,PROMOTED,,2024/2025,4,PROMOTED,2025-01-15T00:00:00
1186,247,2024,2,74.44,18,0,PROMOTED,,2024/2025,4,PROMOTED,2025-06-15T00:00:00
1187,248,2021,1,77.12,20,0,PROMOTED,,2021/2022,1,PROMOTED,2022-01-15T00:00:00
1188,248,2021,2,82.39,18,0,PROMOTED,,2021/2022,1,PROMOTED,2022-06-15T00:00:00
1189,249,2021,1,66.82,18,0,PROMOTED,,2021/2022,1,PROMOTED,2022-01-15T00:00:00
1190,249,2021,2,66.49,15,0,PROMOTED,,2021/2022,1,PROMOTED,2022-06-15T00:00:00
1191,251,2021,1,48.87,16,0,REPEATER,,2021/2022,1,REPEATER,2022-01-15T00:00:00
1192,251,2021,2,67.35,17,0,PROMOTED,,2021/2022,1,PROMOTED,2022-06-15T00:00:00
1193,251,2022,1,83.44,19,0,PROMOTED,,2022/2023,2,PROMOTED,2023-01-15T00:00:00
1194,251,2022,2,77.56,17,0,PROMOTED,,2022/2023,2,PROMOTED,2023-06-15T00:00:00
1195,252,2021,1,60.04,16,2,CARRY_OVER,,2021/2022,1,CARRY_OVER,2022-01-15T00:00:00
1196,252,2021,2,49.15,16,0,REPEATER,,2021/2022,1,REPEATER,2022-06-15T00:00:00
1197,253,2021,1,70.29,15,0,PROMOTED,,2021/2022,1,PROMOTED,2022-01-15T00:00:00
1198,253,2021,2,83.09,15,0,PROMOTED,,2021/2022,1,PROMOTED,2022-06-15T00:00:00
1199,253,2022,1,66.25,19,0,PROMOTED,,2022/2023,2,PROMOTED,2023-01-15T00:00:00
1200,253,2022,2,54.66,17,0,REPEATER,,2022/2023,2,REPEATER,2023-06-15T00:00:00
1201,255,2021,1,64.93,16,1,CARRY_OVER,,2021/2022,1,CARRY_OVER,2022-01-15T00:00:00
1202,255,2021,2,75.91,15,0,PROMOTED,,2021/2022,1,PROMOTED,2022-06-15T00:00:00
1203,255,2022,1,86.91,20,0,PROMOTED,,2022/2023,2,PROMOTED,2023-01-15T00:00:00
1204,255,2022,2,68.92,19,0,PROMOTED,,2022/2023,2,PROMOTED,2023-06-15T00:00:00
1205,255,2023,1,84.66,20,0,PROMOTED,,2023/2024,3,PROMOTED,2024-01-15T00:00:00
1206,255,2023,2,83.33,16,0,PROMOTED,,2023/2024,3,PROMOTED,2024-06-15T00:00:00
1207,255,2024,1,57.88,16,2,CARRY_OVER,,2024/2025,4,CARRY_OVER,2025-01-15T00:00:00
1208,255,2024,2,87.01,20,0,PROMOTED,,2024/2025,4,PROMOTED,2025-06-15T00:00:00
1209,256,2021,1,75.54,17,0,PROMOTED,,2021/2022,1,PROMOTED,2022-01-15T00:00:00
1210,256,2021,2,57.52,19,2,CARRY_OVER,,2021/2022,1,CARRY_OVER,2022-06-15T00:00:00
1211,256,2022,1,93.13,16,0,PROMOTED,,2022/2023,2,PROMOTED,2023-01-15T00:00:00
1212,256,2022,2,70.49,19,0,PROMOTED,,2022/2023,2,PROMOTED,2023-06-15T00:00:00
1213,257,2021,1,48.68,16,1,CARRY_OVER,,2021/2022,1,CARRY_OVER,2022-01-15T00:00:00
1214,257,2021,2,63.52,15,0,PROMOTED,,2021/2022,1,PROMOTED,2022-06-15T00:00:00
1215,257,2022,1,60.57,18,0,PROMOTED,,2022/2023,2,PROMOTED,2023-01-15T00:00:00
1216,257,2022,2,63.82,20,2,CARRY_OVER,,2022/2023,2,CARRY_OVER,2023-06-15T00:00:00
1217,258,2021,1,66.66,19,0,PROMOTED,,2021/2022,1,PROMOTED,2022-01-15T00:00:00
1218,258,2021,2,68.91,19,0,PROMOTED,,2021/2022,1,PROMOTED,2022-06-15T00:00:00
1219,258,2022,1,68.46,16,0,PROMOTED,,2022/2023,2,PROMOTED,2023-01-15T00:00:00
1220,258,2022,2,70.83,15,0,PROMOTED,,2022/2023,2,PROMOTED,2023-06-15T00:00:00
1221,258,2023,1,79.05,16,0,PROMOTED,,2023/2024,3,PROMOTED,2024-01-15T00:00:00
1222,258,2023,2,63.04,18,2,CARRY_OVER,,2023/2024,3,CARRY_OVER,2024-06-15T00:00:00
1223,258,2024,1,86.17,16,0,PROMOTED,,2024/2025,4,PROMOTED,2025-01-15T00:00:00
1224,258,2024,2,57.3,18,2,CARRY_OVER,,2024/2025,4,CARRY_OVER,2025-06-15T00:00:00
1225,259,2021,1,79.38,17,0,PROMOTED,,2021/2022,1,PROMOTED,2022-01-15T00:00:00
1226,259,2021,2,91.72,17,0,PROMOTED,,2021/2022,1,PROMOTED,2022-06-15T00:00:00
1227,259,2022,1,69.87,19,0,PROMOTED,,2022/2023,2,PROMOTED,2023-01-15T00:00:00
1228,259,2022,2,74.32,17,0,PROMOTED,,2022/2023,2,PROMOTED,2023-06-15T00:00:00
1229,260,2021,1,60.38,16,0,PROMOTED,,2021/2022,1,PROMOTED,2022-01-15T00:00:00
1230,260,2021,2,65.86,15,0,PROMOTED,,2021/2022,1,PROMOTED,2022-06-15T00:00:00
1231,260,2022,1,90.81,18,0,PROMOTED,,2022/2023,2,PROMOTED,2023-01-15T00:00:00
1232,260,2022,2,80.98,16,0,PROMOTED,,2022/2023,2,PROMOTED,2023-06-15T00:00:00
1233,260,2023,1,77.02,15,0,PROMOTED,,2023/2024,3,PROMOTED,2024-01-15T00:00:00
1234,260,2023,2,48.74,19,0,REPEATER,,2023/2024,3,REPEATER,2024-06-15T00:00:00
1235,260,2024,1,63.4,15,1,CARRY_OVER,,2024/2025,4,CARRY_OVER,2025-01-15T00:00:00
1236,260,2024,2,92.87,19,0,PROMOTED,,2024/2025,4,PROMOTED,2025-06-15T00:00:00
1237,260,2025,1,76.93,17,0,PROMOTED,,2025/2026,5,PROMOTED,2026-01-15T00:00:00
1238,260,2025,2,78.43,16,0,PROMOTED,,2025/2026,5,PROMOTED,2026-06-15T00:00:00
1239,261,2021,1,74.05,19,0,PROMOTED,,2021/2022,1,PROMOTED,2022-01-15T00:00:00
1240,261,2021,2,64.64,17,1,CARRY_OVER,,2021/2022,1,CARRY_OVER,2022-06-15T00:00:00
1241,261,2022,1,75.99,20,0,PROMOTED,,2022/2023,2,PROMOTED,2023-01-15T00:00:00
1242,261,2022,2,53.64,18,0,REPEATER,,2022/2023,2,REPEATER,2023-06-15T00:00:00
1243,261,2023,1,52.73,20,2,CARRY_OVER,,2023/2024,3,CARRY_OVER,2024-01-15T00:00:00
1244,261,2023,2,63.18,18,0,PROMOTED,,2023/2024,3,PROMOTED,2024-06-15T00:00:00
1245,262,2021,1,74.31,19,0,PROMOTED,,2021/2022,1,PROMOTED,2022-01-15T00:00:00
1246,262,2021,2,53.16,18,2,CARRY_OVER,,2021/2022,1,CARRY_OVER,2022-06-15T00:00:00
1247,262,2022,1,73.52,16,0,PROMOTED,,2022/2023,2,PROMOTED,2023-01-15T00:00:00
1248,262,2022,2,60.07,18,2,CARRY_OVER,,2022/2023,2,CARRY_OVER,2023-06-15T00:00:00
1249,263,2021,1,61.68,15,1,CARRY_OVER,,2021/2022,1,CARRY_OVER,2022-01-15T00:00:00
1250,263,2021,2,87.6,16,0,PROMOTED,,2021/2022,1,PROMOTED,2022-06-15T00:00:00
1251,264,2021,1,72.45,19,0,PROMOTED,,2021/2022,1,PROMOTED,2022-01-15T00:00:00
1252,264,2021,2,61.15,20,2,CARRY_OVER,,2021/2022,1,CARRY_OVER,2022-06-15T00:00:00
1253,264,2022,1,74.24,17,0,PROMOTED,,2022/2023,2,PROMOTED,2023-01-15T00:00:00
1254,264,2022,2,54.36,17,1,CARRY_OVER,,2022/2023,2,CARRY_OVER,2023-06-15T00:00:00
1255,264,2023,1,76.59,15,0,PROMOTED,,2023/2024,3,PROMOTED,2024-01-15T00:00:00
1256,264,2023,2,85.29,20,0,PROMOTED,,2023/2024,3,PROMOTED,2024-06-15T00:00:00
1257,265,2021,1,79.94,20,0,PROMOTED,,2021/2022,1,PROMOTED,2022-01-15T00:00:00
1258,265,2021,2,97.89,15,0,PROMOTED,,2021/2022,1,PROMOTED,2022-06-15T00:00:00
1259,265,2022,1,48.74,17,0,REPEATER,,2022/2023,2,REPEATER,2023-01-15T00:00:00
1260,265,2022,2,73.52,15,0,PROMOTED,,2022/2023,2,PROMOTED,2023-06-15T00:00:00
1261,267,2021,1,55.88,19,0,REPEATER,,2021/2022,1,REPEATER,2022-01-15T00:00:00
1262,267,2021,2,69.92,15,0,PROMOTED,,2021/2022,1,PROMOTED,2022-06-15T00:00:00
1263,269,2021,1,72.02,19,0,PROMOTED,,2021/2022,1,PROMOTED,2022-01-15T00:00:00
1264,269,2021,2,99.36,17,0,PROMOTED,,2021/2022,1,PROMOTED,2022-06-15T00:00:00
1265,270,2021,1,71.28,20,0,PROMOTED,,2021/2022,1,PROMOTED,2022-01-15T00:00:00
1266,270,2021,2,71.06,19,0,PROMOTED,,2021/2022,1,PROMOTED,2022-06-15T00:00:00
1267,271,2021,1,84.06,17,0,PROMOTED,,2021/2022,1,PROMOTED,2022-01-15T00:00:00
1268,271,2021,2,71.37,20,0,PROMOTED,,2021/2022,1,PROMOTED,2022-06-15T00:00:00
1269,272,2021,1,93.97,16,0,PROMOTED,,2021/2022,1,PROMOTED,2022-01-15T00:00:00
1270,272,2021,2,80.04,16,0,PROMOTED,,2021/2022,1,PROMOTED,2022-06-15T00:00:00
1271,272,2022,1,81.94,18,0,PROMOTED,,2022/2023,2,PROMOTED,2023-01-15T00:00:00
1272,272,2022,2,49.59,16,0,REPEATER,,2022/2023,2,REPEATER,2023-06-15T00:00:00
1273,272,2023,1,95.82,20,0,PROMOTED,,2023/2024,3,PROMOTED,2024-01-15T00:00:00
1274,272,2023,2,64.12,15,0,PROMOTED,,2023/2024,3,PROMOTED,2024-06-15T00:00:00
1275,272,2024,1,71.88,16,0,PROMOTED,,2024/2025,4,PROMOTED,2025-01-15T00:00:00
1276,272,2024,2,64.17,15,1,CARRY_OVER,,2024/2025,4,CARRY_OVER,2025-06-15T00:00:00
1277,273,2021,1,59.71,16,1,CARRY_OVER,,2021/2022,1,CARRY_OVER,2022-01-15T00:00:00
1278,273,2021,2,57.57,16,0,REPEATER,,2021/2022,1,REPEATER,2022-06-15T00:00:00
1279,273,2022,1,73.24,17,0,PROMOTED,,2022/2023,2,PROMOTED,2023-01-15T00:00:00
1280,273,2022,2,48.36,16,0,REPEATER,,2022/2023,2,REPEATER,2023-06-15T00:00:00
1281,274,2021,1,69.09,20,0,PROMOTED,,2021/2022,1,PROMOTED,2022-01-15T00:00:00
1282,274,2021,2,84.69,20,0,PROMOTED,,2021/2022,1,PROMOTED,2022-06-15T00:00:00
1283,274,2022,1,79.58,19,0,PROMOTED,,2022/2023,2,PROMOTED,2023-01-15T00:00:00
1284,274,2022,2,77.19,16,0,PROMOTED,,2022/2023,2,PROMOTED,2023-06-15T00:00:00
1285,275,2021,1,61.26,20,0,PROMOTED,,2021/2022,1,PROMOTED,2022-01-15T00:00:00
1286,275,2021,2,52.97,20,0,REPEATER,,2021/2022,1,REPEATER,2022-06-15T00:00:00
1287,276,2021,1,84.5,17,0,PROMOTED,,2021/2022,1,PROMOTED,2022-01-15T00:00:00
1288,276,2021,2,66.61,20,0,PROMOTED,,2021/2022,1,PROMOTED,2022-06-15T00:00:00
1289,277,2021,1,71.0,16,0,PROMOTED,,2021/2022,1,PROMOTED,2022-01-15T00:00:00
1290,277,2021,2,69.63,20,0,PROMOTED,,2021/2022,1,PROMOTED,2022-06-15T00:00:00
1291,277,2022,1,80.07,17,0,PROMOTED,,2022/2023,2,PROMOTED,2023-01-15T00:00:00
1292,277,2022,2,94.12,16,0,PROMOTED,,2022/2023,2,PROMOTED,2023-06-15T00:00:00
1293,278,2021,1,89.55,18,0,PROMOTED,,2021/2022,1,PROMOTED,2022-01-15T00:00:00
1294,278,2021,2,44.01,16,1,CARRY_OVER,,2021/2022,1,CARRY_OVER,2022-06-15T00:00:00
1295,278,2022,1,68.3,19,0,PROMOTED,,2022/2023,2,PROMOTED,2023-01-15T00:00:00
1296,278,2022,2,55.84,18,0,REPEATER,,2022/2023,2,REPEATER,2023-06-15T00:00:00
1297,279,2021,1,83.26,19,0,PROMOTED,,2021/2022,1,PROMOTED,2022-01-15T00:00:00
1298,279,2021,2,72.05,16,0,PROMOTED,,2021/2022,1,PROMOTED,2022-06-15T00:00:00
1299,279,2022,1,79.27,19,0,PROMOTED,,2022/2023,2,PROMOTED,2023-01-15T00:00:00
1300,279,2022,2,67.27,15,0,PROMOTED,,2022/2023,2,PROMOTED,2023-06-15T00:00:00
1301,279,2023,1,59.53,15,2,CARRY_OVER,,2023/2024,3,CARRY_OVER,2024-01-15T00:00:00
1302,279,2023,2,61.58,20,1,CARRY_OVER,,2023/2024,3,CARRY_OVER,2024-06-15T00:00:00
1303,279,2024,1,53.6,16,1,CARRY_OVER,,2024/2025,4,CARRY_OVER,2025-01-15T00:00:00
1304,279,2024,2,56.84,18,0,REPEATER,,2024/2025,4,REPEATER,2025-06-15T00:00:00
1305,280,2021,1,54.31,19,1,CARRY_OVER,,2021/2022,1,CARRY_OVER,2022-01-15T00:00:00
1306,280,2021,2,59.57,19,1,CARRY_OVER,,2021/2022,1,CARRY_OVER,2022-06-15T00:00:00
1307,281,2021,1,58.89,20,1,CARRY_OVER,,2021/2022,1,CARRY_OVER,2022-01-15T00:00:00
1308,281,2021,2,76.73,20,0,PROMOTED,,2021/2022,1,PROMOTED,2022-06-15T00:00:00
1309,281,2022,1,76.26,17,0,PROMOTED,,2022/2023,2,PROMOTED,2023-01-15T00:00:00
1310,281,2022,2,76.72,15,0,PROMOTED,,2022/2023,2,PROMOTED,2023-06-15T00:00:00
1311,282,2021,1,86.1,16,0,PROMOTED,,2021/2022,1,PROMOTED,2022-01-15T00:00:00
1312,282,2021,2,71.06,16,0,PROMOTED,,2021/2022,1,PROMOTED,2022-06-15T00:00:00
1313,282,2022,1,62.63,17,0,PROMOTED,,2022/2023,2,PROMOTED,2023-01-15T00:00:00
1314,282,2022,2,98.54,17,0,PROMOTED,,2022/2023,2,PROMOTED,2023-06-15T00:00:00
1315,282,2023,1,82.87,17,0,PROMOTED,,2023/2024,3,PROMOTED,2024-01-15T00:00:00
1316,282,2023,2,73.83,17,0,PROMOTED,,2023/2024,3,PROMOTED,2024-06-15T00:00:00
1317,282,2024,1,72.99,15,0,PROMOTED,,2024/2025,4,PROMOTED,2025-01-15T00:00:00
1318,282,2024,2,75.48,15,0,PROMOTED,,2024/2025,4,PROMOTED,2025-06-15T00:00:00
1319,283,2021,1,69.57,18,0,PROMOTED,,2021/2022,1,PROMOTED,2022-01-15T00:00:00
1320,283,2021,2,73.54,15,0,PROMOTED,,2021/2022,1,PROMOTED,2022-06-15T00:00:00
1321,283,2022,1,77.99,18,0,PROMOTED,,2022/2023,2,PROMOTED,2023-01-15T00:00:00
1322,283,2022,2,63.28,17,1,CARRY_OVER,,2022/2023,2,CARRY_OVER,2023-06-15T00:00:00
1323,283,2023,1,52.39,18,2,CARRY_OVER,,2023/2024,3,CARRY_OVER,2024-01-15T00:00:00
1324,283,2023,2,47.09,15,0,REPEATER,,2023/2024,3,REPEATER,2024-06-15T00:00:00
1325,284,2021,1,82.65,20,0,PROMOTED,,2021/2022,1,PROMOTED,2022-01-15T00:00:00
1326,284,2021,2,53.0,17,2,CARRY_OVER,,2021/2022,1,CARRY_OVER,2022-06-15T00:00:00
1327,284,2022,1,77.58,17,0,PROMOTED,,2022/2023,2,PROMOTED,2023-01-15T00:00:00
1328,284,2022,2,58.15,17,2,CARRY_OVER,,2022/2023,2,CARRY_OVER,2023-06-15T00:00:00
1329,284,2023,1,58.34,15,2,CARRY_OVER,,2023/2024,3,CARRY_OVER,2024-01-15T00:00:00
1330,284,2023,2,63.38,17,0,PROMOTED,,2023/2024,3,PROMOTED,2024-06-15T00:00:00
1331,284,2024,1,74.33,20,0,PROMOTED,,2024/2025,4,PROMOTED,2025-01-15T00:00:00
1332,284,2024,2,56.54,15,2,CARRY_OVER,,2024/2025,4,CARRY_OVER,2025-06-15T00:00:00
1333,286,2021,1,64.6,18,1,CARRY_OVER,,2021/2022,1,CARRY_OVER,2022-01-15T00:00:00
1334,286,2021,2,71.69,17,0,PROMOTED,,2021/2022,1,PROMOTED,2022-06-15T00:00:00
1335,286,2022,1,57.48,19,0,REPEATER,,2022/2023,2,REPEATER,2023-01-15T00:00:00
1336,286,2022,2,89.14,18,0,PROMOTED,,2022/2023,2,PROMOTED,2023-06-15T00:00:00
1337,286,2023,1,51.33,16,2,CARRY_OVER,,2023/2024,3,CARRY_OVER,2024-01-15T00:00:00
1338,286,2023,2,69.38,19,0,PROMOTED,,2023/2024,3,PROMOTED,2024-06-15T00:00:00
1339,286,2024,1,87.27,15,0,PROMOTED,,2024/2025,4,PROMOTED,2025-01-15T00:00:00
1340,286,2024,2,56.11,16,2,CARRY_OVER,,2024/2025,4,CARRY_OVER,2025-06-15T00:00:00
1341,287,2021,1,70.68,17,0,PROMOTED,,2021/2022,1,PROMOTED,2022-01-15T00:00:00
1342,287,2021,2,73.59,15,0,PROMOTED,,2021/2022,1,PROMOTED,2022-06-15T00:00:00
1343,287,2022,1,62.32,17,0,PROMOTED,,2022/2023,2,PROMOTED,2023-01-15T00:00:00
1344,287,2022,2,71.07,15,0,PROMOTED,,2022/2023,2,PROMOTED,2023-06-15T00:00:00
1345,287,2023,1,78.74,17,0,PROMOTED,,2023/2024,3,PROMOTED,2024-01-15T00:00:00
1346,287,2023,2,66.39,15,0,PROMOTED,,2023/2024,3,PROMOTED,2024-06-15T00:00:00
1347,290,2021,1,81.17,20,0,PROMOTED,,2021/2022,1,PROMOTED,2022-01-15T00:00:00
1348,290,2021,2,76.71,19,0,PROMOTED,,2021/2022,1,PROMOTED,2022-06-15T00:00:00
1349,290,2022,1,65.01,18,0,PROMOTED,,2022/2023,2,PROMOTED,2023-01-15T00:00:00
1350,290,2022,2,85.53,19,0,PROMOTED,,2022/2023,2,PROMOTED,2023-06-15T00:00:00
1351,290,2023,1,63.11,20,2,CARRY_OVER,,2023/2024,3,CARRY_OVER,2024-01-15T00:00:00
1352,290,2023,2,82.27,18,0,PROMOTED,,2023/2024,3,PROMOTED,2024-06-15T00:00:00
1353,292,2021,1,63.32,20,0,PROMOTED,,2021/2022,1,PROMOTED,2022-01-15T00:00:00
1354,292,2021,2,68.21,20,0,PROMOTED,,2021/2022,1,PROMOTED,2022-06-15T00:00:00
1355,292,2022,1,70.05,16,0,PROMOTED,,2022/2023,2,PROMOTED,2023-01-15T00:00:00
1356,292,2022,2,76.06,15,0,PROMOTED,,2022/2023,2,PROMOTED,2023-06-15T00:00:00
1357,293,2021,1,43.04,16,1,CARRY_OVER,,2021/2022,1,CARRY_OVER,2022-01-15T00:00:00
1358,293,2021,2,77.5,20,0,PROMOTED,,2021/2022,1,PROMOTED,2022-06-15T00:00:00
1359,293,2022,1,70.77,17,0,PROMOTED,,2022/2023,2,PROMOTED,2023-01-15T00:00:00
1360,293,2022,2,75.43,17,0,PROMOTED,,2022/2023,2,PROMOTED,2023-06-15T00:00:00
1361,293,2023,1,78.03,16,0,PROMOTED,,2023/2024,3,PROMOTED,2024-01-15T00:00:00
1362,293,2023,2,76.73,20,0,PROMOTED,,2023/2024,3,PROMOTED,2024-06-15T00:00:00
1363,294,2021,1,47.91,20,0,REPEATER,,2021/2022,1,REPEATER,2022-01-15T00:00:00
1364,294,2021,2,59.27,16,0,REPEATER,,2021/2022,1,REPEATER,2022-06-15T00:00:00
1365,294,2022,1,75.99,20,0,PROMOTED,,2022/2023,2,PROMOTED,2023-01-15T00:00:00
1366,294,2022,2,74.4,19,0,PROMOTED,,2022/2023,2,PROMOTED,2023-06-15T00:00:00
1367,294,2023,1,62.53,17,0,PROMOTED,,2023/2024,3,PROMOTED,2024-01-15T00:00:00
1368,294,2023,2,80.85,19,0,PROMOTED,,2023/2024,3,PROMOTED,2024-06-15T00:00:00
1369,294,2024,1,68.92,19,0,PROMOTED,,2024/2025,4,PROMOTED,2025-01-15T00:00:00
1370,294,2024,2,82.63,16,0,PROMOTED,,2024/2025,4,PROMOTED,2025-06-15T00:00:00
1371,295,2021,1,86.52,18,0,PROMOTED,,2021/2022,1,PROMOTED,2022-01-15T00:00:00
1372,295,2021,2,75.34,20,0,PROMOTED,,2021/2022,1,PROMOTED,2022-06-15T00:00:00
1373,295,2022,1,78.67,18,0,PROMOTED,,2022/2023,2,PROMOTED,2023-01-15T00:00:00
1374,295,2022,2,64.7,17,2,CARRY_OVER,,2022/2023,2,CARRY_OVER,2023-06-15T00:00:00
1375,295,2023,1,82.71,16,0,PROMOTED,,2023/2024,3,PROMOTED,2024-01-15T00:00:00
1376,295,2023,2,74.62,17,0,PROMOTED,,2023/2024,3,PROMOTED,2024-06-15T00:00:00
1377,296,2021,1,68.46,17,0,PROMOTED,,2021/2022,1,PROMOTED,2022-01-15T00:00:00
1378,296,2021,2,57.37,15,2,CARRY_OVER,,2021/2022,1,CARRY_OVER,2022-06-15T00:00:00
1379,296,2022,1,66.17,20,0,PROMOTED,,2022/2023,2,PROMOTED,2023-01-15T00:00:00
1380,296,2022,2,58.69,17,2,CARRY_OVER,,2022/2023,2,CARRY_OVER,2023-06-15T00:00:00
1381,296,2023,1,81.14,18,0,PROMOTED,,2023/2024,3,PROMOTED,2024-01-15T00:00:00
1382,296,2023,2,86.65,18,0,PROMOTED,,2023/2024,3,PROMOTED,2024-06-15T00:00:00
1383,297,2021,1,83.0,16,0,PROMOTED,,2021/2022,1,PROMOTED,2022-01-15T00:00:00
1384,297,2021,2,100.0,17,0,PROMOTED,,2021/2022,1,PROMOTED,2022-06-15T00:00:00
1385,297,2022,1,66.48,20,0,PROMOTED,,2022/2023,2,PROMOTED,2023-01-15T00:00:00
1386,297,2022,2,79.16,20,0,PROMOTED,,2022/2023,2,PROMOTED,2023-06-15T00:00:00
1387,297,2023,1,57.82,19,0,REPEATER,,2023/2024,3,REPEATER,2024-01-15T00:00:00
1388,297,2023,2,69.63,17,0,PROMOTED,,2023/2024,3,PROMOTED,2024-06-15T00:00:00
1389,297,2024,1,54.27,15,0,REPEATER,,2024/2025,4,REPEATER,2025-01-15T00:00:00
1390,297,2024,2,78.82,15,0,PROMOTED,,2024/2025,4,PROMOTED,2025-06-15T00:00:00
1391,298,2021,1,67.73,15,0,PROMOTED,,2021/2022,1,PROMOTED,2022-01-15T00:00:00
1392,298,2021,2,47.35,16,1,CARRY_OVER,,2021/2022,1,CARRY_OVER,2022-06-15T00:00:00
1393,298,2022,1,63.78,17,1,CARRY_OVER,,2022/2023,2,CARRY_OVER,2023-01-15T00:00:00
1394,298,2022,2,93.52,19,0,PROMOTED,,2022/2023,2,PROMOTED,2023-06-15T00:00:00
1395,298,2023,1,76.93,20,0,PROMOTED,,2023/2024,3,PROMOTED,2024-01-15T00:00:00
1396,298,2023,2,81.23,18,0,PROMOTED,,2023/2024,3,PROMOTED,2024-06-15T00:00:00
1397,298,2024,1,73.51,16,0,PROMOTED,,2024/2025,4,PROMOTED,2025-01-15T00:00:00
1398,298,2024,2,69.82,18,0,PROMOTED,,2024/2025,4,PROMOTED,2025-06-15T00:00:00
1399,299,2021,1,72.19,18,0,PROMOTED,,2021/2022,1,PROMOTED,2022-01-15T00:00:00
1400,299,2021,2,74.95,20,0,PROMOTED,,2021/2022,1,PROMOTED,2022-06-15T00:00:00
1401,299,2022,1,58.84,19,2,CARRY_OVER,,2022/2023,2,CARRY_OVER,2023-01-15T00:00:00
1402,299,2022,2,81.16,19,0,PROMOTED,,2022/2023,2,PROMOTED,2023-06-15T00:00:00
1403,299,2023,1,85.46,16,0,PROMOTED,,2023/2024,3,PROMOTED,2024-01-15T00:00:00
1404,299,2023,2,69.64,18,0,PROMOTED,,2023/2024,3,PROMOTED,2024-06-15T00:00:00
1405,299,2024,1,65.72,15,0,PROMOTED,,2024/2025,4,PROMOTED,2025-01-15T00:00:00
1406,299,2024,2,63.1,15,0,PROMOTED,,2024/2025,4,PROMOTED,2025-06-15T00:00:00
1407,300,2021,1,93.11,18,0,PROMOTED,,2021/2022,1,PROMOTED,2022-01-15T00:00:00
1408,300,2021,2,66.57,17,0,PROMOTED,,2021/2022,1,PROMOTED,2022-06-15T00:00:00
1409,300,2022,1,79.84,19,0,PROMOTED,,2022/2023,2,PROMOTED,2023-01-15T00:00:00
1410,300,2022,2,69.73,19,0,PROMOTED,,2022/2023,2,PROMOTED,2023-06-15T00:00:00
1411,300,2023,1,69.08,15,0,PROMOTED,,2023/2024,3,PROMOTED,2024-01-15T00:00:00
1412,300,2023,2,62.82,15,0,PROMOTED,,2023/2024,3,PROMOTED,2024-06-15T00:00:00
1413,300,2024,1,60.36,17,1,CARRY_OVER,,2024/2025,4,CARRY_OVER,2025-01-15T00:00:00
1414,300,2024,2,80.88,19,0,PROMOTED,,2024/2025,4,PROMOTED,2025-06-15T00:00:00
1415,300,2025,1,60.08,15,2,CARRY_OVER,,2025/2026,5,CARRY_OVER,2026-01-15T00:00:00
1416,300,2025,2,77.55,20,0,PROMOTED,,2025/2026,5,PROMOTED,2026-06-15T00:00:00
1417,301,2021,1,73.09,19,0,PROMOTED,,2021/2022,1,PROMOTED,2022-01-15T00:00:00
1418,301,2021,2,81.03,18,0,PROMOTED,,2021/2022,1,PROMOTED,2022-06-15T00:00:00
1419,302,2021,1,64.68,19,0,PROMOTED,,2021/2022,1,PROMOTED,2022-01-15T00:00:00
1420,302,2021,2,84.96,18,0,PROMOTED,,2021/2022,1,PROMOTED,2022-06-15T00:00:00
1421,302,2022,1,70.31,15,0,PROMOTED,,2022/2023,2,PROMOTED,2023-01-15T00:00:00
1422,302,2022,2,100.0,17,0,PROMOTED,,2022/2023,2,PROMOTED,2023-06-15T00:00:00
1423,302,2023,1,52.63,16,0,REPEATER,,2023/2024,3,REPEATER,2024-01-15T00:00:00
1424,302,2023,2,100.0,19,0,PROMOTED,,2023/2024,3,PROMOTED,2024-06-15T00:00:00
1425,303,2021,1,70.48,16,0,PROMOTED,,2021/2022,1,PROMOTED,2022-01-15T00:00:00
1426,303,2021,2,74.67,17,0,PROMOTED,,2021/2022,1,PROMOTED,2022-06-15T00:00:00
1427,303,2022,1,64.75,17,2,CARRY_OVER,,2022/2023,2,CARRY_OVER,2023-01-15T00:00:00
1428,303,2022,2,53.17,17,2,CARRY_OVER,,2022/2023,2,CARRY_OVER,2023-06-15T00:00:00
1429,304,2021,1,65.66,20,0,PROMOTED,,2021/2022,1,PROMOTED,2022-01-15T00:00:00
1430,304,2021,2,67.61,20,0,PROMOTED,,2021/2022,1,PROMOTED,2022-06-15T00:00:00
1431,305,2021,1,74.19,17,0,PROMOTED,,2021/2022,1,PROMOTED,2022-01-15T00:00:00
1432,305,2021,2,85.45,19,0,PROMOTED,,2021/2022,1,PROMOTED,2022-06-15T00:00:00
1433,305,2022,1,74.29,16,0,PROMOTED,,2022/2023,2,PROMOTED,2023-01-15T00:00:00
1434,305,2022,2,74.5,15,0,PROMOTED,,2022/2023,2,PROMOTED,2023-06-15T00:00:00
1435,305,2023,1,76.61,17,0,PROMOTED,,2023/2024,3,PROMOTED,2024-01-15T00:00:00
1436,305,2023,2,50.94,17,2,CARRY_OVER,,2023/2024,3,CARRY_OVER,2024-06-15T00:00:00
1437,305,2024,1,52.05,18,2,CARRY_OVER,,2024/2025,4,CARRY_OVER,2025-01-15T00:00:00
1438,305,2024,2,54.04,17,1,CARRY_OVER,,2024/2025,4,CARRY_OVER,2025-06-15T00:00:00
1439,306,2021,1,67.52,18,0,PROMOTED,,2021/2022,1,PROMOTED,2022-01-15T00:00:00
1440,306,2021,2,49.54,19,1,CARRY_OVER,,2021/2022,1,CARRY_OVER,2022-06-15T00:00:00
1441,307,2021,1,63.72,15,2,CARRY_OVER,,2021/2022,1,CARRY_OVER,2022-01-15T00:00:00
1442,307,2021,2,55.58,20,0,REPEATER,,2021/2022,1,REPEATER,2022-06-15T00:00:00
1443,307,2022,1,77.85,16,0,PROMOTED,,2022/2023,2,PROMOTED,2023-01-15T00:00:00
1444,307,2022,2,77.25,18,0,PROMOTED,,2022/2023,2,PROMOTED,2023-06-15T00:00:00
1445,307,2023,1,68.39,19,0,PROMOTED,,2023/2024,3,PROMOTED,2024-01-15T00:00:00
1446,307,2023,2,49.2,16,2,CARRY_OVER,,2023/2024,3,CARRY_OVER,2024-06-15T00:00:00
1447,309,2021,1,69.15,15,0,PROMOTED,,2021/2022,1,PROMOTED,2022-01-15T00:00:00
1448,309,2021,2,75.94,20,0,PROMOTED,,2021/2022,1,PROMOTED,2022-06-15T00:00:00
1449,309,2022,1,81.73,17,0,PROMOTED,,2022/2023,2,PROMOTED,2023-01-15T00:00:00
1450,309,2022,2,93.04,17,0,PROMOTED,,2022/2023,2,PROMOTED,2023-06-15T00:00:00
1451,309,2023,1,85.42,18,0,PROMOTED,,2023/2024,3,PROMOTED,2024-01-15T00:00:00
1452,309,2023,2,73.98,18,0,PROMOTED,,2023/2024,3,PROMOTED,2024-06-15T00:00:00
1453,310,2021,1,68.58,16,0,PROMOTED,,2021/2022,1,PROMOTED,2022-01-15T00:00:00
1454,310,2021,2,63.08,17,1,CARRY_OVER,,2021/2022,1,CARRY_OVER,2022-06-15T00:00:00
1455,311,2021,1,88.27,17,0,PROMOTED,,2021/2022,1,PROMOTED,2022-01-15T00:00:00
1456,311,2021,2,74.0,20,0,PROMOTED,,2021/2022,1,PROMOTED,2022-06-15T00:00:00
1457,311,2022,1,79.57,15,0,PROMOTED,,2022/2023,2,PROMOTED,2023-01-15T00:00:00
1458,311,2022,2,64.92,18,0,PROMOTED,,2022/2023,2,PROMOTED,2023-06-15T00:00:00
1459,312,2021,1,57.11,19,0,REPEATER,,2021/2022,1,REPEATER,2022-01-15T00:00:00
1460,312,2021,2,67.2,19,0,PROMOTED,,2021/2022,1,PROMOTED,2022-06-15T00:00:00
1461,313,2021,1,68.36,17,0,PROMOTED,,2021/2022,1,PROMOTED,2022-01-15T00:00:00
1462,313,2021,2,74.3,19,0,PROMOTED,,2021/2022,1,PROMOTED,2022-06-15T00:00:00
1463,313,2022,1,63.15,18,2,CARRY_OVER,,2022/2023,2,CARRY_OVER,2023-01-15T00:00:00
1464,313,2022,2,72.3,15,0,PROMOTED,,2022/2023,2,PROMOTED,2023-06-15T00:00:00
1465,314,2021,1,86.13,15,0,PROMOTED,,2021/2022,1,PROMOTED,2022-01-15T00:00:00
1466,314,2021,2,51.92,20,1,CARRY_OVER,,2021/2022,1,CARRY_OVER,2022-06-15T00:00:00
1467,314,2022,1,46.6,16,0,REPEATER,,2022/2023,2,REPEATER,2023-01-15T00:00:00
1468,314,2022,2,86.95,15,0,PROMOTED,,2022/2023,2,PROMOTED,2023-06-15T00:00:00
1469,315,2021,1,54.44,16,0,REPEATER,,2021/2022,1,REPEATER,2022-01-15T00:00:00
1470,315,2021,2,67.44,18,0,PROMOTED,,2021/2022,1,PROMOTED,2022-06-15T00:00:00
1471,315,2022,1,79.3,20,0,PROMOTED,,2022/2023,2,PROMOTED,2023-01-15T00:00:00
1472,315,2022,2,71.29,19,0,PROMOTED,,2022/2023,2,PROMOTED,2023-06-15T00:00:00
1473,315,2023,1,71.12,19,0,PROMOTED,,2023/2024,3,PROMOTED,2024-01-15T00:00:00
1474,315,2023,2,72.87,18,0,PROMOTED,,2023/2024,3,PROMOTED,2024-06-15T00:00:00
1475,315,2024,1,100.0,15,0,PROMOTED,,2024/2025,4,PROMOTED,2025-01-15T00:00:00
1476,315,2024,2,93.37,15,0,PROMOTED,,2024/2025,4,PROMOTED,2025-06-15T00:00:00
1477,315,2025,1,63.68,16,2,CARRY_OVER,,2025/2026,5,CARRY_OVER,2026-01-15T00:00:00
1478,315,2025,2,84.61,17,0,PROMOTED,,2025/2026,5,PROMOTED,2026-06-15T00:00:00
1479,317,2021,1,78.07,18,0,PROMOTED,,2021/2022,1,PROMOTED,2022-01-15T00:00:00
1480,317,2021,2,71.77,18,0,PROMOTED,,2021/2022,1,PROMOTED,2022-06-15T00:00:00
1481,317,2022,1,61.11,20,2,CARRY_OVER,,2022/2023,2,CARRY_OVER,2023-01-15T00:00:00
1482,317,2022,2,77.42,15,0,PROMOTED,,2022/2023,2,PROMOTED,2023-06-15T00:00:00
1483,317,2023,1,68.33,16,0,PROMOTED,,2023/2024,3,PROMOTED,2024-01-15T00:00:00
1484,317,2023,2,67.45,20,0,PROMOTED,,2023/2024,3,PROMOTED,2024-06-15T00:00:00
1485,317,2024,1,62.8,20,2,CARRY_OVER,,2024/2025,4,CARRY_OVER,2025-01-15T00:00:00
1486,317,2024,2,84.0,19,0,PROMOTED,,2024/2025,4,PROMOTED,2025-06-15T00:00:00
1487,318,2021,1,62.79,19,2,CARRY_OVER,,2021/2022,1,CARRY_OVER,2022-01-15T00:00:00
1488,318,2021,2,62.86,20,2,CARRY_OVER,,2021/2022,1,CARRY_OVER,2022-06-15T00:00:00
1489,318,2022,1,81.34,16,0,PROMOTED,,2022/2023,2,PROMOTED,2023-01-15T00:00:00
1490,318,2022,2,70.27,15,0,PROMOTED,,2022/2023,2,PROMOTED,2023-06-15T00:00:00
1491,318,2023,1,70.59,20,0,PROMOTED,,2023/2024,3,PROMOTED,2024-01-15T00:00:00
1492,318,2023,2,84.39,18,0,PROMOTED,,2023/2024,3,PROMOTED,2024-06-15T00:00:00
1493,318,2024,1,87.76,17,0,PROMOTED,,2024/2025,4,PROMOTED,2025-01-15T00:00:00
1494,318,2024,2,46.47,15,1,CARRY_OVER,,2024/2025,4,CARRY_OVER,2025-06-15T00:00:00
1495,319,2021,1,70.45,20,0,PROMOTED,,2021/2022,1,PROMOTED,2022-01-15T00:00:00
1496,319,2021,2,55.08,20,0,REPEATER,,2021/2022,1,REPEATER,2022-06-15T00:00:00
1497,319,2022,1,67.36,16,0,PROMOTED,,2022/2023,2,PROMOTED,2023-01-15T00:00:00
1498,319,2022,2,71.92,20,0,PROMOTED,,2022/2023,2,PROMOTED,2023-06-15T00:00:00
1499,319,2023,1,67.74,19,0,PROMOTED,,2023/2024,3,PROMOTED,2024-01-15T00:00:00
1500,319,2023,2,59.7,20,2,CARRY_OVER,,2023/2024,3,CARRY_OVER,2024-06-15T00:00:00
1501,319,2024,1,59.09,19,1,CARRY_OVER,,2024/2025,4,CARRY_OVER,2025-01-15T00:00:00
1502,319,2024,2,80.74,19,0,PROMOTED,,2024/2025,4,PROMOTED,2025-06-15T00:00:00
1503,320,2021,1,90.42,16,0,PROMOTED,,2021/2022,1,PROMOTED,2022-01-15T00:00:00
1504,320,2021,2,47.27,15,1,CARRY_OVER,,2021/2022,1,CARRY_OVER,2022-06-15T00:00:00
1505,321,2021,1,68.07,20,0,PROMOTED,,2021/2022,1,PROMOTED,2022-01-15T00:00:00
1506,321,2021,2,80.78,17,0,PROMOTED,,2021/2022,1,PROMOTED,2022-06-15T00:00:00
1507,321,2022,1,71.61,20,0,PROMOTED,,2022/2023,2,PROMOTED,2023-01-15T00:00:00
1508,321,2022,2,58.64,15,1,CARRY_OVER,,2022/2023,2,CARRY_OVER,2023-06-15T00:00:00
1509,321,2023,1,66.27,16,0,PROMOTED,,2023/2024,3,PROMOTED,2024-01-15T00:00:00
1510,321,2023,2,75.63,16,0,PROMOTED,,2023/2024,3,PROMOTED,2024-06-15T00:00:00
1511,321,2024,1,68.31,19,0,PROMOTED,,2024/2025,4,PROMOTED,2025-01-15T00:00:00
1512,321,2024,2,71.42,20,0,PROMOTED,,2024/2025,4,PROMOTED,2025-06-15T00:00:00
1513,322,2021,1,71.77,18,0,PROMOTED,,2021/2022,1,PROMOTED,2022-01-15T00:00:00
1514,322,2021,2,65.71,20,0,PROMOTED,,2021/2022,1,PROMOTED,2022-06-15T00:00:00
1515,322,2022,1,81.8,19,0,PROMOTED,,2022/2023,2,PROMOTED,2023-01-15T00:00:00
1516,322,2022,2,66.27,19,0,PROMOTED,,2022/2023,2,PROMOTED,2023-06-15T00:00:00
1517,322,2023,1,59.93,17,2,CARRY_OVER,,2023/2024,3,CARRY_OVER,2024-01-15T00:00:00
1518,322,2023,2,98.76,16,0,PROMOTED,,2023/2024,3,PROMOTED,2024-06-15T00:00:00
1519,322,2024,1,71.07,19,0,PROMOTED,,2024/2025,4,PROMOTED,2025-01-15T00:00:00
1520,322,2024,2,40.8,20,1,CARRY_OVER,,2024/2025,4,CARRY_OVER,2025-06-15T00:00:00
1521,322,2025,1,87.06,20,0,PROMOTED,,2025/2026,5,PROMOTED,2026-01-15T00:00:00
1522,322,2025,2,87.02,19,0,PROMOTED,,2025/2026,5,PROMOTED,2026-06-15T00:00:00
1523,322,2026,1,77.49,19,0,PROMOTED,,2026/2027,6,PROMOTED,2027-01-15T00:00:00
1524,322,2026,2,79.58,19,0,PROMOTED,,2026/2027,6,PROMOTED,2027-06-15T00:00:00
1525,324,2021,1,97.92,18,0,PROMOTED,,2021/2022,1,PROMOTED,2022-01-15T00:00:00
1526,324,2021,2,60.45,20,2,CARRY_OVER,,2021/2022,1,CARRY_OVER,2022-06-15T00:00:00
1527,324,2022,1,73.6,15,0,PROMOTED,,2022/2023,2,PROMOTED,2023-01-15T00:00:00
1528,324,2022,2,95.64,19,0,PROMOTED,,2022/2023,2,PROMOTED,2023-06-15T00:00:00
1529,324,2023,1,98.18,17,0,PROMOTED,,2023/2024,3,PROMOTED,2024-01-15T00:00:00
1530,324,2023,2,67.61,16,0,PROMOTED,,2023/2024,3,PROMOTED,2024-06-15T00:00:00
1531,325,2021,1,96.12,19,0,PROMOTED,,2021/2022,1,PROMOTED,2022-01-15T00:00:00
1532,325,2021,2,81.63,18,0,PROMOTED,,2021/2022,1,PROMOTED,2022-06-15T00:00:00
1533,325,2022,1,89.94,18,0,PROMOTED,,2022/2023,2,PROMOTED,2023-01-15T00:00:00
1534,325,2022,2,81.24,20,0,PROMOTED,,2022/2023,2,PROMOTED,2023-06-15T00:00:00
1535,325,2023,1,75.67,16,0,PROMOTED,,2023/2024,3,PROMOTED,2024-01-15T00:00:00
1536,325,2023,2,98.51,15,0,PROMOTED,,2023/2024,3,PROMOTED,2024-06-15T00:00:00
1537,325,2024,1,65.66,20,0,PROMOTED,,2024/2025,4,PROMOTED,2025-01-15T00:00:00
1538,325,2024,2,94.83,19,0,PROMOTED,,2024/2025,4,PROMOTED,2025-06-15T00:00:00
1539,326,2021,1,96.73,15,0,PROMOTED,,2021/2022,1,PROMOTED,2022-01-15T00:00:00
1540,326,2021,2,88.36,20,0,PROMOTED,,2021/2022,1,PROMOTED,2022-06-15T00:00:00
1541,326,2022,1,71.14,15,0,PROMOTED,,2022/2023,2,PROMOTED,2023-01-15T00:00:00
1542,326,2022,2,74.93,18,0,PROMOTED,,2022/2023,2,PROMOTED,2023-06-15T00:00:00
1543,326,2023,1,56.7,18,0,REPEATER,,2023/2024,3,REPEATER,2024-01-15T00:00:00
1544,326,2023,2,66.57,19,0,PROMOTED,,2023/2024,3,PROMOTED,2024-06-15T00:00:00
1545,327,2021,1,79.45,17,0,PROMOTED,,2021/2022,1,PROMOTED,2022-01-15T00:00:00
1546,327,2021,2,54.88,19,2,CARRY_OVER,,2021/2022,1,CARRY_OVER,2022-06-15T00:00:00
1547,327,2022,1,68.43,19,0,PROMOTED,,2022/2023,2,PROMOTED,2023-01-15T00:00:00
1548,327,2022,2,95.34,20,0,PROMOTED,,2022/2023,2,PROMOTED,2023-06-15T00:00:00
1549,327,2023,1,70.15,20,0,PROMOTED,,2023/2024,3,PROMOTED,2024-01-15T00:00:00
1550,327,2023,2,84.4,17,0,PROMOTED,,2023/2024,3,PROMOTED,2024-06-15T00:00:00
1551,327,2024,1,78.8,17,0,PROMOTED,,2024/2025,4,PROMOTED,2025-01-15T00:00:00
1552,327,2024,2,68.31,17,0,PROMOTED,,2024/2025,4,PROMOTED,2025-06-15T00:00:00
1553,328,2021,1,70.14,18,0,PROMOTED,,2021/2022,1,PROMOTED,2022-01-15T00:00:00
1554,328,2021,2,74.0,20,0,PROMOTED,,2021/2022,1,PROMOTED,2022-06-15T00:00:00
1555,329,2021,1,47.39,20,2,CARRY_OVER,,2021/2022,1,CARRY_OVER,2022-01-15T00:00:00
1556,329,2021,2,83.36,17,0,PROMOTED,,2021/2022,1,PROMOTED,2022-06-15T00:00:00
1557,329,2022,1,70.58,17,0,PROMOTED,,2022/2023,2,PROMOTED,2023-01-15T00:00:00
1558,329,2022,2,83.78,17,0,PROMOTED,,2022/2023,2,PROMOTED,2023-06-15T00:00:00
1559,329,2023,1,76.66,15,0,PROMOTED,,2023/2024,3,PROMOTED,2024-01-15T00:00:00
1560,329,2023,2,70.05,15,0,PROMOTED,,2023/2024,3,PROMOTED,2024-06-15T00:00:00
1561,329,2024,1,74.37,18,0,PROMOTED,,2024/2025,4,PROMOTED,2025-01-15T00:00:00
1562,329,2024,2,74.41,18,0,PROMOTED,,2024/2025,4,PROMOTED,2025-06-15T00:00:00
1563,330,2021,1,89.71,19,0,PROMOTED,,2021/2022,1,PROMOTED,2022-01-15T00:00:00
1564,330,2021,2,72.75,16,0,PROMOTED,,2021/2022,1,PROMOTED,2022-06-15T00:00:00
1565,330,2022,1,75.46,20,0,PROMOTED,,2022/2023,2,PROMOTED,2023-01-15T00:00:00
1566,330,2022,2,56.86,16,1,CARRY_OVER,,2022/2023,2,CARRY_OVER,2023-06-15T00:00:00
1567,330,2023,1,71.44,18,0,PROMOTED,,2023/2024,3,PROMOTED,2024-01-15T00:00:00
1568,330,2023,2,89.45,20,0,PROMOTED,,2023/2024,3,PROMOTED,2024-06-15T00:00:00
1569,330,2024,1,77.15,17,0,PROMOTED,,2024/2025,4,PROMOTED,2025-01-15T00:00:00
1570,330,2024,2,59.03,20,1,CARRY_OVER,,2024/2025,4,CARRY_OVER,2025-06-15T00:00:00
1571,332,2021,1,60.31,17,0,PROMOTED,,2021/2022,1,PROMOTED,2022-01-15T00:00:00
1572,332,2021,2,63.1,17,1,CARRY_OVER,,2021/2022,1,CARRY_OVER,2022-06-15T00:00:00
1573,333,2021,1,84.0,19,0,PROMOTED,,2021/2022,1,PROMOTED,2022-01-15T00:00:00
1574,333,2021,2,82.52,15,0,PROMOTED,,2021/2022,1,PROMOTED,2022-06-15T00:00:00
1575,333,2022,1,30.55,18,2,CARRY_OVER,,2022/2023,2,CARRY_OVER,2023-01-15T00:00:00
1576,333,2022,2,71.02,15,0,PROMOTED,,2022/2023,2,PROMOTED,2023-06-15T00:00:00
1577,333,2023,1,73.77,20,0,PROMOTED,,2023/2024,3,PROMOTED,2024-01-15T00:00:00
1578,333,2023,2,60.45,16,1,CARRY_OVER,,2023/2024,3,CARRY_OVER,2024-06-15T00:00:00
1579,334,2021,1,67.31,17,0,PROMOTED,,2021/2022,1,PROMOTED,2022-01-15T00:00:00
1580,334,2021,2,87.97,19,0,PROMOTED,,2021/2022,1,PROMOTED,2022-06-15T00:00:00
1581,334,2022,1,76.91,20,0,PROMOTED,,2022/2023,2,PROMOTED,2023-01-15T00:00:00
1582,334,2022,2,66.01,19,0,PROMOTED,,2022/2023,2,PROMOTED,2023-06-15T00:00:00
1583,335,2021,1,69.75,16,0,PROMOTED,,2021/2022,1,PROMOTED,2022-01-15T00:00:00
1584,335,2021,2,69.27,19,0,PROMOTED,,2021/2022,1,PROMOTED,2022-06-15T00:00:00
1585,335,2022,1,75.38,19,0,PROMOTED,,2022/2023,2,PROMOTED,2023-01-15T00:00:00
1586,335,2022,2,54.84,20,1,CARRY_OVER,,2022/2023,2,CARRY_OVER,2023-06-15T00:00:00
1587,335,2023,1,63.96,20,2,CARRY_OVER,,2023/2024,3,CARRY_OVER,2024-01-15T00:00:00
1588,335,2023,2,84.42,19,0,PROMOTED,,2023/2024,3,PROMOTED,2024-06-15T00:00:00
1589,337,2021,1,71.13,20,0,PROMOTED,,2021/2022,1,PROMOTED,2022-01-15T00:00:00
1590,337,2021,2,61.8,18,0,PROMOTED,,2021/2022,1,PROMOTED,2022-06-15T00:00:00
1591,337,2022,1,62.3,20,2,CARRY_OVER,,2022/2023,2,CARRY_OVER,2023-01-15T00:00:00
1592,337,2022,2,80.65,19,0,PROMOTED,,2022/2023,2,PROMOTED,2023-06-15T00:00:00
1593,337,2023,1,65.79,18,0,PROMOTED,,2023/2024,3,PROMOTED,2024-01-15T00:00:00
1594,337,2023,2,78.13,17,0,PROMOTED,,2023/2024,3,PROMOTED,2024-06-15T00:00:00
1595,339,2021,1,64.48,17,2,CARRY_OVER,,2021/2022,1,CARRY_OVER,2022-01-15T00:00:00
1596,339,2021,2,58.44,19,1,CARRY_OVER,,2021/2022,1,CARRY_OVER,2022-06-15T00:00:00
1597,339,2022,1,74.93,16,0,PROMOTED,,2022/2023,2,PROMOTED,2023-01-15T00:00:00
1598,339,2022,2,70.83,20,0,PROMOTED,,2022/2023,2,PROMOTED,2023-06-15T00:00:00
1599,339,2023,1,80.22,18,0,PROMOTED,,2023/2024,3,PROMOTED,2024-01-15T00:00:00
1600,339,2023,2,82.61,17,0,PROMOTED,,2023/2024,3,PROMOTED,2024-06-15T00:00:00
1601,339,2024,1,67.7,18,0,PROMOTED,,2024/2025,4,PROMOTED,2025-01-15T00:00:00
1602,339,2024,2,76.19,20,0,PROMOTED,,2024/2025,4,PROMOTED,2025-06-15T00:00:00
1603,340,2021,1,67.33,19,0,PROMOTED,,2021/2022,1,PROMOTED,2022-01-15T00:00:00
1604,340,2021,2,79.6,15,0,PROMOTED,,2021/2022,1,PROMOTED,2022-06-15T00:00:00
1605,340,2022,1,74.8,18,0,PROMOTED,,2022/2023,2,PROMOTED,2023-01-15T00:00:00
1606,340,2022,2,64.51,19,1,CARRY_OVER,,2022/2023,2,CARRY_OVER,2023-06-15T00:00:00
1607,340,2023,1,63.51,16,1,CARRY_OVER,,2023/2024,3,CARRY_OVER,2024-01-15T00:00:00
1608,340,2023,2,75.22,17,0,PROMOTED,,2023/2024,3,PROMOTED,2024-06-15T00:00:00
1609,340,2024,1,85.95,20,0,PROMOTED,,2024/2025,4,PROMOTED,2025-01-15T00:00:00
1610,340,2024,2,82.82,15,0,PROMOTED,,2024/2025,4,PROMOTED,2025-06-15T00:00:00
1611,340,2025,1,60.68,20,1,CARRY_OVER,,2025/2026,5,CARRY_OVER,2026-01-15T00:00:00
1612,340,2025,2,61.95,15,0,PROMOTED,,2025/2026,5,PROMOTED,2026-06-15T00:00:00
1613,341,2021,1,63.71,20,1,CARRY_OVER,,2021/2022,1,CARRY_OVER,2022-01-15T00:00:00
1614,341,2021,2,64.84,15,2,CARRY_OVER,,2021/2022,1,CARRY_OVER,2022-06-15T00:00:00
1615,342,2021,1,50.2,18,2,CARRY_OVER,,2021/2022,1,CARRY_OVER,2022-01-15T00:00:00
1616,342,2021,2,81.48,18,0,PROMOTED,,2021/2022,1,PROMOTED,2022-06-15T00:00:00
1617,342,2022,1,66.53,18,0,PROMOTED,,2022/2023,2,PROMOTED,2023-01-15T00:00:00
1618,342,2022,2,77.54,15,0,PROMOTED,,2022/2023,2,PROMOTED,2023-06-15T00:00:00
1619,342,2023,1,68.21,20,0,PROMOTED,,2023/2024,3,PROMOTED,2024-01-15T00:00:00
1620,342,2023,2,71.72,20,0,PROMOTED,,2023/2024,3,PROMOTED,2024-06-15T00:00:00
1621,344,2021,1,63.78,17,0,PROMOTED,,2021/2022,1,PROMOTED,2022-01-15T00:00:00
1622,344,2021,2,71.66,20,0,PROMOTED,,2021/2022,1,PROMOTED,2022-06-15T00:00:00
1623,344,2022,1,61.55,20,0,PROMOTED,,2022/2023,2,PROMOTED,2023-01-15T00:00:00
1624,344,2022,2,71.75,20,0,PROMOTED,,2022/2023,2,PROMOTED,2023-06-15T00:00:00
1625,344,2023,1,89.49,15,0,PROMOTED,,2023/2024,3,PROMOTED,2024-01-15T00:00:00
1626,344,2023,2,78.25,18,0,PROMOTED,,2023/2024,3,PROMOTED,2024-06-15T00:00:00
1627,344,2024,1,75.49,19,0,PROMOTED,,2024/2025,4,PROMOTED,2025-01-15T00:00:00
1628,344,2024,2,56.16,16,2,CARRY_OVER,,2024/2025,4,CARRY_OVER,2025-06-15T00:00:00
1629,345,2021,1,78.81,18,0,PROMOTED,,2021/2022,1,PROMOTED,2022-01-15T00:00:00
1630,345,2021,2,79.97,19,0,PROMOTED,,2021/2022,1,PROMOTED,2022-06-15T00:00:00
1631,345,2022,1,75.22,16,0,PROMOTED,,2022/2023,2,PROMOTED,2023-01-15T00:00:00
1632,345,2022,2,74.57,16,0,PROMOTED,,2022/2023,2,PROMOTED,2023-06-15T00:00:00
1633,345,2023,1,70.32,16,0,PROMOTED,,2023/2024,3,PROMOTED,2024-01-15T00:00:00
1634,345,2023,2,79.79,16,0,PROMOTED,,2023/2024,3,PROMOTED,2024-06-15T00:00:00
1635,346,2021,1,88.76,20,0,PROMOTED,,2021/2022,1,PROMOTED,2022-01-15T00:00:00
1636,346,2021,2,75.97,20,0,PROMOTED,,2021/2022,1,PROMOTED,2022-06-15T00:00:00
1637,346,2022,1,60.34,17,2,CARRY_OVER,,2022/2023,2,CARRY_OVER,2023-01-15T00:00:00
1638,346,2022,2,61.26,15,1,CARRY_OVER,,2022/2023,2,CARRY_OVER,2023-06-15T00:00:00
1639,347,2021,1,80.71,16,0,PROMOTED,,2021/2022,1,PROMOTED,2022-01-15T00:00:00
1640,347,2021,2,60.44,18,0,PROMOTED,,2021/2022,1,PROMOTED,2022-06-15T00:00:00
1641,347,2022,1,74.41,19,0,PROMOTED,,2022/2023,2,PROMOTED,2023-01-15T00:00:00
1642,347,2022,2,67.85,19,0,PROMOTED,,2022/2023,2,PROMOTED,2023-06-15T00:00:00
1643,347,2023,1,59.13,17,2,CARRY_OVER,,2023/2024,3,CARRY_OVER,2024-01-15T00:00:00
1644,347,2023,2,81.99,16,0,PROMOTED,,2023/2024,3,PROMOTED,2024-06-15T00:00:00
1645,348,2021,1,80.48,19,0,PROMOTED,,2021/2022,1,PROMOTED,2022-01-15T00:00:00
1646,348,2021,2,55.73,20,1,CARRY_OVER,,2021/2022,1,CARRY_OVER,2022-06-15T00:00:00
1647,349,2021,1,77.78,15,0,PROMOTED,,2021/2022,1,PROMOTED,2022-01-15T00:00:00
1648,349,2021,2,76.02,20,0,PROMOTED,,2021/2022,1,PROMOTED,2022-06-15T00:00:00
1649,349,2022,1,82.05,16,0,PROMOTED,,2022/2023,2,PROMOTED,2023-01-15T00:00:00
1650,349,2022,2,74.0,16,0,PROMOTED,,2022/2023,2,PROMOTED,2023-06-15T00:00:00
1651,349,2023,1,89.12,15,0,PROMOTED,,2023/2024,3,PROMOTED,2024-01-15T00:00:00
1652,349,2023,2,70.48,16,0,PROMOTED,,2023/2024,3,PROMOTED,2024-06-15T00:00:00
1653,350,2021,1,68.73,20,0,PROMOTED,,2021/2022,1,PROMOTED,2022-01-15T00:00:00
1654,350,2021,2,60.3,17,1,CARRY_OVER,,2021/2022,1,CARRY_OVER,2022-06-15T00:00:00
1655,351,2021,1,60.79,16,0,PROMOTED,,2021/2022,1,PROMOTED,2022-01-15T00:00:00
1656,351,2021,2,59.71,16,1,CARRY_OVER,,2021/2022,1,CARRY_OVER,2022-06-15T00:00:00
1657,351,2022,1,74.62,17,0,PROMOTED,,2022/2023,2,PROMOTED,2023-01-15T00:00:00
1658,351,2022,2,68.77,20,0,PROMOTED,,2022/2023,2,PROMOTED,2023-06-15T00:00:00
1659,351,2023,1,75.97,20,0,PROMOTED,,2023/2024,3,PROMOTED,2024-01-15T00:00:00
1660,351,2023,2,57.49,17,2,CARRY_OVER,,2023/2024,3,CARRY_OVER,2024-06-15T00:00:00
1661,351,2024,1,61.73,17,0,PROMOTED,,2024/2025,4,PROMOTED,2025-01-15T00:00:00
1662,351,2024,2,61.53,18,2,CARRY_OVER,,2024/2025,4,CARRY_OVER,2025-06-15T00:00:00
1663,352,2021,1,98.03,16,0,PROMOTED,,2021/2022,1,PROMOTED,2022-01-15T00:00:00
1664,352,2021,2,70.01,17,0,PROMOTED,,2021/2022,1,PROMOTED,2022-06-15T00:00:00
1665,352,2022,1,71.2,19,0,PROMOTED,,2022/2023,2,PROMOTED,2023-01-15T00:00:00
1666,352,2022,2,71.07,20,0,PROMOTED,,2022/2023,2,PROMOTED,2023-06-15T00:00:00
1667,352,2023,1,90.63,15,0,PROMOTED,,2023/2024,3,PROMOTED,2024-01-15T00:00:00
1668,352,2023,2,52.64,16,0,REPEATER,,2023/2024,3,REPEATER,2024-06-15T00:00:00
1669,354,2021,1,71.28,16,0,PROMOTED,,2021/2022,1,PROMOTED,2022-01-15T00:00:00
1670,354,2021,2,52.53,17,0,REPEATER,,2021/2022,1,REPEATER,2022-06-15T00:00:00
1671,354,2022,1,43.44,18,1,CARRY_OVER,,2022/2023,2,CARRY_OVER,2023-01-15T00:00:00
1672,354,2022,2,63.19,17,0,PROMOTED,,2022/2023,2,PROMOTED,2023-06-15T00:00:00
1673,355,2021,1,76.95,18,0,PROMOTED,,2021/2022,1,PROMOTED,2022-01-15T00:00:00
1674,355,2021,2,62.43,17,2,CARRY_OVER,,2021/2022,1,CARRY_OVER,2022-06-15T00:00:00
1675,355,2022,1,76.75,15,0,PROMOTED,,2022/2023,2,PROMOTED,2023-01-15T00:00:00
1676,355,2022,2,73.28,19,0,PROMOTED,,2022/2023,2,PROMOTED,2023-06-15T00:00:00
1677,355,2023,1,70.33,16,0,PROMOTED,,2023/2024,3,PROMOTED,2024-01-15T00:00:00
1678,355,2023,2,87.18,20,0,PROMOTED,,2023/2024,3,PROMOTED,2024-06-15T00:00:00
1679,356,2021,1,64.85,17,1,CARRY_OVER,,2021/2022,1,CARRY_OVER,2022-01-15T00:00:00
1680,356,2021,2,76.57,17,0,PROMOTED,,2021/2022,1,PROMOTED,2022-06-15T00:00:00
1681,356,2022,1,50.36,20,1,CARRY_OVER,,2022/2023,2,CARRY_OVER,2023-01-15T00:00:00
1682,356,2022,2,73.19,18,0,PROMOTED,,2022/2023,2,PROMOTED,2023-06-15T00:00:00
1683,356,2023,1,68.91,15,0,PROMOTED,,2023/2024,3,PROMOTED,2024-01-15T00:00:00
1684,356,2023,2,57.81,15,0,REPEATER,,2023/2024,3,REPEATER,2024-06-15T00:00:00
1685,356,2024,1,76.78,15,0,PROMOTED,,2024/2025,4,PROMOTED,2025-01-15T00:00:00
1686,356,2024,2,63.13,15,1,CARRY_OVER,,2024/2025,4,CARRY_OVER,2025-06-15T00:00:00
1687,356,2025,1,92.79,18,0,PROMOTED,,2025/2026,5,PROMOTED,2026-01-15T00:00:00
1688,356,2025,2,42.79,15,1,CARRY_OVER,,2025/2026,5,CARRY_OVER,2026-06-15T00:00:00
1689,357,2021,1,74.98,16,0,PROMOTED,,2021/2022,1,PROMOTED,2022-01-15T00:00:00
1690,357,2021,2,72.51,18,0,PROMOTED,,2021/2022,1,PROMOTED,2022-06-15T00:00:00
1691,357,2022,1,68.63,17,0,PROMOTED,,2022/2023,2,PROMOTED,2023-01-15T00:00:00
1692,357,2022,2,65.65,17,0,PROMOTED,,2022/2023,2,PROMOTED,2023-06-15T00:00:00
1693,357,2023,1,72.82,17,0,PROMOTED,,2023/2024,3,PROMOTED,2024-01-15T00:00:00
1694,357,2023,2,84.75,19,0,PROMOTED,,2023/2024,3,PROMOTED,2024-06-15T00:00:00
1695,360,2021,1,51.93,18,1,CARRY_OVER,,2021/2022,1,CARRY_OVER,2022-01-15T00:00:00
1696,360,2021,2,62.33,15,1,CARRY_OVER,,2021/2022,1,CARRY_OVER,2022-06-15T00:00:00
1697,361,2021,1,59.4,15,0,REPEATER,,2021/2022,1,REPEATER,2022-01-15T00:00:00
1698,361,2021,2,58.83,19,2,CARRY_OVER,,2021/2022,1,CARRY_OVER,2022-06-15T00:00:00
1699,361,2022,1,76.11,16,0,PROMOTED,,2022/2023,2,PROMOTED,2023-01-15T00:00:00
1700,361,2022,2,79.07,20,0,PROMOTED,,2022/2023,2,PROMOTED,2023-06-15T00:00:00
1701,362,2021,1,84.78,19,0,PROMOTED,,2021/2022,1,PROMOTED,2022-01-15T00:00:00
1702,362,2021,2,79.26,15,0,PROMOTED,,2021/2022,1,PROMOTED,2022-06-15T00:00:00
1703,362,2022,1,80.23,20,0,PROMOTED,,2022/2023,2,PROMOTED,2023-01-15T00:00:00
1704,362,2022,2,55.06,18,0,REPEATER,,2022/2023,2,REPEATER,2023-06-15T00:00:00
1705,362,2023,1,89.8,20,0,PROMOTED,,2023/2024,3,PROMOTED,2024-01-15T00:00:00
1706,362,2023,2,69.48,20,0,PROMOTED,,2023/2024,3,PROMOTED,2024-06-15T00:00:00
1707,362,2024,1,84.4,15,0,PROMOTED,,2024/2025,4,PROMOTED,2025-01-15T00:00:00
1708,362,2024,2,55.49,17,1,CARRY_OVER,,2024/2025,4,CARRY_OVER,2025-06-15T00:00:00
1709,363,2021,1,69.1,15,0,PROMOTED,,2021/2022,1,PROMOTED,2022-01-15T00:00:00
1710,363,2021,2,83.32,18,0,PROMOTED,,2021/2022,1,PROMOTED,2022-06-15T00:00:00
1711,363,2022,1,72.34,20,0,PROMOTED,,2022/2023,2,PROMOTED,2023-01-15T00:00:00
1712,363,2022,2,62.95,15,1,CARRY_OVER,,2022/2023,2,CARRY_OVER,2023-06-15T00:00:00
1713,363,2023,1,87.72,16,0,PROMOTED,,2023/2024,3,PROMOTED,2024-01-15T00:00:00
1714,363,2023,2,57.94,16,0,REPEATER,,2023/2024,3,REPEATER,2024-06-15T00:00:00
1715,363,2024,1,71.75,19,0,PROMOTED,,2024/2025,4,PROMOTED,2025-01-15T00:00:00
1716,363,2024,2,79.68,20,0,PROMOTED,,2024/2025,4,PROMOTED,2025-06-15T00:00:00
1717,363,2025,1,97.15,16,0,PROMOTED,,2025/2026,5,PROMOTED,2026-01-15T00:00:00
1718,363,2025,2,66.5,20,0,PROMOTED,,2025/2026,5,PROMOTED,2026-06-15T00:00:00
1719,364,2021,1,68.68,20,0,PROMOTED,,2021/2022,1,PROMOTED,2022-01-15T00:00:00
1720,364,2021,2,66.66,20,0,PROMOTED,,2021/2022,1,PROMOTED,2022-06-15T00:00:00
1721,364,2022,1,74.86,15,0,PROMOTED,,2022/2023,2,PROMOTED,2023-01-15T00:00:00
1722,364,2022,2,79.06,17,0,PROMOTED,,2022/2023,2,PROMOTED,2023-06-15T00:00:00
1723,364,2023,1,85.12,18,0,PROMOTED,,2023/2024,3,PROMOTED,2024-01-15T00:00:00
1724,364,2023,2,81.07,17,0,PROMOTED,,2023/2024,3,PROMOTED,2024-06-15T00:00:00
1725,364,2024,1,66.03,17,0,PROMOTED,,2024/2025,4,PROMOTED,2025-01-15T00:00:00
1726,364,2024,2,81.76,18,0,PROMOTED,,2024/2025,4,PROMOTED,2025-06-15T00:00:00
1727,365,2021,1,73.1,19,0,PROMOTED,,2021/2022,1,PROMOTED,2022-01-15T00:00:00
1728,365,2021,2,80.94,20,0,PROMOTED,,2021/2022,1,PROMOTED,2022-06-15T00:00:00
1729,365,2022,1,81.63,17,0,PROMOTED,,2022/2023,2,PROMOTED,2023-01-15T00:00:00
1730,365,2022,2,91.56,16,0,PROMOTED,,2022/2023,2,PROMOTED,2023-06-15T00:00:00
1731,366,2021,1,67.74,20,0,PROMOTED,,2021/2022,1,PROMOTED,2022-01-15T00:00:00
1732,366,2021,2,65.45,15,0,PROMOTED,,2021/2022,1,PROMOTED,2022-06-15T00:00:00
1733,367,2021,1,77.37,17,0,PROMOTED,,2021/2022,1,PROMOTED,2022-01-15T00:00:00
1734,367,2021,2,86.19,17,0,PROMOTED,,2021/2022,1,PROMOTED,2022-06-15T00:00:00
1735,367,2022,1,72.7,17,0,PROMOTED,,2022/2023,2,PROMOTED,2023-01-15T00:00:00
1736,367,2022,2,86.97,17,0,PROMOTED,,2022/2023,2,PROMOTED,2023-06-15T00:00:00
1737,367,2023,1,80.28,17,0,PROMOTED,,2023/2024,3,PROMOTED,2024-01-15T00:00:00
1738,367,2023,2,69.59,19,0,PROMOTED,,2023/2024,3,PROMOTED,2024-06-15T00:00:00
1739,368,2021,1,78.76,17,0,PROMOTED,,2021/2022,1,PROMOTED,2022-01-15T00:00:00
1740,368,2021,2,66.78,15,0,PROMOTED,,2021/2022,1,PROMOTED,2022-06-15T00:00:00
1741,368,2022,1,74.86,16,0,PROMOTED,,2022/2023,2,PROMOTED,2023-01-15T00:00:00
1742,368,2022,2,59.12,16,1,CARRY_OVER,,2022/2023,2,CARRY_OVER,2023-06-15T00:00:00
1743,368,2023,1,71.18,20,0,PROMOTED,,2023/2024,3,PROMOTED,2024-01-15T00:00:00
1744,368,2023,2,84.0,17,0,PROMOTED,,2023/2024,3,PROMOTED,2024-06-15T00:00:00
1745,369,2021,1,81.21,18,0,PROMOTED,,2021/2022,1,PROMOTED,2022-01-15T00:00:00
1746,369,2021,2,79.45,15,0,PROMOTED,,2021/2022,1,PROMOTED,2022-06-15T00:00:00
1747,369,2022,1,75.45,18,0,PROMOTED,,2022/2023,2,PROMOTED,2023-01-15T00:00:00
1748,369,2022,2,73.92,18,0,PROMOTED,,2022/2023,2,PROMOTED,2023-06-15T00:00:00
1749,370,2021,1,56.8,19,1,CARRY_OVER,,2021/2022,1,CARRY_OVER,2022-01-15T00:00:00
1750,370,2021,2,69.53,19,0,PROMOTED,,2021/2022,1,PROMOTED,2022-06-15T00:00:00
1751,370,2022,1,74.19,20,0,PROMOTED,,2022/2023,2,PROMOTED,2023-01-15T00:00:00
1752,370,2022,2,58.51,16,1,CARRY_OVER,,2022/2023,2,CARRY_OVER,2023-06-15T00:00:00
1753,370,2023,1,50.98,20,0,REPEATER,,2023/2024,3,REPEATER,2024-01-15T00:00:00
1754,370,2023,2,85.55,16,0,PROMOTED,,2023/2024,3,PROMOTED,2024-06-15T00:00:00
1755,370,2024,1,72.61,18,0,PROMOTED,,2024/2025,4,PROMOTED,2025-01-15T00:00:00
1756,370,2024,2,74.52,18,0,PROMOTED,,2024/2025,4,PROMOTED,2025-06-15T00:00:00
1757,371,2021,1,78.67,16,0,PROMOTED,,2021/2022,1,PROMOTED,2022-01-15T00:00:00
1758,371,2021,2,60.21,20,2,CARRY_OVER,,2021/2022,1,CARRY_OVER,2022-06-15T00:00:00
1759,371,2022,1,67.16,19,0,PROMOTED,,2022/2023,2,PROMOTED,2023-01-15T00:00:00
1760,371,2022,2,90.05,15,0,PROMOTED,,2022/2023,2,PROMOTED,2023-06-15T00:00:00
1761,371,2023,1,66.14,17,0,PROMOTED,,2023/2024,3,PROMOTED,2024-01-15T00:00:00
1762,371,2023,2,68.81,20,0,PROMOTED,,2023/2024,3,PROMOTED,2024-06-15T00:00:00
1763,371,2024,1,63.97,15,1,CARRY_OVER,,2024/2025,4,CARRY_OVER,2025-01-15T00:00:00
1764,371,2024,2,63.11,19,0,PROMOTED,,2024/2025,4,PROMOTED,2025-06-15T00:00:00
1765,371,2025,1,85.27,16,0,PROMOTED,,2025/2026,5,PROMOTED,2026-01-15T00:00:00
1766,371,2025,2,42.28,20,2,CARRY_OVER,,2025/2026,5,CARRY_OVER,2026-06-15T00:00:00
1767,371,2026,1,66.52,16,0,PROMOTED,,2026/2027,6,PROMOTED,2027-01-15T00:00:00
1768,371,2026,2,74.7,18,0,PROMOTED,,2026/2027,6,PROMOTED,2027-06-15T00:00:00
1769,372,2021,1,92.36,19,0,PROMOTED,,2021/2022,1,PROMOTED,2022-01-15T00:00:00
1770,372,2021,2,58.38,20,1,CARRY_OVER,,2021/2022,1,CARRY_OVER,2022-06-15T00:00:00
1771,372,2022,1,56.33,16,2,CARRY_OVER,,2022/2023,2,CARRY_OVER,2023-01-15T00:00:00
1772,372,2022,2,61.68,19,1,CARRY_OVER,,2022/2023,2,CARRY_OVER,2023-06-15T00:00:00
1773,374,2021,1,80.42,15,0,PROMOTED,,2021/2022,1,PROMOTED,2022-01-15T00:00:00
1774,374,2021,2,73.5,16,0,PROMOTED,,2021/2022,1,PROMOTED,2022-06-15T00:00:00
1775,374,2022,1,54.69,16,2,CARRY_OVER,,2022/2023,2,CARRY_OVER,2023-01-15T00:00:00
1776,374,2022,2,73.19,16,0,PROMOTED,,2022/2023,2,PROMOTED,2023-06-15T00:00:00
1777,374,2023,1,90.62,15,0,PROMOTED,,2023/2024,3,PROMOTED,2024-01-15T00:00:00
1778,374,2023,2,75.17,19,0,PROMOTED,,2023/2024,3,PROMOTED,2024-06-15T00:00:00
1779,377,2021,1,73.97,18,0,PROMOTED,,2021/2022,1,PROMOTED,2022-01-15T00:00:00
1780,377,2021,2,74.7,17,0,PROMOTED,,2021/2022,1,PROMOTED,2022-06-15T00:00:00
1781,377,2022,1,76.97,17,0,PROMOTED,,2022/2023,2,PROMOTED,2023-01-15T00:00:00
1782,377,2022,2,56.79,15,2,CARRY_OVER,,2022/2023,2,CARRY_OVER,2023-06-15T00:00:00
1783,377,2023,1,69.22,18,0,PROMOTED,,2023/2024,3,PROMOTED,2024-01-15T00:00:00
1784,377,2023,2,69.84,15,0,PROMOTED,,2023/2024,3,PROMOTED,2024-06-15T00:00:00
1785,377,2024,1,66.2,18,0,PROMOTED,,2024/2025,4,PROMOTED,2025-01-15T00:00:00
1786,377,2024,2,80.23,19,0,PROMOTED,,2024/2025,4,PROMOTED,2025-06-15T00:00:00
1787,378,2021,1,64.39,18,0,PROMOTED,,2021/2022,1,PROMOTED,2022-01-15T00:00:00
1788,378,2021,2,67.68,20,0,PROMOTED,,2021/2022,1,PROMOTED,2022-06-15T00:00:00
1789,379,2021,1,56.88,15,1,CARRY_OVER,,2021/2022,1,CARRY_OVER,2022-01-15T00:00:00
1790,379,2021,2,76.54,20,0,PROMOTED,,2021/2022,1,PROMOTED,2022-06-15T00:00:00
1791,379,2022,1,83.3,15,0,PROMOTED,,2022/2023,2,PROMOTED,2023-01-15T00:00:00
1792,379,2022,2,67.67,17,0,PROMOTED,,2022/2023,2,PROMOTED,2023-06-15T00:00:00
1793,380,2021,1,81.69,20,0,PROMOTED,,2021/2022,1,PROMOTED,2022-01-15T00:00:00
1794,380,2021,2,70.24,15,0,PROMOTED,,2021/2022,1,PROMOTED,2022-06-15T00:00:00
1795,381,2021,1,41.67,15,0,REPEATER,,2021/2022,1,REPEATER,2022-01-15T00:00:00
1796,381,2021,2,71.38,15,0,PROMOTED,,2021/2022,1,PROMOTED,2022-06-15T00:00:00
1797,381,2022,1,69.89,16,0,PROMOTED,,2022/2023,2,PROMOTED,2023-01-15T00:00:00
1798,381,2022,2,73.24,19,0,PROMOTED,,2022/2023,2,PROMOTED,2023-06-15T00:00:00
1799,381,2023,1,75.04,16,0,PROMOTED,,2023/2024,3,PROMOTED,2024-01-15T00:00:00
1800,381,2023,2,63.79,17,1,CARRY_OVER,,2023/2024,3,CARRY_OVER,2024-06-15T00:00:00
1801,382,2021,1,89.66,19,0,PROMOTED,,2021/2022,1,PROMOTED,2022-01-15T00:00:00
1802,382,2021,2,71.21,15,0,PROMOTED,,2021/2022,1,PROMOTED,2022-06-15T00:00:00
1803,382,2022,1,69.6,18,0,PROMOTED,,2022/2023,2,PROMOTED,2023-01-15T00:00:00
1804,382,2022,2,80.93,18,0,PROMOTED,,2022/2023,2,PROMOTED,2023-06-15T00:00:00
1805,382,2023,1,72.22,19,0,PROMOTED,,2023/2024,3,PROMOTED,2024-01-15T00:00:00
1806,382,2023,2,100.0,18,0,PROMOTED,,2023/2024,3,PROMOTED,2024-06-15T00:00:00
1807,383,2021,1,69.48,16,0,PROMOTED,,2021/2022,1,PROMOTED,2022-01-15T00:00:00
1808,383,2021,2,76.22,15,0,PROMOTED,,2021/2022,1,PROMOTED,2022-06-15T00:00:00
1809,383,2022,1,63.01,16,1,CARRY_OVER,,2022/2023,2,CARRY_OVER,2023-01-15T00:00:00
1810,383,2022,2,82.45,20,0,PROMOTED,,2022/2023,2,PROMOTED,2023-06-15T00:00:00
1811,384,2021,1,75.7,15,0,PROMOTED,,2021/2022,1,PROMOTED,2022-01-15T00:00:00
1812,384,2021,2,67.93,19,0,PROMOTED,,2021/2022,1,PROMOTED,2022-06-15T00:00:00
1813,384,2022,1,61.53,16,2,CARRY_OVER,,2022/2023,2,CARRY_OVER,2023-01-15T00:00:00
1814,384,2022,2,56.29,16,2,CARRY_OVER,,2022/2023,2,CARRY_OVER,2023-06-15T00:00:00
1815,384,2023,1,77.02,20,0,PROMOTED,,2023/2024,3,PROMOTED,2024-01-15T00:00:00
1816,384,2023,2,55.36,19,0,REPEATER,,2023/2024,3,REPEATER,2024-06-15T00:00:00
1817,385,2021,1,87.7,20,0,PROMOTED,,2021/2022,1,PROMOTED,2022-01-15T00:00:00
1818,385,2021,2,56.85,15,2,CARRY_OVER,,2021/2022,1,CARRY_OVER,2022-06-15T00:00:00
1819,385,2022,1,69.86,20,0,PROMOTED,,2022/2023,2,PROMOTED,2023-01-15T00:00:00
1820,385,2022,2,61.42,16,2,CARRY_OVER,,2022/2023,2,CARRY_OVER,2023-06-15T00:00:00
1821,386,2021,1,72.39,19,0,PROMOTED,,2021/2022,1,PROMOTED,2022-01-15T00:00:00
1822,386,2021,2,72.32,18,0,PROMOTED,,2021/2022,1,PROMOTED,2022-06-15T00:00:00
1823,386,2022,1,77.34,20,0,PROMOTED,,2022/2023,2,PROMOTED,2023-01-15T00:00:00
1824,386,2022,2,53.68,16,2,CARRY_OVER,,2022/2023,2,CARRY_OVER,2023-06-15T00:00:00
1825,386,2023,1,62.84,15,0,PROMOTED,,2023/2024,3,PROMOTED,2024-01-15T00:00:00
1826,386,2023,2,83.65,17,0,PROMOTED,,2023/2024,3,PROMOTED,2024-06-15T00:00:00
1827,386,2024,1,79.9,16,0,PROMOTED,,2024/2025,4,PROMOTED,2025-01-15T00:00:00
1828,386,2024,2,42.01,18,0,REPEATER,,2024/2025,4,REPEATER,2025-06-15T00:00:00
1829,387,2021,1,76.53,15,0,PROMOTED,,2021/2022,1,PROMOTED,2022-01-15T00:00:00
1830,387,2021,2,59.61,16,0,REPEATER,,2021/2022,1,REPEATER,2022-06-15T00:00:00
1831,387,2022,1,64.9,15,1,CARRY_OVER,,2022/2023,2,CARRY_OVER,2023-01-15T00:00:00
1832,387,2022,2,69.27,15,0,PROMOTED,,2022/2023,2,PROMOTED,2023-06-15T00:00:00
1833,388,2021,1,90.69,19,0,PROMOTED,,2021/2022,1,PROMOTED,2022-01-15T00:00:00
1834,388,2021,2,59.49,16,0,REPEATER,,2021/2022,1,REPEATER,2022-06-15T00:00:00
1835,388,2022,1,55.15,16,2,CARRY_OVER,,2022/2023,2,CARRY_OVER,2023-01-15T00:00:00
1836,388,2022,2,77.4,20,0,PROMOTED,,2022/2023,2,PROMOTED,2023-06-15T00:00:00
1837,388,2023,1,71.66,18,0,PROMOTED,,2023/2024,3,PROMOTED,2024-01-15T00:00:00
1838,388,2023,2,86.48,18,0,PROMOTED,,2023/2024,3,PROMOTED,2024-06-15T00:00:00
1839,389,2021,1,67.77,20,0,PROMOTED,,2021/2022,1,PROMOTED,2022-01-15T00:00:00
1840,389,2021,2,86.53,17,0,PROMOTED,,2021/2022,1,PROMOTED,2022-06-15T00:00:00
1841,389,2022,1,72.2,16,0,PROMOTED,,2022/2023,2,PROMOTED,2023-01-15T00:00:00
1842,389,2022,2,78.35,18,0,PROMOTED,,2022/2023,2,PROMOTED,2023-06-15T00:00:00
1843,389,2023,1,91.49,15,0,PROMOTED,,2023/2024,3,PROMOTED,2024-01-15T00:00:00
1844,389,2023,2,69.99,17,0,PROMOTED,,2023/2024,3,PROMOTED,2024-06-15T00:00:00
1845,389,2024,1,84.54,17,0,PROMOTED,,2024/2025,4,PROMOTED,2025-01-15T00:00:00
1846,389,2024,2,64.64,19,2,CARRY_OVER,,2024/2025,4,CARRY_OVER,2025-06-15T00:00:00
1847,389,2025,1,74.73,17,0,PROMOTED,,2025/2026,5,PROMOTED,2026-01-15T00:00:00
1848,389,2025,2,54.66,20,1,CARRY_OVER,,2025/2026,5,CARRY_OVER,2026-06-15T00:00:00
1849,389,2026,1,65.95,19,0,PROMOTED,,2026/2027,6,PROMOTED,2027-01-15T00:00:00
1850,389,2026,2,59.3,18,2,CARRY_OVER,,2026/2027,6,CARRY_OVER,2027-06-15T00:00:00
1851,390,2021,1,86.65,16,0,PROMOTED,,2021/2022,1,PROMOTED,2022-01-15T00:00:00
1852,390,2021,2,92.87,19,0,PROMOTED,,2021/2022,1,PROMOTED,2022-06-15T00:00:00
1853,390,2022,1,67.74,16,0,PROMOTED,,2022/2023,2,PROMOTED,2023-01-15T00:00:00
1854,390,2022,2,62.72,18,0,PROMOTED,,2022/2023,2,PROMOTED,2023-06-15T00:00:00
1855,390,2023,1,56.23,16,0,REPEATER,,2023/2024,3,REPEATER,2024-01-15T00:00:00
1856,390,2023,2,75.17,16,0,PROMOTED,,2023/2024,3,PROMOTED,2024-06-15T00:00:00
1857,390,2024,1,64.77,20,2,CARRY_OVER,,2024/2025,4,CARRY_OVER,2025-01-15T00:00:00
1858,390,2024,2,65.42,19,0,PROMOTED,,2024/2025,4,PROMOTED,2025-06-15T00:00:00
1859,391,2021,1,91.56,20,0,PROMOTED,,2021/2022,1,PROMOTED,2022-01-15T00:00:00
1860,391,2021,2,68.44,20,0,PROMOTED,,2021/2022,1,PROMOTED,2022-06-15T00:00:00
1861,391,2022,1,79.04,20,0,PROMOTED,,2022/2023,2,PROMOTED,2023-01-15T00:00:00
1862,391,2022,2,72.64,15,0,PROMOTED,,2022/2023,2,PROMOTED,2023-06-15T00:00:00
1863,391,2023,1,55.74,16,0,REPEATER,,2023/2024,3,REPEATER,2024-01-15T00:00:00
1864,391,2023,2,49.86,19,1,CARRY_OVER,,2023/2024,3,CARRY_OVER,2024-06-15T00:00:00
1865,391,2024,1,77.85,19,0,PROMOTED,,2024/2025,4,PROMOTED,2025-01-15T00:00:00
1866,391,2024,2,92.45,15,0,PROMOTED,,2024/2025,4,PROMOTED,2025-06-15T00:00:00
1867,392,2021,1,75.78,17,0,PROMOTED,,2021/2022,1,PROMOTED,2022-01-15T00:00:00
1868,392,2021,2,79.49,17,0,PROMOTED,,2021/2022,1,PROMOTED,2022-06-15T00:00:00
1869,394,2021,1,61.14,20,1,CARRY_OVER,,2021/2022,1,CARRY_OVER,2022-01-15T00:00:00
1870,394,2021,2,84.18,18,0,PROMOTED,,2021/2022,1,PROMOTED,2022-06-15T00:00:00
1871,394,2022,1,84.03,17,0,PROMOTED,,2022/2023,2,PROMOTED,2023-01-15T00:00:00
1872,394,2022,2,63.65,19,2,CARRY_OVER,,2022/2023,2,CARRY_OVER,2023-06-15T00:00:00
1873,396,2021,1,78.54,17,0,PROMOTED,,2021/2022,1,PROMOTED,2022-01-15T00:00:00
1874,396,2021,2,50.8,20,0,REPEATER,,2021/2022,1,REPEATER,2022-06-15T00:00:00
1875,396,2022,1,80.69,17,0,PROMOTED,,2022/2023,2,PROMOTED,2023-01-15T00:00:00
1876,396,2022,2,65.13,18,0,PROMOTED,,2022/2023,2,PROMOTED,2023-06-15T00:00:00
1877,396,2023,1,57.27,15,1,CARRY_OVER,,2023/2024,3,CARRY_OVER,2024-01-15T00:00:00
1878,396,2023,2,76.83,19,0,PROMOTED,,2023/2024,3,PROMOTED,2024-06-15T00:00:00
1879,396,2024,1,50.74,20,1,CARRY_OVER,,2024/2025,4,CARRY_OVER,2025-01-15T00:00:00
1880,396,2024,2,76.11,15,0,PROMOTED,,2024/2025,4,PROMOTED,2025-06-15T00:00:00
1881,397,2021,1,58.41,18,2,CARRY_OVER,,2021/2022,1,CARRY_OVER,2022-01-15T00:00:00
1882,397,2021,2,55.84,18,1,CARRY_OVER,,2021/2022,1,CARRY_OVER,2022-06-15T00:00:00
1883,397,2022,1,72.72,16,0,PROMOTED,,2022/2023,2,PROMOTED,2023-01-15T00:00:00
1884,397,2022,2,69.93,20,0,PROMOTED,,2022/2023,2,PROMOTED,2023-06-15T00:00:00
1885,397,2023,1,89.48,20,0,PROMOTED,,2023/2024,3,PROMOTED,2024-01-15T00:00:00
1886,397,2023,2,56.58,17,1,CARRY_OVER,,2023/2024,3,CARRY_OVER,2024-06-15T00:00:00
1887,398,2021,1,88.5,16,0,PROMOTED,,2021/2022,1,PROMOTED,2022-01-15T00:00:00
1888,398,2021,2,58.35,18,1,CARRY_OVER,,2021/2022,1,CARRY_OVER,2022-06-15T00:00:00
1889,399,2021,1,83.03,16,0,PROMOTED,,2021/2022,1,PROMOTED,2022-01-15T00:00:00
1890,399,2021,2,85.27,18,0,PROMOTED,,2021/2022,1,PROMOTED,2022-06-15T00:00:00
