id,student_id,session_id,instructor_id,timestamp,status
1,9,1,1,2025-10-01T12:04:00,present
2,10,1,1,2025-10-01T12:00:00,absent
3,51,1,1,2025-10-01T12:13:00,late
4,52,1,1,2025-10-01T12:22:00,present
5,94,1,1,2025-10-01T12:15:00,present
6,103,1,1,2025-10-01T12:27:00,present
7,207,1,1,2025-10-01T12:04:00,present
8,251,1,1,2025-10-01T12:02:00,present
9,271,1,1,2025-10-01T12:00:00,present
10,310,1,1,2025-10-01T12:26:00,present
11,363,1,1,2025-10-01T12:24:00,late
12,379,1,1,2025-10-01T12:23:00,present
13,2,2,1,2025-10-08T10:30:00,present
14,9,2,1,2025-10-08T10:13:00,late
15,10,2,1,2025-10-08T10:14:00,present
16,51,2,1,2025-10-08T10:22:00,present
17,103,2,1,2025-10-08T10:19:00,present
18,207,2,1,2025-10-08T10:16:00,present
19,251,2,1,2025-10-08T10:12:00,late
20,271,2,1,2025-10-08T10:21:00,present
21,310,2,1,2025-10-08T10:14:00,present
22,363,2,1,2025-10-08T10:26:00,late
23,379,2,1,2025-10-08T10:18:00,late
24,387,2,1,2025-10-08T10:22:00,late
25,2,3,1,2025-10-15T08:29:00,present
26,9,3,1,2025-10-15T08:02:00,present
27,10,3,1,2025-10-15T08:30:00,absent
28,52,3,1,2025-10-15T08:19:00,late
29,94,3,1,2025-10-15T08:26:00,present
30,103,3,1,2025-10-15T08:17:00,present
31,207,3,1,2025-10-15T08:02:00,present
32,251,3,1,2025-10-15T08:14:00,absent
33,271,3,1,2025-10-15T08:20:00,present
34,310,3,1,2025-10-15T08:26:00,present
35,363,3,1,2025-10-15T08:01:00,present
36,379,3,1,2025-10-15T08:20:00,present
37,387,3,1,2025-10-15T08:08:00,late
38,10,4,1,2025-10-22T10:27:00,present
39,51,4,1,2025-10-22T10:07:00,late
40,52,4,1,2025-10-22T10:17:00,absent
41,94,4,1,2025-10-22T10:00:00,present
42,103,4,1,2025-10-22T10:09:00,present
43,207,4,1,2025-10-22T10:06:00,present
44,251,4,1,2025-10-22T10:01:00,late
45,271,4,1,2025-10-22T10:02:00,present
46,310,4,1,2025-10-22T10:18:00,present
47,379,4,1,2025-10-22T10:15:00,late
48,3,5,10,2025-10-01T14:30:00,present
49,10,5,10,2025-10-01T14:11:00,absent
50,52,5,10,2025-10-01T14:30:00,present
51,113,5,10,2025-10-01T14:06:00,present
52,142,5,10,2025-10-01T14:12:00,present
53,171,5,10,2025-10-01T14:04:00,late
54,183,5,10,2025-10-01T14:03:00,present
55,202,5,10,2025-10-01T14:28:00,late
56,239,5,10,2025-10-01T14:03:00,absent
57,241,5,10,2025-10-01T14:24:00,present
58,255,5,10,2025-10-01T14:18:00,absent
59,271,5,10,2025-10-01T14:15:00,present
60,300,5,10,2025-10-01T14:27:00,present
61,387,5,10,2025-10-01T14:21:00,present
62,3,6,10,2025-10-08T14:28:00,late
63,10,6,10,2025-10-08T14:30:00,present
64,52,6,10,2025-10-08T14:28:00,present
65,113,6,10,2025-10-08T14:21:00,present
66,142,6,10,2025-10-08T14:24:00,present
67,171,6,10,2025-10-08T14:30:00,present
68,183,6,10,2025-10-08T14:23:00,late
69,202,6,10,2025-10-08T14:16:00,late
70,239,6,10,2025-10-08T14:10:00,present
71,241,6,10,2025-10-08T14:04:00,absent
72,255,6,10,2025-10-08T14:11:00,present
73,271,6,10,2025-10-08T14:30:00,absent
74,300,6,10,2025-10-08T14:28:00,present
75,354,6,10,2025-10-08T14:21:00,present
76,387,6,10,2025-10-08T14:06:00,present
77,3,7,10,2025-10-15T12:19:00,late
78,52,7,10,2025-10-15T12:20:00,present
79,113,7,10,2025-10-15T12:03:00,present
80,142,7,10,2025-10-15T12:04:00,present
81,171,7,10,2025-10-15T12:09:00,present
82,183,7,10,2025-10-15T12:25:00,present
83,202,7,10,2025-10-15T12:02:00,present
84,239,7,10,2025-10-15T12:14:00,late
85,241,7,10,2025-10-15T12:29:00,present
86,255,7,10,2025-10-15T12:02:00,present
87,271,7,10,2025-10-15T12:11:00,present
88,300,7,10,2025-10-15T12:02:00,late
89,354,7,10,2025-10-15T12:24:00,late
90,387,7,10,2025-10-15T12:15:00,present
91,3,8,10,2025-10-22T08:24:00,present
92,10,8,10,2025-10-22T08:20:00,present
93,52,8,10,2025-10-22T08:30:00,present
94,142,8,10,2025-10-22T08:01:00,late
95,171,8,10,2025-10-22T08:09:00,present
96,183,8,10,2025-10-22T08:27:00,present
97,202,8,10,2025-10-22T08:21:00,present
98,241,8,10,2025-10-22T08:27:00,late
99,255,8,10,2025-10-22T08:10:00,present
100,271,8,10,2025-10-22T08:21:00,present
101,300,8,10,2025-10-22T08:14:00,present
102,354,8,10,2025-10-22T08:28:00,late
103,387,8,10,2025-10-22T08:01:00,present
104,3,9,10,2025-10-29T10:20:00,present
105,52,9,10,2025-10-29T10:22:00,present
106,113,9,10,2025-10-29T10:00:00,present
107,142,9,10,2025-10-29T10:03:00,present
108,171,9,10,2025-10-29T10:05:00,present
109,183,9,10,2025-10-29T10:27:00,present
110,239,9,10,2025-10-29T10:14:00,present
111,241,9,10,2025-10-29T10:11:00,present
112,255,9,10,2025-10-29T10:20:00,late
113,271,9,10,2025-10-29T10:26:00,present
114,300,9,10,2025-10-29T10:02:00,absent
115,354,9,10,2025-10-29T10:03:00,present
116,387,9,10,2025-10-29T10:29:00,present
117,4,10,3,2025-10-01T12:13:00,present
118,16,10,3,2025-10-01T12:10:00,present
119,75,10,3,2025-10-01T12:19:00,present
120,142,10,3,2025-10-01T12:22:00,present
121,166,10,3,2025-10-01T12:03:00,present
122,183,10,3,2025-10-01T12:01:00,late
123,239,10,3,2025-10-01T12:30:00,present
124,241,10,3,2025-10-01T12:20:00,late
125,300,10,3,2025-10-01T12:18:00,present
126,328,10,3,2025-10-01T12:12:00,present
127,4,11,3,2025-10-08T08:25:00,present
128,16,11,3,2025-10-08T08:15:00,present
129,51,11,3,2025-10-08T08:06:00,present
130,75,11,3,2025-10-08T08:30:00,present
131,142,11,3,2025-10-08T08:13:00,present
132,166,11,3,2025-10-08T08:20:00,present
133,183,11,3,2025-10-08T08:04:00,present
134,241,11,3,2025-10-08T08:09:00,absent
135,300,11,3,2025-10-08T08:14:00,late
136,310,11,3,2025-10-08T08:16:00,late
137,328,11,3,2025-10-08T08:28:00,late
138,387,11,3,2025-10-08T08:26:00,present
139,16,12,3,2025-10-15T14:13:00,present
140,51,12,3,2025-10-15T14:24:00,absent
141,75,12,3,2025-10-15T14:06:00,present
142,142,12,3,2025-10-15T14:13:00,present
143,166,12,3,2025-10-15T14:17:00,present
144,183,12,3,2025-10-15T14:05:00,present
145,239,12,3,2025-10-15T14:13:00,present
146,241,12,3,2025-10-15T14:22:00,late
147,300,12,3,2025-10-15T14:26:00,present
148,328,12,3,2025-10-15T14:19:00,present
149,387,12,3,2025-10-15T14:23:00,absent
150,4,13,3,2025-10-22T14:19:00,present
151,51,13,3,2025-10-22T14:26:00,present
152,75,13,3,2025-10-22T14:23:00,present
153,142,13,3,2025-10-22T14:23:00,present
154,166,13,3,2025-10-22T14:04:00,absent
155,183,13,3,2025-10-22T14:29:00,present
156,241,13,3,2025-10-22T14:03:00,late
157,300,13,3,2025-10-22T14:21:00,present
158,310,13,3,2025-10-22T14:16:00,absent
159,328,13,3,2025-10-22T14:14:00,late
160,387,13,3,2025-10-22T14:27:00,late
161,16,14,3,2025-10-29T14:18:00,present
162,75,14,3,2025-10-29T14:06:00,absent
163,142,14,3,2025-10-29T14:17:00,present
164,166,14,3,2025-10-29T14:19:00,present
165,183,14,3,2025-10-29T14:11:00,late
166,239,14,3,2025-10-29T14:06:00,present
167,241,14,3,2025-10-29T14:18:00,late
168,300,14,3,2025-10-29T14:11:00,present
169,310,14,3,2025-10-29T14:00:00,present
170,328,14,3,2025-10-29T14:09:00,present
171,387,14,3,2025-10-29T14:27:00,present
172,16,15,3,2025-11-05T10:14:00,present
173,51,15,3,2025-11-05T10:11:00,present
174,75,15,3,2025-11-05T10:17:00,present
175,142,15,3,2025-11-05T10:24:00,present
176,166,15,3,2025-11-05T10:29:00,present
177,183,15,3,2025-11-05T10:13:00,present
178,239,15,3,2025-11-05T10:17:00,present
179,241,15,3,2025-11-05T10:17:00,present
180,300,15,3,2025-11-05T10:09:00,present
181,310,15,3,2025-11-05T10:22:00,absent
182,328,15,3,2025-11-05T10:20:00,late
183,387,15,3,2025-11-05T10:19:00,present
184,4,16,3,2025-11-12T12:28:00,present
185,16,16,3,2025-11-12T12:02:00,late
186,51,16,3,2025-11-12T12:03:00,present
187,166,16,3,2025-11-12T12:03:00,present
188,183,16,3,2025-11-12T12:24:00,present
189,239,16,3,2025-11-12T12:17:00,late
190,300,16,3,2025-11-12T12:18:00,present
191,310,16,3,2025-11-12T12:21:00,present
192,328,16,3,2025-11-12T12:13:00,absent
193,387,16,3,2025-11-12T12:24:00,late
194,2,17,16,2025-10-01T14:12:00,present
195,10,17,16,2025-10-01T14:30:00,present
196,32,17,16,2025-10-01T14:29:00,late
197,51,17,16,2025-10-01T14:29:00,present
198,56,17,16,2025-10-01T14:22:00,present
199,62,17,16,2025-10-01T14:12:00,present
200,103,17,16,2025-10-01T14:07:00,absent
201,113,17,16,2025-10-01T14:08:00,present
202,142,17,16,2025-10-01T14:08:00,late
203,166,17,16,2025-10-01T14:28:00,late
204,183,17,16,2025-10-01T14:13:00,present
205,241,17,16,2025-10-01T14:00:00,present
206,251,17,16,2025-10-01T14:13:00,present
207,300,17,16,2025-10-01T14:26:00,present
208,310,17,16,2025-10-01T14:26:00,present
209,313,17,16,2025-10-01T14:10:00,late
210,2,18,16,2025-10-08T10:30:00,present
211,4,18,16,2025-10-08T10:13:00,late
212,10,18,16,2025-10-08T10:12:00,present
213,16,18,16,2025-10-08T10:20:00,present
214,32,18,16,2025-10-08T10:01:00,present
215,51,18,16,2025-10-08T10:18:00,present
216,56,18,16,2025-10-08T10:30:00,present
217,62,18,16,2025-10-08T10:23:00,present
218,94,18,16,2025-10-08T10:28:00,present
219,103,18,16,2025-10-08T10:05:00,present
220,113,18,16,2025-10-08T10:03:00,present
221,142,18,16,2025-10-08T10:04:00,present
222,166,18,16,2025-10-08T10:20:00,present
223,183,18,16,2025-10-08T10:12:00,absent
224,241,18,16,2025-10-08T10:20:00,present
225,251,18,16,2025-10-08T10:26:00,present
226,255,18,16,2025-10-08T10:30:00,present
227,284,18,16,2025-10-08T10:02:00,present
228,310,18,16,2025-10-08T10:20:00,present
229,313,18,16,2025-10-08T10:04:00,present
230,4,19,16,2025-10-15T08:29:00,present
231,10,19,16,2025-10-15T08:18:00,present
232,16,19,16,2025-10-15T08:23:00,present
233,32,19,16,2025-10-15T08:14:00,present
234,51,19,16,2025-10-15T08:24:00,present
235,56,19,16,2025-10-15T08:07:00,absent
236,62,19,16,2025-10-15T08:07:00,present
237,94,19,16,2025-10-15T08:17:00,present
238,103,19,16,2025-10-15T08:23:00,present
239,113,19,16,2025-10-15T08:25:00,present
240,142,19,16,2025-10-15T08:08:00,present
241,166,19,16,2025-10-15T08:08:00,present
242,255,19,16,2025-10-15T08:27:00,present
243,300,19,16,2025-10-15T08:19:00,present
244,2,20,16,2025-10-22T08:05:00,present
245,10,20,16,2025-10-22T08:11:00,present
246,16,20,16,2025-10-22T08:06:00,present
247,32,20,16,2025-10-22T08:15:00,present
248,51,20,16,2025-10-22T08:13:00,present
249,62,20,16,2025-10-22T08:02:00,late
250,94,20,16,2025-10-22T08:13:00,present
251,103,20,16,2025-10-22T08:10:00,present
252,113,20,16,2025-10-22T08:14:00,present
253,142,20,16,2025-10-22T08:05:00,absent
254,166,20,16,2025-10-22T08:28:00,present
255,183,20,16,2025-10-22T08:18:00,present
256,241,20,16,2025-10-22T08:27:00,present
257,255,20,16,2025-10-22T08:11:00,present
258,284,20,16,2025-10-22T08:19:00,present
259,300,20,16,2025-10-22T08:00:00,present
260,310,20,16,2025-10-22T08:23:00,late
261,313,20,16,2025-10-22T08:03:00,present
262,2,21,16,2025-10-29T08:00:00,present
263,4,21,16,2025-10-29T08:16:00,absent
264,10,21,16,2025-10-29T08:04:00,present
265,16,21,16,2025-10-29T08:11:00,present
266,51,21,16,2025-10-29T08:10:00,present
267,94,21,16,2025-10-29T08:04:00,present
268,103,21,16,2025-10-29T08:15:00,present
269,113,21,16,2025-10-29T08:02:00,absent
270,142,21,16,2025-10-29T08:17:00,present
271,166,21,16,2025-10-29T08:14:00,present
272,183,21,16,2025-10-29T08:15:00,present
273,241,21,16,2025-10-29T08:30:00,late
274,251,21,16,2025-10-29T08:06:00,absent
275,255,21,16,2025-10-29T08:06:00,late
276,284,21,16,2025-10-29T08:28:00,present
277,300,21,16,2025-10-29T08:30:00,present
278,310,21,16,2025-10-29T08:18:00,present
279,313,21,16,2025-10-29T08:18:00,present
280,2,22,16,2025-11-05T10:25:00,present
281,4,22,16,2025-11-05T10:23:00,present
282,10,22,16,2025-11-05T10:28:00,present
283,16,22,16,2025-11-05T10:19:00,present
284,32,22,16,2025-11-05T10:26:00,present
285,51,22,16,2025-11-05T10:03:00,present
286,56,22,16,2025-11-05T10:13:00,present
287,62,22,16,2025-11-05T10:11:00,present
288,94,22,16,2025-11-05T10:20:00,present
289,103,22,16,2025-11-05T10:14:00,late
290,113,22,16,2025-11-05T10:01:00,present
291,142,22,16,2025-11-05T10:08:00,present
292,166,22,16,2025-11-05T10:09:00,present
293,183,22,16,2025-11-05T10:28:00,absent
294,241,22,16,2025-11-05T10:30:00,present
295,251,22,16,2025-11-05T10:12:00,present
296,284,22,16,2025-11-05T10:10:00,present
297,300,22,16,2025-11-05T10:05:00,present
298,310,22,16,2025-11-05T10:02:00,present
299,313,22,16,2025-11-05T10:11:00,present
300,2,23,16,2025-11-12T10:24:00,absent
301,4,23,16,2025-11-12T10:00:00,present
302,10,23,16,2025-11-12T10:00:00,late
303,16,23,16,2025-11-12T10:06:00,present
304,32,23,16,2025-11-12T10:25:00,present
305,51,23,16,2025-11-12T10:07:00,absent
306,56,23,16,2025-11-12T10:12:00,present
307,62,23,16,2025-11-12T10:06:00,present
308,94,23,16,2025-11-12T10:03:00,present
309,103,23,16,2025-11-12T10:22:00,present
310,113,23,16,2025-11-12T10:28:00,present
311,142,23,16,2025-11-12T10:21:00,present
312,183,23,16,2025-11-12T10:13:00,present
313,241,23,16,2025-11-12T10:13:00,present
314,251,23,16,2025-11-12T10:10:00,present
315,255,23,16,2025-11-12T10:01:00,present
316,284,23,16,2025-11-12T10:15:00,present
317,310,23,16,2025-11-12T10:03:00,present
318,7,24,2,2025-10-01T10:10:00,present
319,34,24,2,2025-10-01T10:07:00,present
320,42,24,2,2025-10-01T10:09:00,late
321,64,24,2,2025-10-01T10:18:00,present
322,67,24,2,2025-10-01T10:29:00,present
323,72,24,2,2025-10-01T10:04:00,present
324,81,24,2,2025-10-01T10:12:00,present
325,90,24,2,2025-10-01T10:16:00,present
326,130,24,2,2025-10-01T10:02:00,late
327,135,24,2,2025-10-01T10:26:00,present
328,190,24,2,2025-10-01T10:23:00,late
329,211,24,2,2025-10-01T10:10:00,late
330,234,24,2,2025-10-01T10:12:00,late
331,298,24,2,2025-10-01T10:15:00,absent
332,317,24,2,2025-10-01T10:12:00,present
333,318,24,2,2025-10-01T10:14:00,present
334,377,24,2,2025-10-01T10:20:00,present
335,7,25,2,2025-10-08T08:03:00,present
336,34,25,2,2025-10-08T08:30:00,present
337,42,25,2,2025-10-08T08:00:00,present
338,44,25,2,2025-10-08T08:26:00,present
339,72,25,2,2025-10-08T08:22:00,present
340,81,25,2,2025-10-08T08:07:00,present
341,83,25,2,2025-10-08T08:06:00,present
342,90,25,2,2025-10-08T08:25:00,present
343,91,25,2,2025-10-08T08:28:00,late
344,130,25,2,2025-10-08T08:00:00,present
345,135,25,2,2025-10-08T08:27:00,present
346,211,25,2,2025-10-08T08:01:00,present
347,280,25,2,2025-10-08T08:02:00,present
348,298,25,2,2025-10-08T08:22:00,present
349,317,25,2,2025-10-08T08:25:00,present
350,318,25,2,2025-10-08T08:22:00,present
351,377,25,2,2025-10-08T08:04:00,present
352,7,26,2,2025-10-15T12:03:00,present
353,42,26,2,2025-10-15T12:24:00,present
354,44,26,2,2025-10-15T12:27:00,present
355,64,26,2,2025-10-15T12:13:00,present
356,67,26,2,2025-10-15T12:21:00,present
357,81,26,2,2025-10-15T12:18:00,absent
358,83,26,2,2025-10-15T12:15:00,present
359,90,26,2,2025-10-15T12:10:00,present
360,91,26,2,2025-10-15T12:15:00,present
361,130,26,2,2025-10-15T12:08:00,present
362,135,26,2,2025-10-15T12:22:00,present
363,211,26,2,2025-10-15T12:27:00,present
364,234,26,2,2025-10-15T12:20:00,absent
365,280,26,2,2025-10-15T12:06:00,present
366,298,26,2,2025-10-15T12:02:00,present
367,317,26,2,2025-10-15T12:01:00,present
368,318,26,2,2025-10-15T12:21:00,present
369,377,26,2,2025-10-15T12:26:00,present
370,7,27,2,2025-10-22T14:15:00,present
371,42,27,2,2025-10-22T14:18:00,late
372,44,27,2,2025-10-22T14:16:00,present
373,64,27,2,2025-10-22T14:24:00,present
374,67,27,2,2025-10-22T14:22:00,absent
375,72,27,2,2025-10-22T14:04:00,present
376,81,27,2,2025-10-22T14:03:00,absent
377,83,27,2,2025-10-22T14:07:00,present
378,90,27,2,2025-10-22T14:12:00,late
379,91,27,2,2025-10-22T14:27:00,present
380,130,27,2,2025-10-22T14:06:00,late
381,135,27,2,2025-10-22T14:06:00,absent
382,211,27,2,2025-10-22T14:21:00,present
383,234,27,2,2025-10-22T14:27:00,absent
384,280,27,2,2025-10-22T14:03:00,present
385,317,27,2,2025-10-22T14:23:00,present
386,34,28,9,2025-10-01T14:08:00,present
387,73,28,9,2025-10-01T14:14:00,present
388,77,28,9,2025-10-01T14:03:00,present
389,81,28,9,2025-10-01T14:02:00,present
390,83,28,9,2025-10-01T14:06:00,present
391,86,28,9,2025-10-01T14:16:00,late
392,88,28,9,2025-10-01T14:10:00,late
393,91,28,9,2025-10-01T14:03:00,present
394,130,28,9,2025-10-01T14:29:00,present
395,135,28,9,2025-10-01T14:09:00,present
396,140,28,9,2025-10-01T14:05:00,present
397,189,28,9,2025-10-01T14:16:00,present
398,190,28,9,2025-10-01T14:16:00,present
399,234,28,9,2025-10-01T14:21:00,present
400,298,28,9,2025-10-01T14:03:00,absent
401,342,28,9,2025-10-01T14:01:00,present
402,34,29,9,2025-10-08T14:18:00,present
403,67,29,9,2025-10-08T14:02:00,present
404,73,29,9,2025-10-08T14:08:00,present
405,77,29,9,2025-10-08T14:19:00,present
406,81,29,9,2025-10-08T14:12:00,present
407,83,29,9,2025-10-08T14:03:00,present
408,86,29,9,2025-10-08T14:26:00,present
409,88,29,9,2025-10-08T14:08:00,absent
410,90,29,9,2025-10-08T14:05:00,late
411,91,29,9,2025-10-08T14:11:00,present
412,112,29,9,2025-10-08T14:22:00,present
413,130,29,9,2025-10-08T14:23:00,present
414,140,29,9,2025-10-08T14:29:00,present
415,189,29,9,2025-10-08T14:15:00,present
416,190,29,9,2025-10-08T14:27:00,present
417,234,29,9,2025-10-08T14:07:00,present
418,297,29,9,2025-10-08T14:21:00,present
419,342,29,9,2025-10-08T14:28:00,present
420,34,30,9,2025-10-15T12:30:00,absent
421,73,30,9,2025-10-15T12:10:00,absent
422,81,30,9,2025-10-15T12:28:00,present
423,86,30,9,2025-10-15T12:27:00,present
424,90,30,9,2025-10-15T12:15:00,late
425,91,30,9,2025-10-15T12:15:00,present
426,112,30,9,2025-10-15T12:15:00,late
427,135,30,9,2025-10-15T12:18:00,present
428,140,30,9,2025-10-15T12:09:00,late
429,189,30,9,2025-10-15T12:16:00,present
430,190,30,9,2025-10-15T12:24:00,late
431,298,30,9,2025-10-15T12:23:00,absent
432,342,30,9,2025-10-15T12:15:00,present
433,34,31,9,2025-10-22T12:17:00,present
434,67,31,9,2025-10-22T12:15:00,absent
435,73,31,9,2025-10-22T12:14:00,present
436,81,31,9,2025-10-22T12:22:00,late
437,83,31,9,2025-10-22T12:16:00,present
438,86,31,9,2025-10-22T12:27:00,present
439,88,31,9,2025-10-22T12:26:00,present
440,90,31,9,2025-10-22T12:03:00,present
441,91,31,9,2025-10-22T12:16:00,late
442,112,31,9,2025-10-22T12:00:00,present
443,135,31,9,2025-10-22T12:07:00,present
444,140,31,9,2025-10-22T12:04:00,present
445,189,31,9,2025-10-22T12:00:00,present
446,190,31,9,2025-10-22T12:23:00,late
447,234,31,9,2025-10-22T12:13:00,absent
448,297,31,9,2025-10-22T12:23:00,present
449,342,31,9,2025-10-22T12:12:00,late
450,24,32,13,2025-10-01T10:30:00,late
451,34,32,13,2025-10-01T10:20:00,present
452,44,32,13,2025-10-01T10:28:00,absent
453,67,32,13,2025-10-01T10:30:00,present
454,73,32,13,2025-10-01T10:05:00,present
455,88,32,13,2025-10-01T10:21:00,late
456,90,32,13,2025-10-01T10:10:00,present
457,112,32,13,2025-10-01T10:13:00,late
458,135,32,13,2025-10-01T10:08:00,late
459,140,32,13,2025-10-01T10:01:00,present
460,150,32,13,2025-10-01T10:22:00,late
461,233,32,13,2025-10-01T10:19:00,present
462,280,32,13,2025-10-01T10:18:00,present
463,297,32,13,2025-10-01T10:25:00,present
464,298,32,13,2025-10-01T10:03:00,absent
465,317,32,13,2025-10-01T10:15:00,present
466,318,32,13,2025-10-01T10:04:00,present
467,320,32,13,2025-10-01T10:04:00,present
468,342,32,13,2025-10-01T10:09:00,present
469,377,32,13,2025-10-01T10:21:00,present
470,24,33,13,2025-10-08T10:15:00,present
471,34,33,13,2025-10-08T10:25:00,present
472,44,33,13,2025-10-08T10:14:00,present
473,73,33,13,2025-10-08T10:18:00,late
474,90,33,13,2025-10-08T10:00:00,present
475,112,33,13,2025-10-08T10:21:00,present
476,135,33,13,2025-10-08T10:01:00,absent
477,140,33,13,2025-10-08T10:11:00,present
478,150,33,13,2025-10-08T10:25:00,absent
479,233,33,13,2025-10-08T10:21:00,present
480,234,33,13,2025-10-08T10:17:00,late
481,280,33,13,2025-10-08T10:02:00,present
482,297,33,13,2025-10-08T10:04:00,present
483,298,33,13,2025-10-08T10:06:00,present
484,317,33,13,2025-10-08T10:29:00,late
485,320,33,13,2025-10-08T10:15:00,present
486,342,33,13,2025-10-08T10:07:00,present
487,377,33,13,2025-10-08T10:20:00,late
488,24,34,13,2025-10-15T10:12:00,late
489,34,34,13,2025-10-15T10:03:00,present
490,44,34,13,2025-10-15T10:29:00,late
491,67,34,13,2025-10-15T10:09:00,late
492,73,34,13,2025-10-15T10:13:00,present
493,88,34,13,2025-10-15T10:10:00,present
494,90,34,13,2025-10-15T10:04:00,present
495,112,34,13,2025-10-15T10:06:00,present
496,135,34,13,2025-10-15T10:13:00,present
497,140,34,13,2025-10-15T10:09:00,present
498,150,34,13,2025-10-15T10:09:00,present
499,233,34,13,2025-10-15T10:20:00,present
500,234,34,13,2025-10-15T10:05:00,present
501,280,34,13,2025-10-15T10:28:00,late
502,297,34,13,2025-10-15T10:03:00,absent
503,317,34,13,2025-10-15T10:10:00,present
504,318,34,13,2025-10-15T10:21:00,absent
505,320,34,13,2025-10-15T10:14:00,present
506,342,34,13,2025-10-15T10:14:00,present
507,377,34,13,2025-10-15T10:13:00,present
508,24,35,13,2025-10-22T10:29:00,present
509,34,35,13,2025-10-22T10:30:00,late
510,44,35,13,2025-10-22T10:02:00,present
511,67,35,13,2025-10-22T10:19:00,present
512,73,35,13,2025-10-22T10:25:00,present
513,88,35,13,2025-10-22T10:16:00,present
514,90,35,13,2025-10-22T10:19:00,present
515,112,35,13,2025-10-22T10:18:00,present
516,135,35,13,2025-10-22T10:01:00,present
517,140,35,13,2025-10-22T10:12:00,late
518,233,35,13,2025-10-22T10:14:00,absent
519,234,35,13,2025-10-22T10:27:00,present
520,280,35,13,2025-10-22T10:26:00,absent
521,317,35,13,2025-10-22T10:20:00,present
522,320,35,13,2025-10-22T10:26:00,present
523,342,35,13,2025-10-22T10:15:00,present
524,377,35,13,2025-10-22T10:27:00,present
525,34,36,13,2025-10-29T12:21:00,absent
526,44,36,13,2025-10-29T12:22:00,present
527,73,36,13,2025-10-29T12:04:00,present
528,88,36,13,2025-10-29T12:30:00,present
529,90,36,13,2025-10-29T12:07:00,present
530,112,36,13,2025-10-29T12:20:00,late
531,135,36,13,2025-10-29T12:09:00,present
532,140,36,13,2025-10-29T12:23:00,present
533,150,36,13,2025-10-29T12:00:00,present
534,233,36,13,2025-10-29T12:19:00,present
535,234,36,13,2025-10-29T12:03:00,present
536,297,36,13,2025-10-29T12:28:00,present
537,318,36,13,2025-10-29T12:15:00,present
538,342,36,13,2025-10-29T12:12:00,present
539,34,37,13,2025-11-05T08:05:00,late
540,44,37,13,2025-11-05T08:26:00,late
541,67,37,13,2025-11-05T08:08:00,present
542,73,37,13,2025-11-05T08:21:00,present
543,88,37,13,2025-11-05T08:21:00,present
544,90,37,13,2025-11-05T08:13:00,late
545,150,37,13,2025-11-05T08:07:00,present
546,233,37,13,2025-11-05T08:23:00,present
547,234,37,13,2025-11-05T08:06:00,present
548,280,37,13,2025-11-05T08:09:00,present
549,297,37,13,2025-11-05T08:03:00,present
550,298,37,13,2025-11-05T08:15:00,present
551,317,37,13,2025-11-05T08:08:00,present
552,318,37,13,2025-11-05T08:22:00,present
553,320,37,13,2025-11-05T08:14:00,present
554,342,37,13,2025-11-05T08:13:00,present
555,24,38,13,2025-11-12T12:03:00,present
556,34,38,13,2025-11-12T12:00:00,present
557,44,38,13,2025-11-12T12:01:00,present
558,67,38,13,2025-11-12T12:28:00,present
559,73,38,13,2025-11-12T12:14:00,late
560,90,38,13,2025-11-12T12:30:00,present
561,135,38,13,2025-11-12T12:14:00,present
562,140,38,13,2025-11-12T12:05:00,present
563,150,38,13,2025-11-12T12:27:00,present
564,233,38,13,2025-11-12T12:06:00,present
565,234,38,13,2025-11-12T12:22:00,present
566,280,38,13,2025-11-12T12:16:00,present
567,298,38,13,2025-11-12T12:11:00,late
568,317,38,13,2025-11-12T12:18:00,present
569,318,38,13,2025-11-12T12:22:00,late
570,320,38,13,2025-11-12T12:04:00,late
571,342,38,13,2025-11-12T12:24:00,present
572,377,38,13,2025-11-12T12:29:00,absent
573,25,39,17,2025-10-01T14:29:00,present
574,89,39,17,2025-10-01T14:15:00,absent
575,169,39,17,2025-10-01T14:15:00,present
576,210,39,17,2025-10-01T14:05:00,present
577,215,39,17,2025-10-01T14:29:00,present
578,283,39,17,2025-10-01T14:21:00,present
579,312,39,17,2025-10-01T14:04:00,present
580,315,39,17,2025-10-01T14:18:00,present
581,321,39,17,2025-10-01T14:11:00,present
582,325,39,17,2025-10-01T14:26:00,present
583,333,39,17,2025-10-01T14:01:00,present
584,397,39,17,2025-10-01T14:07:00,present
585,169,40,17,2025-10-08T10:15:00,absent
586,210,40,17,2025-10-08T10:07:00,late
587,215,40,17,2025-10-08T10:25:00,absent
588,283,40,17,2025-10-08T10:25:00,present
589,312,40,17,2025-10-08T10:28:00,present
590,315,40,17,2025-10-08T10:23:00,present
591,321,40,17,2025-10-08T10:24:00,late
592,325,40,17,2025-10-08T10:29:00,present
593,355,40,17,2025-10-08T10:03:00,present
594,25,41,17,2025-10-15T14:14:00,present
595,89,41,17,2025-10-15T14:19:00,absent
596,169,41,17,2025-10-15T14:00:00,present
597,210,41,17,2025-10-15T14:10:00,present
598,283,41,17,2025-10-15T14:04:00,present
599,312,41,17,2025-10-15T14:18:00,present
600,315,41,17,2025-10-15T14:06:00,present
601,321,41,17,2025-10-15T14:14:00,present
602,325,41,17,2025-10-15T14:07:00,present
603,333,41,17,2025-10-15T14:05:00,late
604,355,41,17,2025-10-15T14:16:00,present
605,397,41,17,2025-10-15T14:06:00,late
606,169,42,17,2025-10-22T08:03:00,late
607,210,42,17,2025-10-22T08:25:00,present
608,312,42,17,2025-10-22T08:18:00,present
609,315,42,17,2025-10-22T08:02:00,present
610,321,42,17,2025-10-22T08:21:00,late
611,325,42,17,2025-10-22T08:29:00,present
612,333,42,17,2025-10-22T08:16:00,present
613,355,42,17,2025-10-22T08:26:00,present
614,397,42,17,2025-10-22T08:26:00,present
615,25,43,17,2025-10-29T10:11:00,present
616,89,43,17,2025-10-29T10:28:00,present
617,169,43,17,2025-10-29T10:04:00,present
618,210,43,17,2025-10-29T10:14:00,present
619,215,43,17,2025-10-29T10:12:00,present
620,283,43,17,2025-10-29T10:18:00,present
621,315,43,17,2025-10-29T10:09:00,present
622,325,43,17,2025-10-29T10:01:00,present
623,333,43,17,2025-10-29T10:10:00,late
624,397,43,17,2025-10-29T10:09:00,present
625,25,44,6,2025-10-01T10:08:00,present
626,33,44,6,2025-10-01T10:11:00,present
627,114,44,6,2025-10-01T10:30:00,present
628,133,44,6,2025-10-01T10:17:00,present
629,169,44,6,2025-10-01T10:27:00,present
630,210,44,6,2025-10-01T10:19:00,late
631,224,44,6,2025-10-01T10:12:00,present
632,301,44,6,2025-10-01T10:17:00,present
633,315,44,6,2025-10-01T10:03:00,present
634,325,44,6,2025-10-01T10:29:00,present
635,348,44,6,2025-10-01T10:08:00,present
636,380,44,6,2025-10-01T10:01:00,present
637,397,44,6,2025-10-01T10:08:00,present
638,25,45,6,2025-10-08T10:28:00,present
639,33,45,6,2025-10-08T10:04:00,present
640,109,45,6,2025-10-08T10:26:00,present
641,114,45,6,2025-10-08T10:29:00,present
642,133,45,6,2025-10-08T10:29:00,present
643,169,45,6,2025-10-08T10:07:00,absent
644,210,45,6,2025-10-08T10:25:00,present
645,224,45,6,2025-10-08T10:28:00,present
646,301,45,6,2025-10-08T10:26:00,present
647,315,45,6,2025-10-08T10:01:00,late
648,325,45,6,2025-10-08T10:02:00,late
649,348,45,6,2025-10-08T10:19:00,present
650,380,45,6,2025-10-08T10:29:00,absent
651,25,46,6,2025-10-15T08:30:00,present
652,109,46,6,2025-10-15T08:03:00,present
653,133,46,6,2025-10-15T08:20:00,late
654,169,46,6,2025-10-15T08:15:00,late
655,210,46,6,2025-10-15T08:27:00,present
656,224,46,6,2025-10-15T08:07:00,present
657,325,46,6,2025-10-15T08:25:00,present
658,348,46,6,2025-10-15T08:19:00,present
659,380,46,6,2025-10-15T08:21:00,late
660,397,46,6,2025-10-15T08:00:00,present
661,25,47,6,2025-10-22T10:01:00,present
662,33,47,6,2025-10-22T10:12:00,present
663,109,47,6,2025-10-22T10:13:00,present
664,114,47,6,2025-10-22T10:17:00,present
665,169,47,6,2025-10-22T10:28:00,present
666,210,47,6,2025-10-22T10:28:00,absent
667,224,47,6,2025-10-22T10:06:00,late
668,301,47,6,2025-10-22T10:29:00,present
669,325,47,6,2025-10-22T10:18:00,late
670,380,47,6,2025-10-22T10:24:00,late
671,397,47,6,2025-10-22T10:25:00,late
672,25,48,6,2025-10-29T14:01:00,present
673,33,48,6,2025-10-29T14:00:00,present
674,109,48,6,2025-10-29T14:07:00,present
675,114,48,6,2025-10-29T14:02:00,present
676,169,48,6,2025-10-29T14:09:00,present
677,224,48,6,2025-10-29T14:20:00,present
678,301,48,6,2025-10-29T14:09:00,present
679,325,48,6,2025-10-29T14:21:00,present
680,397,48,6,2025-10-29T14:17:00,present
681,25,49,6,2025-11-05T08:22:00,present
682,33,49,6,2025-11-05T08:11:00,absent
683,109,49,6,2025-11-05T08:27:00,absent
684,114,49,6,2025-11-05T08:22:00,late
685,133,49,6,2025-11-05T08:11:00,absent
686,169,49,6,2025-11-05T08:09:00,present
687,210,49,6,2025-11-05T08:07:00,absent
688,224,49,6,2025-11-05T08:08:00,present
689,301,49,6,2025-11-05T08:17:00,present
690,315,49,6,2025-11-05T08:01:00,present
691,325,49,6,2025-11-05T08:13:00,present
692,348,49,6,2025-11-05T08:19:00,present
693,380,49,6,2025-11-05T08:02:00,present
694,397,49,6,2025-11-05T08:04:00,late
695,25,50,6,2025-11-12T12:16:00,present
696,33,50,6,2025-11-12T12:23:00,present
697,109,50,6,2025-11-12T12:03:00,late
698,114,50,6,2025-11-12T12:26:00,present
699,133,50,6,2025-11-12T12:01:00,present
700,169,50,6,2025-11-12T12:22:00,present
701,210,50,6,2025-11-12T12:24:00,present
702,224,50,6,2025-11-12T12:03:00,present
703,315,50,6,2025-11-12T12:08:00,absent
704,325,50,6,2025-11-12T12:12:00,present
705,348,50,6,2025-11-12T12:30:00,present
706,397,50,6,2025-11-12T12:19:00,late
707,25,51,6,2025-11-19T10:00:00,present
708,33,51,6,2025-11-19T10:12:00,present
709,109,51,6,2025-11-19T10:07:00,present
710,114,51,6,2025-11-19T10:05:00,present
711,133,51,6,2025-11-19T10:17:00,present
712,210,51,6,2025-11-19T10:17:00,present
713,224,51,6,2025-11-19T10:29:00,present
714,315,51,6,2025-11-19T10:28:00,absent
715,325,51,6,2025-11-19T10:26:00,present
716,348,51,6,2025-11-19T10:25:00,present
717,380,51,6,2025-11-19T10:06:00,present
718,397,51,6,2025-11-19T10:10:00,present
719,8,52,16,2025-10-01T08:19:00,present
720,33,52,16,2025-10-01T08:13:00,present
721,71,52,16,2025-10-01T08:29:00,late
722,89,52,16,2025-10-01T08:01:00,present
723,106,52,16,2025-10-01T08:17:00,present
724,109,52,16,2025-10-01T08:23:00,present
725,132,52,16,2025-10-01T08:09:00,present
726,136,52,16,2025-10-01T08:30:00,present
727,169,52,16,2025-10-01T08:13:00,present
728,265,52,16,2025-10-01T08:18:00,present
729,283,52,16,2025-10-01T08:08:00,present
730,295,52,16,2025-10-01T08:12:00,late
731,312,52,16,2025-10-01T08:29:00,absent
732,325,52,16,2025-10-01T08:29:00,late
733,8,53,16,2025-10-08T10:30:00,late
734,33,53,16,2025-10-08T10:07:00,present
735,71,53,16,2025-10-08T10:09:00,absent
736,89,53,16,2025-10-08T10:12:00,present
737,109,53,16,2025-10-08T10:08:00,absent
738,132,53,16,2025-10-08T10:25:00,absent
739,136,53,16,2025-10-08T10:24:00,present
740,169,53,16,2025-10-08T10:03:00,absent
741,265,53,16,2025-10-08T10:21:00,present
742,283,53,16,2025-10-08T10:08:00,present
743,295,53,16,2025-10-08T10:14:00,present
744,312,53,16,2025-10-08T10:14:00,present
745,8,54,16,2025-10-15T08:20:00,present
746,33,54,16,2025-10-15T08:06:00,present
747,71,54,16,2025-10-15T08:18:00,absent
748,89,54,16,2025-10-15T08:08:00,present
749,106,54,16,2025-10-15T08:17:00,late
750,109,54,16,2025-10-15T08:02:00,absent
751,132,54,16,2025-10-15T08:08:00,absent
752,136,54,16,2025-10-15T08:08:00,absent
753,169,54,16,2025-10-15T08:15:00,present
754,283,54,16,2025-10-15T08:04:00,absent
755,295,54,16,2025-10-15T08:20:00,late
756,8,55,16,2025-10-22T08:27:00,present
757,33,55,16,2025-10-22T08:10:00,present
758,89,55,16,2025-10-22T08:01:00,present
759,106,55,16,2025-10-22T08:08:00,present
760,109,55,16,2025-10-22T08:00:00,present
761,132,55,16,2025-10-22T08:27:00,present
762,136,55,16,2025-10-22T08:17:00,present
763,169,55,16,2025-10-22T08:19:00,present
764,265,55,16,2025-10-22T08:03:00,late
765,295,55,16,2025-10-22T08:16:00,present
766,325,55,16,2025-10-22T08:18:00,present
767,397,55,16,2025-10-22T08:26:00,present
768,8,56,16,2025-10-29T14:02:00,present
769,33,56,16,2025-10-29T14:28:00,absent
770,71,56,16,2025-10-29T14:00:00,present
771,89,56,16,2025-10-29T14:25:00,present
772,106,56,16,2025-10-29T14:13:00,present
773,109,56,16,2025-10-29T14:11:00,present
774,132,56,16,2025-10-29T14:09:00,late
775,136,56,16,2025-10-29T14:05:00,present
776,169,56,16,2025-10-29T14:09:00,present
777,265,56,16,2025-10-29T14:29:00,present
778,283,56,16,2025-10-29T14:03:00,present
779,295,56,16,2025-10-29T14:25:00,present
780,312,56,16,2025-10-29T14:22:00,present
781,325,56,16,2025-10-29T14:16:00,present
782,397,56,16,2025-10-29T14:22:00,present
783,8,57,16,2025-11-05T14:06:00,present
784,33,57,16,2025-11-05T14:18:00,absent
785,89,57,16,2025-11-05T14:12:00,absent
786,106,57,16,2025-11-05T14:20:00,present
787,136,57,16,2025-11-05T14:07:00,late
788,169,57,16,2025-11-05T14:18:00,present
789,265,57,16,2025-11-05T14:23:00,present
790,283,57,16,2025-11-05T14:23:00,late
791,312,57,16,2025-11-05T14:25:00,absent
792,397,57,16,2025-11-05T14:16:00,absent
793,8,58,16,2025-11-12T12:10:00,present
794,33,58,16,2025-11-12T12:26:00,present
795,71,58,16,2025-11-12T12:29:00,late
796,89,58,16,2025-11-12T12:07:00,present
797,106,58,16,2025-11-12T12:11:00,present
798,109,58,16,2025-11-12T12:10:00,present
799,132,58,16,2025-11-12T12:03:00,present
800,136,58,16,2025-11-12T12:14:00,present
801,169,58,16,2025-11-12T12:28:00,present
802,265,58,16,2025-11-12T12:02:00,absent
803,283,58,16,2025-11-12T12:16:00,present
804,312,58,16,2025-11-12T12:15:00,present
805,325,58,16,2025-11-12T12:14:00,present
806,397,58,16,2025-11-12T12:07:00,present
807,25,59,4,2025-10-01T10:26:00,present
808,59,59,4,2025-10-01T10:29:00,present
809,89,59,4,2025-10-01T10:24:00,late
810,109,59,4,2025-10-01T10:21:00,present
811,114,59,4,2025-10-01T10:04:00,absent
812,132,59,4,2025-10-01T10:25:00,present
813,224,59,4,2025-10-01T10:10:00,present
814,299,59,4,2025-10-01T10:16:00,present
815,325,59,4,2025-10-01T10:18:00,present
816,333,59,4,2025-10-01T10:28:00,late
817,348,59,4,2025-10-01T10:28:00,present
818,25,60,4,2025-10-08T12:14:00,present
819,109,60,4,2025-10-08T12:17:00,late
820,114,60,4,2025-10-08T12:15:00,absent
821,132,60,4,2025-10-08T12:04:00,late
822,224,60,4,2025-10-08T12:26:00,present
823,265,60,4,2025-10-08T12:22:00,late
824,299,60,4,2025-10-08T12:02:00,present
825,333,60,4,2025-10-08T12:29:00,present
826,348,60,4,2025-10-08T12:13:00,present
827,25,61,4,2025-10-15T14:12:00,present
828,59,61,4,2025-10-15T14:07:00,present
829,89,61,4,2025-10-15T14:03:00,present
830,109,61,4,2025-10-15T14:26:00,late
831,114,61,4,2025-10-15T14:18:00,present
832,132,61,4,2025-10-15T14:03:00,present
833,224,61,4,2025-10-15T14:01:00,present
834,299,61,4,2025-10-15T14:30:00,absent
835,325,61,4,2025-10-15T14:13:00,present
836,333,61,4,2025-10-15T14:23:00,present
837,348,61,4,2025-10-15T14:09:00,late
838,25,62,4,2025-10-22T14:22:00,late
839,89,62,4,2025-10-22T14:24:00,present
840,109,62,4,2025-10-22T14:26:00,present
841,114,62,4,2025-10-22T14:02:00,late
842,132,62,4,2025-10-22T14:00:00,present
843,224,62,4,2025-10-22T14:11:00,present
844,265,62,4,2025-10-22T14:14:00,late
845,299,62,4,2025-10-22T14:14:00,present
846,325,62,4,2025-10-22T14:23:00,present
847,333,62,4,2025-10-22T14:30:00,present
848,348,62,4,2025-10-22T14:07:00,present
849,25,63,4,2025-10-29T08:10:00,present
850,89,63,4,2025-10-29T08:16:00,late
851,109,63,4,2025-10-29T08:27:00,present
852,114,63,4,2025-10-29T08:09:00,present
853,132,63,4,2025-10-29T08:10:00,present
854,224,63,4,2025-10-29T08:30:00,present
855,299,63,4,2025-10-29T08:23:00,absent
856,325,63,4,2025-10-29T08:23:00,present
857,333,63,4,2025-10-29T08:16:00,present
858,348,63,4,2025-10-29T08:28:00,present
859,25,64,4,2025-10-01T12:03:00,present
860,71,64,4,2025-10-01T12:05:00,present
861,136,64,4,2025-10-01T12:14:00,present
862,224,64,4,2025-10-01T12:05:00,absent
863,252,64,4,2025-10-01T12:29:00,present
864,283,64,4,2025-10-01T12:19:00,present
865,295,64,4,2025-10-01T12:29:00,present
866,299,64,4,2025-10-01T12:08:00,late
867,333,64,4,2025-10-01T12:26:00,present
868,25,65,4,2025-10-08T08:05:00,present
869,106,65,4,2025-10-08T08:30:00,present
870,136,65,4,2025-10-08T08:17:00,present
871,224,65,4,2025-10-08T08:00:00,late
872,252,65,4,2025-10-08T08:26:00,present
873,295,65,4,2025-10-08T08:30:00,present
874,299,65,4,2025-10-08T08:13:00,absent
875,321,65,4,2025-10-08T08:16:00,late
876,25,66,4,2025-10-15T12:29:00,absent
877,106,66,4,2025-10-15T12:27:00,late
878,224,66,4,2025-10-15T12:15:00,present
879,252,66,4,2025-10-15T12:27:00,present
880,295,66,4,2025-10-15T12:21:00,present
881,321,66,4,2025-10-15T12:02:00,present
882,333,66,4,2025-10-15T12:07:00,present
883,25,67,4,2025-10-22T12:10:00,present
884,71,67,4,2025-10-22T12:10:00,present
885,106,67,4,2025-10-22T12:20:00,late
886,136,67,4,2025-10-22T12:21:00,present
887,224,67,4,2025-10-22T12:22:00,absent
888,252,67,4,2025-10-22T12:28:00,present
889,283,67,4,2025-10-22T12:13:00,present
890,299,67,4,2025-10-22T12:16:00,present
891,321,67,4,2025-10-22T12:26:00,present
892,333,67,4,2025-10-22T12:26:00,present
893,50,68,5,2025-10-01T14:01:00,late
894,71,68,5,2025-10-01T14:20:00,present
895,109,68,5,2025-10-01T14:30:00,present
896,110,68,5,2025-10-01T14:06:00,present
897,132,68,5,2025-10-01T14:04:00,present
898,169,68,5,2025-10-01T14:05:00,absent
899,224,68,5,2025-10-01T14:09:00,late
900,301,68,5,2025-10-01T14:02:00,present
901,312,68,5,2025-10-01T14:27:00,present
902,321,68,5,2025-10-01T14:06:00,present
903,397,68,5,2025-10-01T14:06:00,absent
904,50,69,5,2025-10-08T10:01:00,present
905,71,69,5,2025-10-08T10:08:00,present
906,106,69,5,2025-10-08T10:20:00,late
907,108,69,5,2025-10-08T10:20:00,present
908,109,69,5,2025-10-08T10:16:00,late
909,110,69,5,2025-10-08T10:05:00,present
910,132,69,5,2025-10-08T10:26:00,present
911,169,69,5,2025-10-08T10:09:00,present
912,224,69,5,2025-10-08T10:15:00,absent
913,295,69,5,2025-10-08T10:12:00,late
914,301,69,5,2025-10-08T10:17:00,present
915,312,69,5,2025-10-08T10:03:00,present
916,321,69,5,2025-10-08T10:30:00,present
917,348,69,5,2025-10-08T10:24:00,absent
918,380,69,5,2025-10-08T10:13:00,present
919,397,69,5,2025-10-08T10:10:00,present
920,50,70,5,2025-10-15T12:13:00,present
921,106,70,5,2025-10-15T12:10:00,late
922,108,70,5,2025-10-15T12:11:00,present
923,109,70,5,2025-10-15T12:22:00,present
924,132,70,5,2025-10-15T12:26:00,present
925,169,70,5,2025-10-15T12:15:00,late
926,224,70,5,2025-10-15T12:21:00,present
927,295,70,5,2025-10-15T12:09:00,present
928,301,70,5,2025-10-15T12:06:00,absent
929,312,70,5,2025-10-15T12:25:00,present
930,321,70,5,2025-10-15T12:17:00,present
931,348,70,5,2025-10-15T12:08:00,present
932,380,70,5,2025-10-15T12:13:00,late
933,397,70,5,2025-10-15T12:14:00,present
934,50,71,5,2025-10-22T08:08:00,absent
935,71,71,5,2025-10-22T08:08:00,present
936,106,71,5,2025-10-22T08:07:00,present
937,108,71,5,2025-10-22T08:26:00,present
938,110,71,5,2025-10-22T08:07:00,late
939,132,71,5,2025-10-22T08:05:00,present
940,169,71,5,2025-10-22T08:24:00,late
941,224,71,5,2025-10-22T08:30:00,present
942,295,71,5,2025-10-22T08:19:00,present
943,301,71,5,2025-10-22T08:19:00,present
944,312,71,5,2025-10-22T08:30:00,late
945,321,71,5,2025-10-22T08:25:00,present
946,348,71,5,2025-10-22T08:24:00,present
947,380,71,5,2025-10-22T08:29:00,present
948,397,71,5,2025-10-22T08:24:00,late
949,50,72,5,2025-10-29T10:20:00,present
950,106,72,5,2025-10-29T10:17:00,late
951,108,72,5,2025-10-29T10:05:00,present
952,109,72,5,2025-10-29T10:12:00,present
953,110,72,5,2025-10-29T10:07:00,present
954,132,72,5,2025-10-29T10:05:00,late
955,169,72,5,2025-10-29T10:10:00,absent
956,224,72,5,2025-10-29T10:17:00,present
957,295,72,5,2025-10-29T10:30:00,present
958,312,72,5,2025-10-29T10:24:00,present
959,321,72,5,2025-10-29T10:03:00,present
960,348,72,5,2025-10-29T10:25:00,present
961,380,72,5,2025-10-29T10:05:00,present
962,397,72,5,2025-10-29T10:00:00,present
963,50,73,5,2025-11-05T08:24:00,present
964,71,73,5,2025-11-05T08:01:00,present
965,106,73,5,2025-11-05T08:03:00,present
966,108,73,5,2025-11-05T08:12:00,present
967,109,73,5,2025-11-05T08:04:00,present
968,110,73,5,2025-11-05T08:28:00,late
969,132,73,5,2025-11-05T08:02:00,present
970,224,73,5,2025-11-05T08:22:00,present
971,295,73,5,2025-11-05T08:13:00,present
972,312,73,5,2025-11-05T08:17:00,present
973,321,73,5,2025-11-05T08:04:00,present
974,380,73,5,2025-11-05T08:12:00,present
975,397,73,5,2025-11-05T08:19:00,absent
976,15,74,2,2025-10-01T10:25:00,present
977,65,74,2,2025-10-01T10:16:00,present
978,155,74,2,2025-10-01T10:09:00,present
979,218,74,2,2025-10-01T10:06:00,present
980,253,74,2,2025-10-01T10:18:00,present
981,260,74,2,2025-10-01T10:09:00,late
982,273,74,2,2025-10-01T10:07:00,present
983,322,74,2,2025-10-01T10:17:00,present
984,347,74,2,2025-10-01T10:09:00,present
985,356,74,2,2025-10-01T10:17:00,present
986,398,74,2,2025-10-01T10:12:00,absent
987,65,75,2,2025-10-08T12:12:00,present
988,155,75,2,2025-10-08T12:24:00,present
989,218,75,2,2025-10-08T12:03:00,present
990,249,75,2,2025-10-08T12:18:00,absent
991,253,75,2,2025-10-08T12:12:00,present
992,260,75,2,2025-10-08T12:14:00,present
993,273,75,2,2025-10-08T12:18:00,present
994,347,75,2,2025-10-08T12:04:00,present
995,356,75,2,2025-10-08T12:02:00,present
996,15,76,2,2025-10-15T14:27:00,present
997,65,76,2,2025-10-15T14:18:00,present
998,155,76,2,2025-10-15T14:04:00,present
999,218,76,2,2025-10-15T14:26:00,present
1000,249,76,2,2025-10-15T14:23:00,present
1001,253,76,2,2025-10-15T14:24:00,present
1002,260,76,2,2025-10-15T14:24:00,present
1003,273,76,2,2025-10-15T14:13:00,present
1004,322,76,2,2025-10-15T14:10:00,absent
1005,347,76,2,2025-10-15T14:01:00,present
1006,356,76,2,2025-10-15T14:18:00,present
1007,398,76,2,2025-10-15T14:27:00,present
1008,65,77,2,2025-10-22T12:24:00,absent
1009,155,77,2,2025-10-22T12:15:00,present
1010,218,77,2,2025-10-22T12:10:00,present
1011,249,77,2,2025-10-22T12:07:00,present
1012,253,77,2,2025-10-22T12:22:00,present
1013,260,77,2,2025-10-22T12:17:00,present
1014,273,77,2,2025-10-22T12:23:00,present
1015,356,77,2,2025-10-22T12:12:00,present
1016,65,78,2,2025-10-29T08:03:00,absent
1017,155,78,2,2025-10-29T08:14:00,present
1018,218,78,2,2025-10-29T08:03:00,present
1019,253,78,2,2025-10-29T08:05:00,present
1020,260,78,2,2025-10-29T08:16:00,present
1021,273,78,2,2025-10-29T08:23:00,present
1022,322,78,2,2025-10-29T08:13:00,present
1023,347,78,2,2025-10-29T08:09:00,present
1024,398,78,2,2025-10-29T08:23:00,late
1025,15,79,2,2025-11-05T14:21:00,absent
1026,65,79,2,2025-11-05T14:10:00,present
1027,155,79,2,2025-11-05T14:11:00,present
1028,218,79,2,2025-11-05T14:05:00,absent
1029,253,79,2,2025-11-05T14:06:00,present
1030,260,79,2,2025-11-05T14:30:00,late
1031,273,79,2,2025-11-05T14:16:00,present
1032,322,79,2,2025-11-05T14:15:00,present
1033,347,79,2,2025-11-05T14:29:00,present
1034,356,79,2,2025-11-05T14:23:00,present
1035,398,79,2,2025-11-05T14:27:00,present
1036,65,80,5,2025-10-01T12:05:00,present
1037,119,80,5,2025-10-01T12:26:00,present
1038,125,80,5,2025-10-01T12:10:00,present
1039,152,80,5,2025-10-01T12:04:00,present
1040,155,80,5,2025-10-01T12:00:00,absent
1041,162,80,5,2025-10-01T12:06:00,present
1042,185,80,5,2025-10-01T12:03:00,late
1043,209,80,5,2025-10-01T12:10:00,present
1044,218,80,5,2025-10-01T12:19:00,present
1045,253,80,5,2025-10-01T12:11:00,absent
1046,262,80,5,2025-10-01T12:28:00,present
1047,307,80,5,2025-10-01T12:20:00,present
1048,356,80,5,2025-10-01T12:09:00,present
1049,362,80,5,2025-10-01T12:27:00,present
1050,65,81,5,2025-10-08T12:23:00,present
1051,119,81,5,2025-10-08T12:19:00,absent
1052,125,81,5,2025-10-08T12:29:00,present
1053,152,81,5,2025-10-08T12:17:00,present
1054,155,81,5,2025-10-08T12:06:00,present
1055,185,81,5,2025-10-08T12:23:00,present
1056,209,81,5,2025-10-08T12:05:00,present
1057,217,81,5,2025-10-08T12:03:00,present
1058,253,81,5,2025-10-08T12:20:00,present
1059,262,81,5,2025-10-08T12:10:00,present
1060,307,81,5,2025-10-08T12:27:00,present
1061,334,81,5,2025-10-08T12:08:00,present
1062,356,81,5,2025-10-08T12:23:00,present
1063,362,81,5,2025-10-08T12:21:00,present
1064,65,82,5,2025-10-15T12:06:00,late
1065,119,82,5,2025-10-15T12:25:00,present
1066,125,82,5,2025-10-15T12:06:00,present
1067,155,82,5,2025-10-15T12:04:00,present
1068,185,82,5,2025-10-15T12:00:00,present
1069,209,82,5,2025-10-15T12:28:00,present
1070,217,82,5,2025-10-15T12:04:00,present
1071,218,82,5,2025-10-15T12:14:00,present
1072,253,82,5,2025-10-15T12:15:00,present
1073,262,82,5,2025-10-15T12:16:00,present
1074,307,82,5,2025-10-15T12:07:00,present
1075,334,82,5,2025-10-15T12:12:00,present
1076,356,82,5,2025-10-15T12:22:00,present
1077,362,82,5,2025-10-15T12:09:00,absent
1078,65,83,5,2025-10-22T08:10:00,late
1079,119,83,5,2025-10-22T08:28:00,late
1080,125,83,5,2025-10-22T08:06:00,late
1081,152,83,5,2025-10-22T08:30:00,absent
1082,155,83,5,2025-10-22T08:08:00,present
1083,162,83,5,2025-10-22T08:26:00,present
1084,185,83,5,2025-10-22T08:14:00,present
1085,209,83,5,2025-10-22T08:25:00,present
1086,217,83,5,2025-10-22T08:03:00,present
1087,218,83,5,2025-10-22T08:13:00,present
1088,253,83,5,2025-10-22T08:05:00,present
1089,307,83,5,2025-10-22T08:14:00,present
1090,334,83,5,2025-10-22T08:11:00,absent
1091,356,83,5,2025-10-22T08:06:00,present
1092,362,83,5,2025-10-22T08:28:00,present
1093,65,84,5,2025-10-29T08:30:00,present
1094,119,84,5,2025-10-29T08:11:00,present
1095,125,84,5,2025-10-29T08:23:00,late
1096,152,84,5,2025-10-29T08:06:00,present
1097,155,84,5,2025-10-29T08:16:00,late
1098,162,84,5,2025-10-29T08:18:00,present
1099,185,84,5,2025-10-29T08:03:00,present
1100,209,84,5,2025-10-29T08:29:00,present
1101,217,84,5,2025-10-29T08:29:00,present
1102,253,84,5,2025-10-29T08:20:00,present
1103,262,84,5,2025-10-29T08:15:00,present
1104,307,84,5,2025-10-29T08:22:00,present
1105,334,84,5,2025-10-29T08:08:00,absent
1106,356,84,5,2025-10-29T08:18:00,present
1107,362,84,5,2025-10-29T08:27:00,late
1108,65,85,5,2025-11-05T08:15:00,present
1109,119,85,5,2025-11-05T08:20:00,present
1110,125,85,5,2025-11-05T08:05:00,present
1111,152,85,5,2025-11-05T08:27:00,present
1112,155,85,5,2025-11-05T08:17:00,present
1113,162,85,5,2025-11-05T08:01:00,present
1114,185,85,5,2025-11-05T08:19:00,present
1115,209,85,5,2025-11-05T08:04:00,absent
1116,217,85,5,2025-11-05T08:05:00,present
1117,218,85,5,2025-11-05T08:04:00,late
1118,262,85,5,2025-11-05T08:03:00,present
1119,334,85,5,2025-11-05T08:01:00,present
1120,356,85,5,2025-11-05T08:27:00,present
1121,362,85,5,2025-11-05T08:27:00,present
1122,65,86,5,2025-11-12T10:19:00,present
1123,119,86,5,2025-11-12T10:10:00,present
1124,125,86,5,2025-11-12T10:27:00,present
1125,152,86,5,2025-11-12T10:28:00,present
1126,155,86,5,2025-11-12T10:28:00,late
1127,162,86,5,2025-11-12T10:23:00,late
1128,185,86,5,2025-11-12T10:16:00,present
1129,217,86,5,2025-11-12T10:13:00,present
1130,218,86,5,2025-11-12T10:21:00,present
1131,262,86,5,2025-11-12T10:24:00,present
1132,307,86,5,2025-11-12T10:23:00,present
1133,334,86,5,2025-11-12T10:05:00,present
1134,356,86,5,2025-11-12T10:08:00,present
1135,362,86,5,2025-11-12T10:22:00,present
1136,11,87,15,2025-10-01T12:05:00,present
1137,15,87,15,2025-10-01T12:26:00,late
1138,43,87,15,2025-10-01T12:00:00,late
1139,59,87,15,2025-10-01T12:17:00,present
1140,65,87,15,2025-10-01T12:10:00,absent
1141,93,87,15,2025-10-01T12:26:00,absent
1142,119,87,15,2025-10-01T12:18:00,present
1143,152,87,15,2025-10-01T12:02:00,present
1144,253,87,15,2025-10-01T12:05:00,present
1145,259,87,15,2025-10-01T12:20:00,absent
1146,260,87,15,2025-10-01T12:24:00,late
1147,307,87,15,2025-10-01T12:00:00,present
1148,347,87,15,2025-10-01T12:11:00,present
1149,356,87,15,2025-10-01T12:28:00,present
1150,379,87,15,2025-10-01T12:07:00,present
1151,11,88,15,2025-10-08T10:21:00,present
1152,15,88,15,2025-10-08T10:28:00,late
1153,43,88,15,2025-10-08T10:23:00,present
1154,59,88,15,2025-10-08T10:04:00,late
1155,65,88,15,2025-10-08T10:12:00,late
1156,93,88,15,2025-10-08T10:05:00,present
1157,119,88,15,2025-10-08T10:18:00,present
1158,152,88,15,2025-10-08T10:07:00,present
1159,185,88,15,2025-10-08T10:08:00,present
1160,249,88,15,2025-10-08T10:05:00,present
1161,253,88,15,2025-10-08T10:08:00,present
1162,259,88,15,2025-10-08T10:08:00,present
1163,307,88,15,2025-10-08T10:11:00,present
1164,347,88,15,2025-10-08T10:20:00,present
1165,356,88,15,2025-10-08T10:26:00,present
1166,379,88,15,2025-10-08T10:26:00,present
1167,11,89,15,2025-10-15T12:30:00,present
1168,15,89,15,2025-10-15T12:12:00,present
1169,43,89,15,2025-10-15T12:18:00,present
1170,59,89,15,2025-10-15T12:22:00,present
1171,65,89,15,2025-10-15T12:20:00,present
1172,93,89,15,2025-10-15T12:25:00,present
1173,119,89,15,2025-10-15T12:10:00,present
1174,152,89,15,2025-10-15T12:16:00,late
1175,185,89,15,2025-10-15T12:23:00,present
1176,249,89,15,2025-10-15T12:02:00,present
1177,253,89,15,2025-10-15T12:06:00,present
1178,259,89,15,2025-10-15T12:14:00,present
1179,260,89,15,2025-10-15T12:29:00,present
1180,347,89,15,2025-10-15T12:05:00,present
1181,356,89,15,2025-10-15T12:14:00,present
1182,379,89,15,2025-10-15T12:11:00,present
1183,11,90,15,2025-10-22T10:21:00,present
1184,15,90,15,2025-10-22T10:01:00,present
1185,43,90,15,2025-10-22T10:03:00,present
1186,59,90,15,2025-10-22T10:27:00,absent
1187,65,90,15,2025-10-22T10:05:00,present
1188,93,90,15,2025-10-22T10:10:00,present
1189,119,90,15,2025-10-22T10:28:00,present
1190,185,90,15,2025-10-22T10:09:00,present
1191,249,90,15,2025-10-22T10:17:00,present
1192,253,90,15,2025-10-22T10:00:00,present
1193,259,90,15,2025-10-22T10:19:00,present
1194,260,90,15,2025-10-22T10:18:00,present
1195,307,90,15,2025-10-22T10:23:00,present
1196,347,90,15,2025-10-22T10:26:00,present
1197,356,90,15,2025-10-22T10:23:00,late
1198,379,90,15,2025-10-22T10:10:00,present
1199,11,91,15,2025-10-29T14:12:00,present
1200,15,91,15,2025-10-29T14:29:00,present
1201,43,91,15,2025-10-29T14:24:00,present
1202,59,91,15,2025-10-29T14:29:00,present
1203,65,91,15,2025-10-29T14:13:00,present
1204,93,91,15,2025-10-29T14:08:00,present
1205,119,91,15,2025-10-29T14:12:00,present
1206,152,91,15,2025-10-29T14:05:00,present
1207,185,91,15,2025-10-29T14:29:00,present
1208,249,91,15,2025-10-29T14:19:00,late
1209,253,91,15,2025-10-29T14:30:00,present
1210,259,91,15,2025-10-29T14:30:00,present
1211,260,91,15,2025-10-29T14:24:00,present
1212,347,91,15,2025-10-29T14:25:00,present
1213,356,91,15,2025-10-29T14:02:00,late
1214,379,91,15,2025-10-29T14:24:00,present
1215,15,92,15,2025-11-05T08:12:00,present
1216,43,92,15,2025-11-05T08:00:00,present
1217,59,92,15,2025-11-05T08:06:00,present
1218,65,92,15,2025-11-05T08:09:00,present
1219,93,92,15,2025-11-05T08:05:00,present
1220,119,92,15,2025-11-05T08:06:00,present
1221,152,92,15,2025-11-05T08:23:00,present
1222,185,92,15,2025-11-05T08:21:00,present
1223,249,92,15,2025-11-05T08:24:00,late
1224,253,92,15,2025-11-05T08:15:00,late
1225,259,92,15,2025-11-05T08:03:00,late
1226,260,92,15,2025-11-05T08:21:00,present
1227,307,92,15,2025-11-05T08:06:00,present
1228,347,92,15,2025-11-05T08:21:00,late
1229,356,92,15,2025-11-05T08:14:00,present
1230,379,92,15,2025-11-05T08:24:00,present
1231,43,93,9,2025-10-01T08:12:00,late
1232,155,93,9,2025-10-01T08:04:00,late
1233,191,93,9,2025-10-01T08:10:00,present
1234,209,93,9,2025-10-01T08:26:00,present
1235,217,93,9,2025-10-01T08:27:00,present
1236,218,93,9,2025-10-01T08:12:00,late
1237,249,93,9,2025-10-01T08:11:00,absent
1238,253,93,9,2025-10-01T08:23:00,present
1239,259,93,9,2025-10-01T08:00:00,present
1240,262,93,9,2025-10-01T08:19:00,late
1241,273,93,9,2025-10-01T08:07:00,present
1242,292,93,9,2025-10-01T08:10:00,present
1243,307,93,9,2025-10-01T08:00:00,absent
1244,322,93,9,2025-10-01T08:24:00,present
1245,339,93,9,2025-10-01T08:02:00,present
1246,362,93,9,2025-10-01T08:04:00,present
1247,43,94,9,2025-10-08T08:01:00,present
1248,143,94,9,2025-10-08T08:13:00,late
1249,191,94,9,2025-10-08T08:05:00,present
1250,209,94,9,2025-10-08T08:09:00,absent
1251,217,94,9,2025-10-08T08:21:00,present
1252,218,94,9,2025-10-08T08:01:00,present
1253,249,94,9,2025-10-08T08:30:00,present
1254,253,94,9,2025-10-08T08:05:00,present
1255,259,94,9,2025-10-08T08:16:00,present
1256,262,94,9,2025-10-08T08:14:00,present
1257,273,94,9,2025-10-08T08:11:00,present
1258,292,94,9,2025-10-08T08:03:00,present
1259,307,94,9,2025-10-08T08:12:00,present
1260,322,94,9,2025-10-08T08:00:00,present
1261,339,94,9,2025-10-08T08:04:00,present
1262,362,94,9,2025-10-08T08:12:00,present
1263,43,95,9,2025-10-15T10:00:00,present
1264,143,95,9,2025-10-15T10:30:00,present
1265,155,95,9,2025-10-15T10:13:00,present
1266,191,95,9,2025-10-15T10:09:00,present
1267,209,95,9,2025-10-15T10:23:00,late
1268,217,95,9,2025-10-15T10:19:00,late
1269,218,95,9,2025-10-15T10:29:00,present
1270,249,95,9,2025-10-15T10:11:00,present
1271,253,95,9,2025-10-15T10:22:00,late
1272,259,95,9,2025-10-15T10:17:00,present
1273,262,95,9,2025-10-15T10:03:00,late
1274,273,95,9,2025-10-15T10:13:00,late
1275,292,95,9,2025-10-15T10:12:00,late
1276,307,95,9,2025-10-15T10:02:00,present
1277,322,95,9,2025-10-15T10:10:00,present
1278,339,95,9,2025-10-15T10:22:00,present
1279,362,95,9,2025-10-15T10:06:00,present
1280,43,96,9,2025-10-22T10:19:00,present
1281,143,96,9,2025-10-22T10:14:00,present
1282,155,96,9,2025-10-22T10:14:00,present
1283,191,96,9,2025-10-22T10:03:00,late
1284,209,96,9,2025-10-22T10:14:00,present
1285,217,96,9,2025-10-22T10:28:00,absent
1286,218,96,9,2025-10-22T10:11:00,late
1287,249,96,9,2025-10-22T10:10:00,present
1288,253,96,9,2025-10-22T10:24:00,present
1289,259,96,9,2025-10-22T10:17:00,late
1290,262,96,9,2025-10-22T10:09:00,present
1291,273,96,9,2025-10-22T10:00:00,present
1292,292,96,9,2025-10-22T10:09:00,present
1293,307,96,9,2025-10-22T10:19:00,present
1294,339,96,9,2025-10-22T10:17:00,present
1295,362,96,9,2025-10-22T10:07:00,present
1296,43,97,9,2025-10-29T14:17:00,present
1297,155,97,9,2025-10-29T14:20:00,present
1298,191,97,9,2025-10-29T14:28:00,present
1299,209,97,9,2025-10-29T14:14:00,present
1300,217,97,9,2025-10-29T14:07:00,present
1301,218,97,9,2025-10-29T14:28:00,absent
1302,249,97,9,2025-10-29T14:23:00,present
1303,253,97,9,2025-10-29T14:18:00,present
1304,259,97,9,2025-10-29T14:02:00,present
1305,262,97,9,2025-10-29T14:01:00,present
1306,292,97,9,2025-10-29T14:20:00,present
1307,307,97,9,2025-10-29T14:03:00,late
1308,322,97,9,2025-10-29T14:23:00,present
1309,362,97,9,2025-10-29T14:23:00,late
1310,15,98,16,2025-10-01T12:12:00,present
1311,50,98,16,2025-10-01T12:08:00,present
1312,93,98,16,2025-10-01T12:23:00,present
1313,119,98,16,2025-10-01T12:26:00,absent
1314,125,98,16,2025-10-01T12:30:00,present
1315,155,98,16,2025-10-01T12:08:00,present
1316,185,98,16,2025-10-01T12:19:00,present
1317,204,98,16,2025-10-01T12:27:00,present
1318,217,98,16,2025-10-01T12:22:00,present
1319,218,98,16,2025-10-01T12:11:00,present
1320,253,98,16,2025-10-01T12:06:00,present
1321,259,98,16,2025-10-01T12:13:00,present
1322,260,98,16,2025-10-01T12:22:00,present
1323,273,98,16,2025-10-01T12:08:00,late
1324,292,98,16,2025-10-01T12:01:00,late
1325,307,98,16,2025-10-01T12:29:00,late
1326,347,98,16,2025-10-01T12:09:00,present
1327,362,98,16,2025-10-01T12:13:00,present
1328,15,99,16,2025-10-08T12:25:00,present
1329,43,99,16,2025-10-08T12:04:00,present
1330,50,99,16,2025-10-08T12:14:00,present
1331,93,99,16,2025-10-08T12:20:00,present
1332,119,99,16,2025-10-08T12:07:00,present
1333,125,99,16,2025-10-08T12:22:00,present
1334,152,99,16,2025-10-08T12:02:00,late
1335,155,99,16,2025-10-08T12:23:00,present
1336,185,99,16,2025-10-08T12:26:00,present
1337,204,99,16,2025-10-08T12:13:00,present
1338,217,99,16,2025-10-08T12:10:00,present
1339,218,99,16,2025-10-08T12:15:00,present
1340,253,99,16,2025-10-08T12:00:00,late
1341,259,99,16,2025-10-08T12:10:00,late
1342,260,99,16,2025-10-08T12:14:00,present
1343,273,99,16,2025-10-08T12:27:00,absent
1344,292,99,16,2025-10-08T12:06:00,absent
1345,307,99,16,2025-10-08T12:05:00,late
1346,347,99,16,2025-10-08T12:08:00,late
1347,362,99,16,2025-10-08T12:21:00,present
1348,15,100,16,2025-10-15T14:30:00,present
1349,50,100,16,2025-10-15T14:11:00,present
1350,119,100,16,2025-10-15T14:16:00,present
1351,125,100,16,2025-10-15T14:09:00,absent
1352,152,100,16,2025-10-15T14:14:00,present
1353,155,100,16,2025-10-15T14:00:00,present
1354,185,100,16,2025-10-15T14:18:00,late
1355,204,100,16,2025-10-15T14:11:00,late
1356,217,100,16,2025-10-15T14:13:00,absent
1357,218,100,16,2025-10-15T14:00:00,present
1358,253,100,16,2025-10-15T14:09:00,present
1359,259,100,16,2025-10-15T14:15:00,present
1360,260,100,16,2025-10-15T14:12:00,present
1361,273,100,16,2025-10-15T14:04:00,present
1362,292,100,16,2025-10-15T14:30:00,present
1363,307,100,16,2025-10-15T14:03:00,late
1364,347,100,16,2025-10-15T14:06:00,present
1365,362,100,16,2025-10-15T14:18:00,present
1366,15,101,16,2025-10-22T10:27:00,present
1367,43,101,16,2025-10-22T10:24:00,present
1368,50,101,16,2025-10-22T10:12:00,present
1369,93,101,16,2025-10-22T10:11:00,late
1370,119,101,16,2025-10-22T10:13:00,present
1371,125,101,16,2025-10-22T10:08:00,late
1372,152,101,16,2025-10-22T10:11:00,present
1373,155,101,16,2025-10-22T10:21:00,late
1374,185,101,16,2025-10-22T10:30:00,present
1375,204,101,16,2025-10-22T10:20:00,present
1376,217,101,16,2025-10-22T10:17:00,present
1377,218,101,16,2025-10-22T10:07:00,late
1378,253,101,16,2025-10-22T10:15:00,present
1379,259,101,16,2025-10-22T10:09:00,present
1380,260,101,16,2025-10-22T10:14:00,absent
1381,273,101,16,2025-10-22T10:27:00,late
1382,292,101,16,2025-10-22T10:09:00,present
1383,347,101,16,2025-10-22T10:24:00,present
1384,362,101,16,2025-10-22T10:05:00,present
1385,31,102,18,2025-10-01T08:03:00,present
1386,159,102,18,2025-10-01T08:20:00,present
1387,167,102,18,2025-10-01T08:13:00,absent
1388,168,102,18,2025-10-01T08:20:00,absent
1389,293,102,18,2025-10-01T08:19:00,present
1390,305,102,18,2025-10-01T08:02:00,present
1391,371,102,18,2025-10-01T08:23:00,present
1392,378,102,18,2025-10-01T08:00:00,absent
1393,31,103,18,2025-10-08T10:07:00,absent
1394,159,103,18,2025-10-08T10:20:00,present
1395,167,103,18,2025-10-08T10:02:00,late
1396,168,103,18,2025-10-08T10:00:00,present
1397,192,103,18,2025-10-08T10:28:00,present
1398,293,103,18,2025-10-08T10:12:00,present
1399,305,103,18,2025-10-08T10:27:00,present
1400,371,103,18,2025-10-08T10:29:00,present
1401,378,103,18,2025-10-08T10:11:00,present
1402,31,104,18,2025-10-15T10:07:00,present
1403,159,104,18,2025-10-15T10:29:00,absent
1404,167,104,18,2025-10-15T10:06:00,present
1405,168,104,18,2025-10-15T10:09:00,present
1406,305,104,18,2025-10-15T10:14:00,present
1407,371,104,18,2025-10-15T10:19:00,present
1408,378,104,18,2025-10-15T10:07:00,present
1409,31,105,18,2025-10-22T14:14:00,present
1410,159,105,18,2025-10-22T14:03:00,present
1411,167,105,18,2025-10-22T14:26:00,present
1412,168,105,18,2025-10-22T14:29:00,present
1413,192,105,18,2025-10-22T14:07:00,present
1414,293,105,18,2025-10-22T14:30:00,present
1415,371,105,18,2025-10-22T14:21:00,present
1416,378,105,18,2025-10-22T14:27:00,present
1417,31,106,18,2025-10-29T12:15:00,late
1418,159,106,18,2025-10-29T12:02:00,present
1419,167,106,18,2025-10-29T12:30:00,present
1420,168,106,18,2025-10-29T12:22:00,late
1421,192,106,18,2025-10-29T12:22:00,present
1422,293,106,18,2025-10-29T12:20:00,present
1423,305,106,18,2025-10-29T12:22:00,late
1424,378,106,18,2025-10-29T12:23:00,late
1425,26,107,18,2025-10-01T12:26:00,absent
1426,129,107,18,2025-10-01T12:24:00,present
1427,192,107,18,2025-10-01T12:29:00,present
1428,231,107,18,2025-10-01T12:20:00,present
1429,293,107,18,2025-10-01T12:25:00,present
1430,340,107,18,2025-10-01T12:26:00,present
1431,371,107,18,2025-10-01T12:25:00,present
1432,379,107,18,2025-10-01T12:13:00,absent
1433,11,108,18,2025-10-08T12:04:00,present
1434,26,108,18,2025-10-08T12:25:00,present
1435,129,108,18,2025-10-08T12:08:00,present
1436,192,108,18,2025-10-08T12:02:00,present
1437,231,108,18,2025-10-08T12:22:00,present
1438,293,108,18,2025-10-08T12:07:00,present
1439,305,108,18,2025-10-08T12:10:00,present
1440,326,108,18,2025-10-08T12:14:00,present
1441,340,108,18,2025-10-08T12:14:00,late
1442,371,108,18,2025-10-08T12:18:00,late
1443,378,108,18,2025-10-08T12:01:00,present
1444,379,108,18,2025-10-08T12:04:00,present
1445,11,109,18,2025-10-15T14:00:00,late
1446,26,109,18,2025-10-15T14:11:00,late
1447,129,109,18,2025-10-15T14:22:00,present
1448,159,109,18,2025-10-15T14:30:00,present
1449,192,109,18,2025-10-15T14:18:00,present
1450,231,109,18,2025-10-15T14:15:00,late
1451,293,109,18,2025-10-15T14:21:00,absent
1452,305,109,18,2025-10-15T14:23:00,present
1453,326,109,18,2025-10-15T14:04:00,late
1454,371,109,18,2025-10-15T14:12:00,present
1455,378,109,18,2025-10-15T14:07:00,absent
1456,11,110,18,2025-10-22T08:09:00,present
1457,159,110,18,2025-10-22T08:16:00,late
1458,192,110,18,2025-10-22T08:16:00,present
1459,231,110,18,2025-10-22T08:19:00,present
1460,293,110,18,2025-10-22T08:11:00,present
1461,305,110,18,2025-10-22T08:18:00,absent
1462,326,110,18,2025-10-22T08:10:00,late
1463,340,110,18,2025-10-22T08:12:00,late
1464,371,110,18,2025-10-22T08:15:00,absent
1465,378,110,18,2025-10-22T08:27:00,present
1466,379,110,18,2025-10-22T08:05:00,present
1467,11,111,18,2025-10-29T14:12:00,present
1468,129,111,18,2025-10-29T14:10:00,present
1469,159,111,18,2025-10-29T14:06:00,present
1470,192,111,18,2025-10-29T14:08:00,present
1471,231,111,18,2025-10-29T14:23:00,present
1472,293,111,18,2025-10-29T14:20:00,present
1473,305,111,18,2025-10-29T14:15:00,present
1474,326,111,18,2025-10-29T14:29:00,present
1475,340,111,18,2025-10-29T14:00:00,absent
1476,371,111,18,2025-10-29T14:27:00,late
1477,378,111,18,2025-10-29T14:25:00,absent
1478,379,111,18,2025-10-29T14:07:00,present
1479,11,112,18,2025-11-05T08:11:00,present
1480,26,112,18,2025-11-05T08:12:00,late
1481,129,112,18,2025-11-05T08:30:00,present
1482,159,112,18,2025-11-05T08:02:00,present
1483,192,112,18,2025-11-05T08:30:00,present
1484,231,112,18,2025-11-05T08:23:00,present
1485,293,112,18,2025-11-05T08:02:00,present
1486,305,112,18,2025-11-05T08:01:00,present
1487,326,112,18,2025-11-05T08:16:00,present
1488,340,112,18,2025-11-05T08:08:00,present
1489,371,112,18,2025-11-05T08:05:00,present
1490,378,112,18,2025-11-05T08:20:00,late
1491,379,112,18,2025-11-05T08:07:00,present
1492,11,113,18,2025-11-12T14:14:00,present
1493,26,113,18,2025-11-12T14:19:00,late
1494,129,113,18,2025-11-12T14:08:00,present
1495,192,113,18,2025-11-12T14:26:00,present
1496,231,113,18,2025-11-12T14:28:00,present
1497,293,113,18,2025-11-12T14:16:00,present
1498,305,113,18,2025-11-12T14:06:00,present
1499,326,113,18,2025-11-12T14:18:00,late
1500,340,113,18,2025-11-12T14:15:00,present
1501,371,113,18,2025-11-12T14:17:00,present
1502,378,113,18,2025-11-12T14:01:00,present
1503,379,113,18,2025-11-12T14:20:00,present
1504,26,114,18,2025-11-19T14:14:00,present
1505,159,114,18,2025-11-19T14:17:00,present
1506,192,114,18,2025-11-19T14:19:00,present
1507,231,114,18,2025-11-19T14:18:00,present
1508,305,114,18,2025-11-19T14:28:00,present
1509,340,114,18,2025-11-19T14:24:00,present
1510,371,114,18,2025-11-19T14:18:00,late
1511,378,114,18,2025-11-19T14:19:00,present
1512,379,114,18,2025-11-19T14:00:00,present
1513,39,115,6,2025-10-01T08:13:00,present
1514,125,115,6,2025-10-01T08:15:00,present
1515,168,115,6,2025-10-01T08:10:00,present
1516,177,115,6,2025-10-01T08:16:00,present
1517,197,115,6,2025-10-01T08:20:00,late
1518,231,115,6,2025-10-01T08:27:00,late
1519,244,115,6,2025-10-01T08:10:00,present
1520,293,115,6,2025-10-01T08:17:00,present
1521,305,115,6,2025-10-01T08:20:00,late
1522,340,115,6,2025-10-01T08:24:00,absent
1523,371,115,6,2025-10-01T08:15:00,late
1524,39,116,6,2025-10-08T10:16:00,present
1525,125,116,6,2025-10-08T10:05:00,present
1526,168,116,6,2025-10-08T10:24:00,present
1527,177,116,6,2025-10-08T10:09:00,present
1528,231,116,6,2025-10-08T10:10:00,present
1529,244,116,6,2025-10-08T10:17:00,present
1530,293,116,6,2025-10-08T10:06:00,late
1531,305,116,6,2025-10-08T10:24:00,present
1532,340,116,6,2025-10-08T10:09:00,late
1533,371,116,6,2025-10-08T10:10:00,present
1534,399,116,6,2025-10-08T10:15:00,present
1535,125,117,6,2025-10-15T12:19:00,present
1536,168,117,6,2025-10-15T12:21:00,late
1537,177,117,6,2025-10-15T12:05:00,present
1538,197,117,6,2025-10-15T12:12:00,present
1539,231,117,6,2025-10-15T12:27:00,absent
1540,244,117,6,2025-10-15T12:21:00,present
1541,293,117,6,2025-10-15T12:30:00,present
1542,305,117,6,2025-10-15T12:15:00,present
1543,340,117,6,2025-10-15T12:25:00,present
1544,371,117,6,2025-10-15T12:23:00,present
1545,399,117,6,2025-10-15T12:29:00,present
1546,39,118,6,2025-10-22T10:29:00,present
1547,125,118,6,2025-10-22T10:09:00,present
1548,168,118,6,2025-10-22T10:09:00,present
1549,177,118,6,2025-10-22T10:11:00,present
1550,197,118,6,2025-10-22T10:10:00,present
1551,231,118,6,2025-10-22T10:13:00,present
1552,244,118,6,2025-10-22T10:24:00,present
1553,293,118,6,2025-10-22T10:24:00,present
1554,305,118,6,2025-10-22T10:01:00,present
1555,340,118,6,2025-10-22T10:11:00,late
1556,371,118,6,2025-10-22T10:04:00,present
1557,399,118,6,2025-10-22T10:24:00,absent
1558,39,119,6,2025-10-29T12:26:00,absent
1559,125,119,6,2025-10-29T12:06:00,present
1560,168,119,6,2025-10-29T12:08:00,present
1561,177,119,6,2025-10-29T12:11:00,present
1562,231,119,6,2025-10-29T12:12:00,late
1563,244,119,6,2025-10-29T12:17:00,present
1564,293,119,6,2025-10-29T12:25:00,present
1565,305,119,6,2025-10-29T12:16:00,present
1566,340,119,6,2025-10-29T12:08:00,late
1567,399,119,6,2025-10-29T12:10:00,late
1568,39,120,6,2025-11-05T08:30:00,present
1569,125,120,6,2025-11-05T08:15:00,present
1570,168,120,6,2025-11-05T08:30:00,present
1571,197,120,6,2025-11-05T08:22:00,present
1572,231,120,6,2025-11-05T08:22:00,late
1573,244,120,6,2025-11-05T08:08:00,present
1574,293,120,6,2025-11-05T08:18:00,present
1575,305,120,6,2025-11-05T08:03:00,present
1576,371,120,6,2025-11-05T08:17:00,late
1577,399,120,6,2025-11-05T08:29:00,late
1578,39,121,6,2025-11-12T08:15:00,present
1579,168,121,6,2025-11-12T08:10:00,late
1580,177,121,6,2025-11-12T08:23:00,present
1581,197,121,6,2025-11-12T08:04:00,present
1582,231,121,6,2025-11-12T08:18:00,present
1583,244,121,6,2025-11-12T08:06:00,present
1584,293,121,6,2025-11-12T08:14:00,present
1585,305,121,6,2025-11-12T08:18:00,absent
1586,340,121,6,2025-11-12T08:21:00,present
1587,371,121,6,2025-11-12T08:16:00,present
1588,399,121,6,2025-11-12T08:22:00,present
1589,125,122,6,2025-11-19T10:02:00,present
1590,168,122,6,2025-11-19T10:22:00,absent
1591,177,122,6,2025-11-19T10:10:00,present
1592,197,122,6,2025-11-19T10:11:00,present
1593,231,122,6,2025-11-19T10:14:00,late
1594,244,122,6,2025-11-19T10:06:00,present
1595,293,122,6,2025-11-19T10:14:00,present
1596,305,122,6,2025-11-19T10:11:00,present
1597,340,122,6,2025-11-19T10:21:00,present
1598,371,122,6,2025-11-19T10:08:00,absent
1599,399,122,6,2025-11-19T10:23:00,late
1600,14,123,11,2025-10-01T14:04:00,present
1601,31,123,11,2025-10-01T14:12:00,late
1602,129,123,11,2025-10-01T14:25:00,present
1603,168,123,11,2025-10-01T14:29:00,present
1604,192,123,11,2025-10-01T14:11:00,present
1605,231,123,11,2025-10-01T14:01:00,present
1606,293,123,11,2025-10-01T14:27:00,present
1607,371,123,11,2025-10-01T14:25:00,present
1608,388,123,11,2025-10-01T14:09:00,absent
1609,399,123,11,2025-10-01T14:20:00,present
1610,129,124,11,2025-10-08T08:03:00,present
1611,159,124,11,2025-10-08T08:25:00,present
1612,168,124,11,2025-10-08T08:27:00,present
1613,212,124,11,2025-10-08T08:19:00,present
1614,231,124,11,2025-10-08T08:06:00,present
1615,293,124,11,2025-10-08T08:24:00,late
1616,371,124,11,2025-10-08T08:26:00,present
1617,388,124,11,2025-10-08T08:14:00,present
1618,399,124,11,2025-10-08T08:23:00,present
1619,14,125,11,2025-10-15T10:10:00,present
1620,31,125,11,2025-10-15T10:10:00,present
1621,129,125,11,2025-10-15T10:24:00,present
1622,159,125,11,2025-10-15T10:26:00,present
1623,168,125,11,2025-10-15T10:28:00,present
1624,212,125,11,2025-10-15T10:00:00,present
1625,231,125,11,2025-10-15T10:12:00,present
1626,371,125,11,2025-10-15T10:13:00,present
1627,388,125,11,2025-10-15T10:27:00,late
1628,399,125,11,2025-10-15T10:21:00,present
1629,14,126,11,2025-10-22T14:17:00,late
1630,26,126,11,2025-10-22T14:21:00,present
1631,31,126,11,2025-10-22T14:26:00,late
1632,129,126,11,2025-10-22T14:11:00,present
1633,159,126,11,2025-10-22T14:22:00,present
1634,168,126,11,2025-10-22T14:04:00,present
1635,192,126,11,2025-10-22T14:04:00,absent
1636,212,126,11,2025-10-22T14:05:00,present
1637,293,126,11,2025-10-22T14:30:00,present
1638,371,126,11,2025-10-22T14:24:00,present
1639,399,126,11,2025-10-22T14:02:00,late
1640,14,127,11,2025-10-29T14:10:00,present
1641,26,127,11,2025-10-29T14:21:00,late
1642,31,127,11,2025-10-29T14:09:00,present
1643,129,127,11,2025-10-29T14:08:00,present
1644,159,127,11,2025-10-29T14:29:00,present
1645,168,127,11,2025-10-29T14:11:00,absent
1646,212,127,11,2025-10-29T14:30:00,present
1647,231,127,11,2025-10-29T14:26:00,absent
1648,293,127,11,2025-10-29T14:00:00,present
1649,371,127,11,2025-10-29T14:23:00,present
1650,388,127,11,2025-10-29T14:06:00,present
1651,399,127,11,2025-10-29T14:14:00,present
1652,14,128,11,2025-11-05T14:06:00,late
1653,26,128,11,2025-11-05T14:12:00,absent
1654,31,128,11,2025-11-05T14:03:00,late
1655,159,128,11,2025-11-05T14:29:00,present
1656,168,128,11,2025-11-05T14:16:00,present
1657,212,128,11,2025-11-05T14:03:00,present
1658,231,128,11,2025-11-05T14:23:00,absent
1659,293,128,11,2025-11-05T14:23:00,present
1660,371,128,11,2025-11-05T14:13:00,present
1661,388,128,11,2025-11-05T14:02:00,present
1662,399,128,11,2025-11-05T14:11:00,present
1663,14,129,11,2025-11-12T14:16:00,absent
1664,31,129,11,2025-11-12T14:00:00,present
1665,129,129,11,2025-11-12T14:13:00,present
1666,159,129,11,2025-11-12T14:27:00,present
1667,192,129,11,2025-11-12T14:09:00,present
1668,212,129,11,2025-11-12T14:13:00,present
1669,231,129,11,2025-11-12T14:20:00,present
1670,293,129,11,2025-11-12T14:22:00,late
1671,388,129,11,2025-11-12T14:12:00,absent
1672,399,129,11,2025-11-12T14:00:00,present
1673,14,130,17,2025-10-01T10:08:00,present
1674,168,130,17,2025-10-01T10:28:00,absent
1675,192,130,17,2025-10-01T10:04:00,present
1676,197,130,17,2025-10-01T10:05:00,present
1677,244,130,17,2025-10-01T10:04:00,present
1678,293,130,17,2025-10-01T10:04:00,present
1679,305,130,17,2025-10-01T10:24:00,present
1680,399,130,17,2025-10-01T10:06:00,absent
1681,14,131,17,2025-10-08T08:21:00,present
1682,168,131,17,2025-10-08T08:19:00,present
1683,192,131,17,2025-10-08T08:05:00,present
1684,197,131,17,2025-10-08T08:05:00,present
1685,244,131,17,2025-10-08T08:30:00,present
1686,293,131,17,2025-10-08T08:25:00,late
1687,305,131,17,2025-10-08T08:05:00,late
1688,371,131,17,2025-10-08T08:29:00,present
1689,14,132,17,2025-10-15T10:15:00,absent
1690,168,132,17,2025-10-15T10:12:00,late
1691,192,132,17,2025-10-15T10:29:00,late
1692,197,132,17,2025-10-15T10:19:00,present
1693,244,132,17,2025-10-15T10:25:00,present
1694,371,132,17,2025-10-15T10:23:00,present
1695,399,132,17,2025-10-15T10:29:00,present
1696,14,133,17,2025-10-22T10:17:00,present
1697,168,133,17,2025-10-22T10:19:00,present
1698,192,133,17,2025-10-22T10:05:00,late
1699,197,133,17,2025-10-22T10:00:00,late
1700,244,133,17,2025-10-22T10:07:00,absent
1701,305,133,17,2025-10-22T10:03:00,present
1702,371,133,17,2025-10-22T10:14:00,present
1703,399,133,17,2025-10-22T10:27:00,present
1704,14,134,17,2025-10-29T08:14:00,present
1705,192,134,17,2025-10-29T08:20:00,present
1706,244,134,17,2025-10-29T08:28:00,present
1707,293,134,17,2025-10-29T08:04:00,present
1708,305,134,17,2025-10-29T08:17:00,late
1709,371,134,17,2025-10-29T08:19:00,present
1710,399,134,17,2025-10-29T08:03:00,present
1711,31,135,11,2025-10-01T14:23:00,present
1712,180,135,11,2025-10-01T14:18:00,present
1713,192,135,11,2025-10-01T14:07:00,present
1714,197,135,11,2025-10-01T14:25:00,present
1715,212,135,11,2025-10-01T14:07:00,present
1716,246,135,11,2025-10-01T14:23:00,present
1717,371,135,11,2025-10-01T14:28:00,present
1718,388,135,11,2025-10-01T14:07:00,present
1719,399,135,11,2025-10-01T14:05:00,present
1720,31,136,11,2025-10-08T12:09:00,absent
1721,180,136,11,2025-10-08T12:14:00,present
1722,192,136,11,2025-10-08T12:16:00,present
1723,197,136,11,2025-10-08T12:28:00,present
1724,212,136,11,2025-10-08T12:28:00,absent
1725,305,136,11,2025-10-08T12:21:00,late
1726,388,136,11,2025-10-08T12:27:00,present
1727,31,137,11,2025-10-15T12:12:00,present
1728,180,137,11,2025-10-15T12:25:00,late
1729,192,137,11,2025-10-15T12:05:00,present
1730,212,137,11,2025-10-15T12:26:00,present
1731,246,137,11,2025-10-15T12:05:00,present
1732,305,137,11,2025-10-15T12:00:00,late
1733,371,137,11,2025-10-15T12:15:00,late
1734,388,137,11,2025-10-15T12:06:00,present
1735,399,137,11,2025-10-15T12:26:00,present
1736,31,138,11,2025-10-22T10:12:00,present
1737,180,138,11,2025-10-22T10:06:00,present
1738,192,138,11,2025-10-22T10:08:00,absent
1739,197,138,11,2025-10-22T10:03:00,present
1740,212,138,11,2025-10-22T10:20:00,present
1741,246,138,11,2025-10-22T10:29:00,present
1742,305,138,11,2025-10-22T10:28:00,present
1743,371,138,11,2025-10-22T10:10:00,present
1744,388,138,11,2025-10-22T10:15:00,present
1745,399,138,11,2025-10-22T10:14:00,present
1746,31,139,11,2025-10-29T12:21:00,present
1747,180,139,11,2025-10-29T12:24:00,present
1748,192,139,11,2025-10-29T12:02:00,present
1749,197,139,11,2025-10-29T12:13:00,present
1750,212,139,11,2025-10-29T12:30:00,absent
1751,246,139,11,2025-10-29T12:03:00,late
1752,305,139,11,2025-10-29T12:14:00,absent
1753,371,139,11,2025-10-29T12:03:00,present
1754,388,139,11,2025-10-29T12:09:00,absent
1755,31,140,11,2025-11-05T12:14:00,present
1756,180,140,11,2025-11-05T12:30:00,present
1757,197,140,11,2025-11-05T12:16:00,present
1758,212,140,11,2025-11-05T12:26:00,present
1759,246,140,11,2025-11-05T12:16:00,present
1760,305,140,11,2025-11-05T12:26:00,present
1761,371,140,11,2025-11-05T12:24:00,present
1762,399,140,11,2025-11-05T12:11:00,present
1763,31,141,11,2025-11-12T08:24:00,present
1764,180,141,11,2025-11-12T08:27:00,present
1765,192,141,11,2025-11-12T08:01:00,present
1766,197,141,11,2025-11-12T08:11:00,late
1767,212,141,11,2025-11-12T08:22:00,late
1768,246,141,11,2025-11-12T08:16:00,present
1769,305,141,11,2025-11-12T08:05:00,present
1770,388,141,11,2025-11-12T08:20:00,present
1771,399,141,11,2025-11-12T08:07:00,late
1772,31,142,11,2025-11-19T10:24:00,present
1773,180,142,11,2025-11-19T10:17:00,present
1774,192,142,11,2025-11-19T10:19:00,present
1775,197,142,11,2025-11-19T10:06:00,present
1776,212,142,11,2025-11-19T10:30:00,present
1777,246,142,11,2025-11-19T10:12:00,late
1778,305,142,11,2025-11-19T10:28:00,present
1779,371,142,11,2025-11-19T10:13:00,present
1780,388,142,11,2025-11-19T10:14:00,late
1781,399,142,11,2025-11-19T10:23:00,late
1782,19,143,2,2025-10-01T10:00:00,present
1783,100,143,2,2025-10-01T10:21:00,present
1784,126,143,2,2025-10-01T10:29:00,present
1785,127,143,2,2025-10-01T10:19:00,absent
1786,128,143,2,2025-10-01T10:01:00,present
1787,163,143,2,2025-10-01T10:04:00,absent
1788,194,143,2,2025-10-01T10:24:00,present
1789,199,143,2,2025-10-01T10:30:00,present
1790,335,143,2,2025-10-01T10:12:00,present
1791,384,143,2,2025-10-01T10:20:00,present
1792,19,144,2,2025-10-08T12:18:00,present
1793,41,144,2,2025-10-08T12:26:00,present
1794,100,144,2,2025-10-08T12:07:00,present
1795,126,144,2,2025-10-08T12:08:00,absent
1796,128,144,2,2025-10-08T12:23:00,present
1797,163,144,2,2025-10-08T12:30:00,present
1798,193,144,2,2025-10-08T12:06:00,present
1799,194,144,2,2025-10-08T12:21:00,present
1800,199,144,2,2025-10-08T12:10:00,present
1801,19,145,2,2025-10-15T08:03:00,present
1802,41,145,2,2025-10-15T08:19:00,absent
1803,100,145,2,2025-10-15T08:21:00,present
1804,126,145,2,2025-10-15T08:26:00,present
1805,128,145,2,2025-10-15T08:14:00,present
1806,163,145,2,2025-10-15T08:28:00,present
1807,193,145,2,2025-10-15T08:29:00,present
1808,194,145,2,2025-10-15T08:28:00,late
1809,199,145,2,2025-10-15T08:01:00,late
1810,335,145,2,2025-10-15T08:28:00,present
1811,384,145,2,2025-10-15T08:20:00,present
1812,19,146,2,2025-10-22T10:18:00,present
1813,41,146,2,2025-10-22T10:22:00,present
1814,100,146,2,2025-10-22T10:25:00,present
1815,126,146,2,2025-10-22T10:09:00,present
1816,127,146,2,2025-10-22T10:03:00,present
1817,163,146,2,2025-10-22T10:30:00,present
1818,193,146,2,2025-10-22T10:11:00,present
1819,194,146,2,2025-10-22T10:27:00,present
1820,199,146,2,2025-10-22T10:26:00,present
1821,335,146,2,2025-10-22T10:13:00,present
1822,384,146,2,2025-10-22T10:20:00,late
1823,41,147,2,2025-10-29T12:26:00,present
1824,100,147,2,2025-10-29T12:08:00,present
1825,126,147,2,2025-10-29T12:20:00,present
1826,127,147,2,2025-10-29T12:13:00,late
1827,128,147,2,2025-10-29T12:08:00,present
1828,163,147,2,2025-10-29T12:02:00,present
1829,194,147,2,2025-10-29T12:15:00,present
1830,199,147,2,2025-10-29T12:15:00,present
1831,335,147,2,2025-10-29T12:13:00,absent
1832,384,147,2,2025-10-29T12:03:00,present
1833,19,148,2,2025-11-05T10:26:00,late
1834,41,148,2,2025-11-05T10:17:00,absent
1835,100,148,2,2025-11-05T10:18:00,absent
1836,126,148,2,2025-11-05T10:16:00,present
1837,127,148,2,2025-11-05T10:21:00,present
1838,128,148,2,2025-11-05T10:19:00,present
1839,193,148,2,2025-11-05T10:20:00,late
1840,194,148,2,2025-11-05T10:18:00,present
1841,335,148,2,2025-11-05T10:07:00,present
1842,384,148,2,2025-11-05T10:21:00,present
1843,19,149,2,2025-11-12T12:19:00,present
1844,41,149,2,2025-11-12T12:12:00,late
1845,100,149,2,2025-11-12T12:01:00,present
1846,126,149,2,2025-11-12T12:25:00,late
1847,127,149,2,2025-11-12T12:14:00,present
1848,128,149,2,2025-11-12T12:16:00,late
1849,193,149,2,2025-11-12T12:25:00,present
1850,194,149,2,2025-11-12T12:24:00,present
1851,199,149,2,2025-11-12T12:29:00,absent
1852,384,149,2,2025-11-12T12:00:00,present
1853,19,150,2,2025-11-19T08:10:00,late
1854,100,150,2,2025-11-19T08:25:00,present
1855,127,150,2,2025-11-19T08:28:00,present
1856,128,150,2,2025-11-19T08:26:00,present
1857,163,150,2,2025-11-19T08:11:00,present
1858,193,150,2,2025-11-19T08:07:00,present
1859,194,150,2,2025-11-19T08:25:00,present
1860,335,150,2,2025-11-19T08:20:00,present
1861,384,150,2,2025-11-19T08:25:00,present
1862,19,151,13,2025-10-01T10:17:00,absent
1863,55,151,13,2025-10-01T10:17:00,absent
1864,100,151,13,2025-10-01T10:23:00,present
1865,161,151,13,2025-10-01T10:11:00,present
1866,179,151,13,2025-10-01T10:05:00,present
1867,199,151,13,2025-10-01T10:27:00,present
1868,258,151,13,2025-10-01T10:17:00,late
1869,296,151,13,2025-10-01T10:26:00,absent
1870,329,151,13,2025-10-01T10:10:00,present
1871,349,151,13,2025-10-01T10:03:00,late
1872,350,151,13,2025-10-01T10:02:00,present
1873,396,151,13,2025-10-01T10:10:00,absent
1874,19,152,13,2025-10-08T08:20:00,present
1875,55,152,13,2025-10-08T08:12:00,present
1876,100,152,13,2025-10-08T08:27:00,present
1877,161,152,13,2025-10-08T08:11:00,present
1878,179,152,13,2025-10-08T08:14:00,present
1879,199,152,13,2025-10-08T08:24:00,absent
1880,240,152,13,2025-10-08T08:05:00,present
1881,258,152,13,2025-10-08T08:03:00,present
1882,296,152,13,2025-10-08T08:09:00,present
1883,329,152,13,2025-10-08T08:22:00,present
1884,349,152,13,2025-10-08T08:09:00,present
1885,350,152,13,2025-10-08T08:17:00,present
1886,396,152,13,2025-10-08T08:19:00,present
1887,19,153,13,2025-10-15T08:06:00,present
1888,100,153,13,2025-10-15T08:29:00,present
1889,161,153,13,2025-10-15T08:12:00,late
1890,179,153,13,2025-10-15T08:04:00,late
1891,199,153,13,2025-10-15T08:17:00,present
1892,240,153,13,2025-10-15T08:04:00,present
1893,258,153,13,2025-10-15T08:03:00,present
1894,296,153,13,2025-10-15T08:23:00,present
1895,329,153,13,2025-10-15T08:28:00,present
1896,349,153,13,2025-10-15T08:19:00,present
1897,350,153,13,2025-10-15T08:02:00,present
1898,396,153,13,2025-10-15T08:07:00,present
1899,19,154,13,2025-10-22T12:01:00,present
1900,55,154,13,2025-10-22T12:04:00,late
1901,100,154,13,2025-10-22T12:08:00,absent
1902,179,154,13,2025-10-22T12:22:00,present
1903,199,154,13,2025-10-22T12:07:00,present
1904,240,154,13,2025-10-22T12:14:00,late
1905,258,154,13,2025-10-22T12:06:00,absent
1906,329,154,13,2025-10-22T12:30:00,present
1907,350,154,13,2025-10-22T12:26:00,present
1908,396,154,13,2025-10-22T12:17:00,present
1909,19,155,13,2025-10-29T12:18:00,present
1910,55,155,13,2025-10-29T12:05:00,present
1911,100,155,13,2025-10-29T12:18:00,present
1912,161,155,13,2025-10-29T12:18:00,present
1913,179,155,13,2025-10-29T12:12:00,present
1914,199,155,13,2025-10-29T12:22:00,late
1915,240,155,13,2025-10-29T12:11:00,present
1916,258,155,13,2025-10-29T12:08:00,present
1917,296,155,13,2025-10-29T12:11:00,present
1918,329,155,13,2025-10-29T12:29:00,present
1919,349,155,13,2025-10-29T12:17:00,absent
1920,350,155,13,2025-10-29T12:30:00,present
1921,396,155,13,2025-10-29T12:10:00,present
1922,55,156,12,2025-10-01T12:22:00,present
1923,87,156,12,2025-10-01T12:17:00,present
1924,110,156,12,2025-10-01T12:03:00,absent
1925,161,156,12,2025-10-01T12:25:00,present
1926,163,156,12,2025-10-01T12:22:00,present
1927,193,156,12,2025-10-01T12:10:00,present
1928,240,156,12,2025-10-01T12:07:00,present
1929,258,156,12,2025-10-01T12:22:00,late
1930,263,156,12,2025-10-01T12:17:00,late
1931,282,156,12,2025-10-01T12:07:00,present
1932,296,156,12,2025-10-01T12:18:00,present
1933,326,156,12,2025-10-01T12:14:00,late
1934,349,156,12,2025-10-01T12:15:00,absent
1935,374,156,12,2025-10-01T12:02:00,present
1936,384,156,12,2025-10-01T12:05:00,present
1937,396,156,12,2025-10-01T12:20:00,present
1938,87,157,12,2025-10-08T10:27:00,late
1939,110,157,12,2025-10-08T10:02:00,present
1940,161,157,12,2025-10-08T10:02:00,present
1941,163,157,12,2025-10-08T10:08:00,late
1942,193,157,12,2025-10-08T10:30:00,present
1943,194,157,12,2025-10-08T10:00:00,present
1944,240,157,12,2025-10-08T10:15:00,present
1945,258,157,12,2025-10-08T10:24:00,present
1946,263,157,12,2025-10-08T10:12:00,present
1947,282,157,12,2025-10-08T10:14:00,present
1948,296,157,12,2025-10-08T10:22:00,present
1949,326,157,12,2025-10-08T10:10:00,present
1950,349,157,12,2025-10-08T10:25:00,late
1951,374,157,12,2025-10-08T10:30:00,late
1952,384,157,12,2025-10-08T10:24:00,present
1953,389,157,12,2025-10-08T10:21:00,present
1954,396,157,12,2025-10-08T10:27:00,present
1955,87,158,12,2025-10-15T14:22:00,present
1956,110,158,12,2025-10-15T14:18:00,present
1957,163,158,12,2025-10-15T14:19:00,present
1958,194,158,12,2025-10-15T14:05:00,present
1959,240,158,12,2025-10-15T14:07:00,present
1960,258,158,12,2025-10-15T14:24:00,present
1961,263,158,12,2025-10-15T14:05:00,present
1962,282,158,12,2025-10-15T14:00:00,present
1963,296,158,12,2025-10-15T14:15:00,present
1964,326,158,12,2025-10-15T14:10:00,present
1965,374,158,12,2025-10-15T14:18:00,late
1966,384,158,12,2025-10-15T14:21:00,late
1967,389,158,12,2025-10-15T14:13:00,present
1968,396,158,12,2025-10-15T14:15:00,present
1969,87,159,12,2025-10-22T12:03:00,present
1970,110,159,12,2025-10-22T12:05:00,present
1971,161,159,12,2025-10-22T12:28:00,present
1972,163,159,12,2025-10-22T12:02:00,late
1973,193,159,12,2025-10-22T12:12:00,present
1974,194,159,12,2025-10-22T12:11:00,late
1975,240,159,12,2025-10-22T12:20:00,present
1976,263,159,12,2025-10-22T12:03:00,present
1977,282,159,12,2025-10-22T12:00:00,present
1978,296,159,12,2025-10-22T12:01:00,present
1979,326,159,12,2025-10-22T12:01:00,present
1980,349,159,12,2025-10-22T12:03:00,present
1981,374,159,12,2025-10-22T12:30:00,present
1982,384,159,12,2025-10-22T12:00:00,absent
1983,396,159,12,2025-10-22T12:00:00,present
1984,55,160,12,2025-10-29T12:18:00,absent
1985,87,160,12,2025-10-29T12:27:00,absent
1986,161,160,12,2025-10-29T12:20:00,late
1987,163,160,12,2025-10-29T12:05:00,present
1988,193,160,12,2025-10-29T12:11:00,present
1989,240,160,12,2025-10-29T12:04:00,late
1990,258,160,12,2025-10-29T12:18:00,present
1991,263,160,12,2025-10-29T12:14:00,present
1992,282,160,12,2025-10-29T12:28:00,present
1993,296,160,12,2025-10-29T12:16:00,present
1994,349,160,12,2025-10-29T12:00:00,present
1995,374,160,12,2025-10-29T12:29:00,present
1996,384,160,12,2025-10-29T12:30:00,present
1997,389,160,12,2025-10-29T12:03:00,late
1998,396,160,12,2025-10-29T12:09:00,present
1999,55,161,12,2025-11-05T08:03:00,absent
2000,87,161,12,2025-11-05T08:05:00,present
2001,110,161,12,2025-11-05T08:05:00,late
2002,161,161,12,2025-11-05T08:15:00,present
2003,163,161,12,2025-11-05T08:04:00,late
2004,193,161,12,2025-11-05T08:29:00,present
2005,194,161,12,2025-11-05T08:14:00,late
2006,240,161,12,2025-11-05T08:17:00,present
2007,258,161,12,2025-11-05T08:25:00,late
2008,263,161,12,2025-11-05T08:03:00,absent
2009,282,161,12,2025-11-05T08:02:00,present
2010,296,161,12,2025-11-05T08:11:00,present
2011,349,161,12,2025-11-05T08:15:00,late
2012,374,161,12,2025-11-05T08:12:00,present
2013,396,161,12,2025-11-05T08:15:00,late
2014,55,162,12,2025-11-12T08:29:00,present
2015,87,162,12,2025-11-12T08:24:00,present
2016,110,162,12,2025-11-12T08:03:00,absent
2017,161,162,12,2025-11-12T08:02:00,present
2018,163,162,12,2025-11-12T08:10:00,late
2019,193,162,12,2025-11-12T08:18:00,present
2020,194,162,12,2025-11-12T08:17:00,present
2021,240,162,12,2025-11-12T08:24:00,present
2022,258,162,12,2025-11-12T08:06:00,present
2023,263,162,12,2025-11-12T08:04:00,present
2024,282,162,12,2025-11-12T08:06:00,present
2025,296,162,12,2025-11-12T08:20:00,present
2026,326,162,12,2025-11-12T08:13:00,present
2027,349,162,12,2025-11-12T08:15:00,late
2028,389,162,12,2025-11-12T08:19:00,present
2029,396,162,12,2025-11-12T08:15:00,present
2030,55,163,12,2025-11-19T12:24:00,present
2031,87,163,12,2025-11-19T12:21:00,present
2032,110,163,12,2025-11-19T12:16:00,present
2033,161,163,12,2025-11-19T12:06:00,present
2034,163,163,12,2025-11-19T12:09:00,present
2035,193,163,12,2025-11-19T12:23:00,present
2036,194,163,12,2025-11-19T12:17:00,present
2037,240,163,12,2025-11-19T12:10:00,late
2038,258,163,12,2025-11-19T12:17:00,present
2039,282,163,12,2025-11-19T12:12:00,present
2040,296,163,12,2025-11-19T12:30:00,present
2041,326,163,12,2025-11-19T12:26:00,present
2042,349,163,12,2025-11-19T12:27:00,absent
2043,374,163,12,2025-11-19T12:16:00,present
2044,384,163,12,2025-11-19T12:05:00,present
2045,389,163,12,2025-11-19T12:21:00,present
2046,396,163,12,2025-11-19T12:29:00,present
2047,19,164,16,2025-10-01T10:14:00,present
2048,41,164,16,2025-10-01T10:28:00,present
2049,55,164,16,2025-10-01T10:10:00,present
2050,128,164,16,2025-10-01T10:06:00,present
2051,161,164,16,2025-10-01T10:19:00,present
2052,240,164,16,2025-10-01T10:06:00,present
2053,258,164,16,2025-10-01T10:03:00,present
2054,263,164,16,2025-10-01T10:00:00,present
2055,286,164,16,2025-10-01T10:21:00,absent
2056,311,164,16,2025-10-01T10:26:00,present
2057,329,164,16,2025-10-01T10:05:00,late
2058,374,164,16,2025-10-01T10:26:00,present
2059,389,164,16,2025-10-01T10:29:00,present
2060,396,164,16,2025-10-01T10:01:00,present
2061,19,165,16,2025-10-08T12:19:00,present
2062,41,165,16,2025-10-08T12:21:00,present
2063,55,165,16,2025-10-08T12:29:00,present
2064,87,165,16,2025-10-08T12:18:00,present
2065,128,165,16,2025-10-08T12:28:00,absent
2066,161,165,16,2025-10-08T12:06:00,present
2067,199,165,16,2025-10-08T12:20:00,present
2068,240,165,16,2025-10-08T12:08:00,present
2069,258,165,16,2025-10-08T12:00:00,present
2070,263,165,16,2025-10-08T12:13:00,present
2071,286,165,16,2025-10-08T12:26:00,present
2072,311,165,16,2025-10-08T12:26:00,absent
2073,329,165,16,2025-10-08T12:08:00,late
2074,374,165,16,2025-10-08T12:20:00,present
2075,389,165,16,2025-10-08T12:01:00,present
2076,396,165,16,2025-10-08T12:14:00,absent
2077,41,166,16,2025-10-15T08:02:00,present
2078,55,166,16,2025-10-15T08:03:00,present
2079,87,166,16,2025-10-15T08:25:00,present
2080,128,166,16,2025-10-15T08:05:00,present
2081,161,166,16,2025-10-15T08:05:00,present
2082,199,166,16,2025-10-15T08:08:00,present
2083,240,166,16,2025-10-15T08:22:00,present
2084,258,166,16,2025-10-15T08:12:00,present
2085,263,166,16,2025-10-15T08:09:00,present
2086,286,166,16,2025-10-15T08:18:00,present
2087,311,166,16,2025-10-15T08:24:00,present
2088,374,166,16,2025-10-15T08:28:00,present
2089,389,166,16,2025-10-15T08:02:00,present
2090,396,166,16,2025-10-15T08:15:00,present
2091,19,167,16,2025-10-22T08:16:00,present
2092,41,167,16,2025-10-22T08:15:00,late
2093,55,167,16,2025-10-22T08:03:00,absent
2094,87,167,16,2025-10-22T08:26:00,present
2095,128,167,16,2025-10-22T08:02:00,present
2096,161,167,16,2025-10-22T08:25:00,present
2097,240,167,16,2025-10-22T08:11:00,present
2098,258,167,16,2025-10-22T08:04:00,late
2099,263,167,16,2025-10-22T08:24:00,present
2100,311,167,16,2025-10-22T08:24:00,present
2101,329,167,16,2025-10-22T08:24:00,present
2102,374,167,16,2025-10-22T08:10:00,present
2103,19,168,16,2025-10-29T14:27:00,present
2104,41,168,16,2025-10-29T14:29:00,present
2105,55,168,16,2025-10-29T14:14:00,present
2106,87,168,16,2025-10-29T14:20:00,late
2107,161,168,16,2025-10-29T14:30:00,absent
2108,199,168,16,2025-10-29T14:02:00,present
2109,240,168,16,2025-10-29T14:20:00,present
2110,258,168,16,2025-10-29T14:21:00,present
2111,263,168,16,2025-10-29T14:00:00,present
2112,286,168,16,2025-10-29T14:02:00,present
2113,311,168,16,2025-10-29T14:19:00,present
2114,329,168,16,2025-10-29T14:17:00,present
2115,374,168,16,2025-10-29T14:17:00,present
2116,389,168,16,2025-10-29T14:01:00,present
2117,41,169,16,2025-11-05T12:00:00,present
2118,55,169,16,2025-11-05T12:05:00,present
2119,87,169,16,2025-11-05T12:10:00,present
2120,128,169,16,2025-11-05T12:04:00,absent
2121,161,169,16,2025-11-05T12:21:00,present
2122,199,169,16,2025-11-05T12:12:00,present
2123,263,169,16,2025-11-05T12:18:00,late
2124,311,169,16,2025-11-05T12:20:00,absent
2125,374,169,16,2025-11-05T12:00:00,present
2126,389,169,16,2025-11-05T12:29:00,late
2127,396,169,16,2025-11-05T12:18:00,present
2128,12,170,2,2025-10-01T10:09:00,present
2129,20,170,2,2025-10-01T10:12:00,present
2130,58,170,2,2025-10-01T10:23:00,present
2131,84,170,2,2025-10-01T10:15:00,present
2132,144,170,2,2025-10-01T10:11:00,present
2133,149,170,2,2025-10-01T10:20:00,present
2134,332,170,2,2025-10-01T10:29:00,present
2135,352,170,2,2025-10-01T10:14:00,present
2136,390,170,2,2025-10-01T10:11:00,present
2137,12,171,2,2025-10-08T14:09:00,present
2138,20,171,2,2025-10-08T14:05:00,present
2139,58,171,2,2025-10-08T14:12:00,late
2140,84,171,2,2025-10-08T14:28:00,late
2141,144,171,2,2025-10-08T14:23:00,present
2142,332,171,2,2025-10-08T14:04:00,present
2143,390,171,2,2025-10-08T14:28:00,present
2144,12,172,2,2025-10-15T10:07:00,present
2145,20,172,2,2025-10-15T10:04:00,present
2146,58,172,2,2025-10-15T10:11:00,present
2147,84,172,2,2025-10-15T10:12:00,present
2148,144,172,2,2025-10-15T10:13:00,present
2149,149,172,2,2025-10-15T10:14:00,late
2150,332,172,2,2025-10-15T10:12:00,present
2151,352,172,2,2025-10-15T10:10:00,present
2152,390,172,2,2025-10-15T10:12:00,absent
2153,20,173,2,2025-10-22T12:07:00,present
2154,58,173,2,2025-10-22T12:06:00,present
2155,84,173,2,2025-10-22T12:30:00,present
2156,144,173,2,2025-10-22T12:21:00,present
2157,149,173,2,2025-10-22T12:11:00,present
2158,332,173,2,2025-10-22T12:17:00,present
2159,352,173,2,2025-10-22T12:25:00,present
2160,390,173,2,2025-10-22T12:20:00,present
2161,12,174,2,2025-10-29T12:12:00,present
2162,84,174,2,2025-10-29T12:09:00,present
2163,144,174,2,2025-10-29T12:30:00,present
2164,149,174,2,2025-10-29T12:19:00,late
2165,332,174,2,2025-10-29T12:06:00,present
2166,352,174,2,2025-10-29T12:17:00,present
2167,390,174,2,2025-10-29T12:21:00,present
2168,12,175,2,2025-11-05T10:16:00,present
2169,20,175,2,2025-11-05T10:30:00,present
2170,58,175,2,2025-11-05T10:22:00,present
2171,84,175,2,2025-11-05T10:18:00,late
2172,144,175,2,2025-11-05T10:08:00,late
2173,149,175,2,2025-11-05T10:21:00,present
2174,332,175,2,2025-11-05T10:04:00,present
2175,352,175,2,2025-11-05T10:18:00,present
2176,390,175,2,2025-11-05T10:06:00,present
2177,12,176,2,2025-11-12T14:10:00,present
2178,20,176,2,2025-11-12T14:27:00,present
2179,58,176,2,2025-11-12T14:24:00,present
2180,84,176,2,2025-11-12T14:10:00,present
2181,144,176,2,2025-11-12T14:24:00,present
2182,149,176,2,2025-11-12T14:23:00,absent
2183,332,176,2,2025-11-12T14:01:00,present
2184,352,176,2,2025-11-12T14:25:00,present
2185,20,177,2,2025-11-19T10:27:00,present
2186,84,177,2,2025-11-19T10:10:00,late
2187,144,177,2,2025-11-19T10:11:00,present
2188,149,177,2,2025-11-19T10:04:00,present
2189,332,177,2,2025-11-19T10:09:00,present
2190,352,177,2,2025-11-19T10:11:00,present
2191,390,177,2,2025-11-19T10:10:00,late
2192,9,178,3,2025-10-01T12:26:00,present
2193,12,178,3,2025-10-01T12:10:00,present
2194,20,178,3,2025-10-01T12:09:00,absent
2195,85,178,3,2025-10-01T12:25:00,present
2196,149,178,3,2025-10-01T12:28:00,present
2197,178,178,3,2025-10-01T12:05:00,present
2198,330,178,3,2025-10-01T12:17:00,absent
2199,332,178,3,2025-10-01T12:13:00,present
2200,350,178,3,2025-10-01T12:17:00,present
2201,386,178,3,2025-10-01T12:22:00,present
2202,9,179,3,2025-10-08T10:22:00,present
2203,12,179,3,2025-10-08T10:07:00,present
2204,20,179,3,2025-10-08T10:21:00,present
2205,85,179,3,2025-10-08T10:29:00,absent
2206,149,179,3,2025-10-08T10:24:00,present
2207,330,179,3,2025-10-08T10:15:00,present
2208,332,179,3,2025-10-08T10:05:00,present
2209,350,179,3,2025-10-08T10:18:00,present
2210,386,179,3,2025-10-08T10:26:00,late
2211,9,180,3,2025-10-15T14:14:00,present
2212,12,180,3,2025-10-15T14:05:00,present
2213,20,180,3,2025-10-15T14:00:00,present
2214,85,180,3,2025-10-15T14:30:00,present
2215,149,180,3,2025-10-15T14:11:00,present
2216,178,180,3,2025-10-15T14:02:00,present
2217,330,180,3,2025-10-15T14:02:00,late
2218,332,180,3,2025-10-15T14:19:00,absent
2219,350,180,3,2025-10-15T14:12:00,present
2220,386,180,3,2025-10-15T14:03:00,absent
2221,9,181,3,2025-10-22T08:25:00,present
2222,12,181,3,2025-10-22T08:06:00,present
2223,20,181,3,2025-10-22T08:10:00,present
2224,85,181,3,2025-10-22T08:25:00,present
2225,149,181,3,2025-10-22T08:02:00,present
2226,178,181,3,2025-10-22T08:25:00,present
2227,330,181,3,2025-10-22T08:19:00,present
2228,332,181,3,2025-10-22T08:13:00,present
2229,350,181,3,2025-10-22T08:11:00,present
2230,386,181,3,2025-10-22T08:06:00,present
2231,9,182,3,2025-10-29T14:16:00,present
2232,12,182,3,2025-10-29T14:00:00,present
2233,20,182,3,2025-10-29T14:28:00,present
2234,85,182,3,2025-10-29T14:20:00,present
2235,149,182,3,2025-10-29T14:09:00,late
2236,178,182,3,2025-10-29T14:13:00,present
2237,330,182,3,2025-10-29T14:08:00,present
2238,332,182,3,2025-10-29T14:24:00,late
2239,350,182,3,2025-10-29T14:21:00,present
2240,9,183,3,2025-11-05T10:04:00,present
2241,12,183,3,2025-11-05T10:29:00,present
2242,20,183,3,2025-11-05T10:23:00,absent
2243,85,183,3,2025-11-05T10:09:00,present
2244,149,183,3,2025-11-05T10:28:00,present
2245,178,183,3,2025-11-05T10:12:00,present
2246,332,183,3,2025-11-05T10:22:00,present
2247,350,183,3,2025-11-05T10:11:00,present
2248,386,183,3,2025-11-05T10:27:00,present
2249,9,184,3,2025-11-12T14:13:00,present
2250,12,184,3,2025-11-12T14:10:00,absent
2251,85,184,3,2025-11-12T14:08:00,late
2252,149,184,3,2025-11-12T14:15:00,present
2253,178,184,3,2025-11-12T14:02:00,late
2254,330,184,3,2025-11-12T14:29:00,present
2255,332,184,3,2025-11-12T14:25:00,present
2256,350,184,3,2025-11-12T14:10:00,present
2257,386,184,3,2025-11-12T14:28:00,late
2258,58,185,13,2025-10-01T10:25:00,late
2259,59,185,13,2025-10-01T10:07:00,present
2260,139,185,13,2025-10-01T10:04:00,absent
2261,180,185,13,2025-10-01T10:07:00,present
2262,196,185,13,2025-10-01T10:27:00,late
2263,352,185,13,2025-10-01T10:23:00,absent
2264,355,185,13,2025-10-01T10:27:00,present
2265,361,185,13,2025-10-01T10:02:00,present
2266,386,185,13,2025-10-01T10:20:00,present
2267,390,185,13,2025-10-01T10:14:00,present
2268,12,186,13,2025-10-08T14:10:00,present
2269,58,186,13,2025-10-08T14:03:00,present
2270,59,186,13,2025-10-08T14:01:00,absent
2271,84,186,13,2025-10-08T14:06:00,present
2272,139,186,13,2025-10-08T14:29:00,present
2273,306,186,13,2025-10-08T14:00:00,late
2274,352,186,13,2025-10-08T14:21:00,absent
2275,355,186,13,2025-10-08T14:01:00,present
2276,361,186,13,2025-10-08T14:12:00,absent
2277,386,186,13,2025-10-08T14:16:00,present
2278,390,186,13,2025-10-08T14:26:00,late
2279,12,187,13,2025-10-15T10:15:00,present
2280,58,187,13,2025-10-15T10:05:00,present
2281,59,187,13,2025-10-15T10:23:00,present
2282,84,187,13,2025-10-15T10:27:00,present
2283,139,187,13,2025-10-15T10:14:00,present
2284,180,187,13,2025-10-15T10:00:00,present
2285,306,187,13,2025-10-15T10:08:00,present
2286,355,187,13,2025-10-15T10:06:00,absent
2287,361,187,13,2025-10-15T10:22:00,present
2288,386,187,13,2025-10-15T10:06:00,present
2289,390,187,13,2025-10-15T10:10:00,present
2290,12,188,13,2025-10-22T12:07:00,present
2291,58,188,13,2025-10-22T12:20:00,late
2292,59,188,13,2025-10-22T12:09:00,late
2293,84,188,13,2025-10-22T12:16:00,present
2294,139,188,13,2025-10-22T12:06:00,present
2295,180,188,13,2025-10-22T12:26:00,late
2296,196,188,13,2025-10-22T12:07:00,present
2297,306,188,13,2025-10-22T12:20:00,late
2298,352,188,13,2025-10-22T12:21:00,present
2299,355,188,13,2025-10-22T12:24:00,late
2300,361,188,13,2025-10-22T12:01:00,present
2301,390,188,13,2025-10-22T12:23:00,present
2302,58,189,13,2025-10-29T08:13:00,absent
2303,84,189,13,2025-10-29T08:22:00,present
2304,139,189,13,2025-10-29T08:23:00,present
2305,180,189,13,2025-10-29T08:10:00,present
2306,196,189,13,2025-10-29T08:29:00,present
2307,306,189,13,2025-10-29T08:22:00,present
2308,352,189,13,2025-10-29T08:21:00,present
2309,355,189,13,2025-10-29T08:18:00,present
2310,361,189,13,2025-10-29T08:26:00,present
2311,386,189,13,2025-10-29T08:11:00,late
2312,390,189,13,2025-10-29T08:15:00,present
2313,12,190,18,2025-10-01T14:09:00,present
2314,60,190,18,2025-10-01T14:10:00,present
2315,178,190,18,2025-10-01T14:23:00,present
2316,196,190,18,2025-10-01T14:18:00,present
2317,216,190,18,2025-10-01T14:22:00,present
2318,220,190,18,2025-10-01T14:14:00,present
2319,242,190,18,2025-10-01T14:10:00,present
2320,274,190,18,2025-10-01T14:27:00,present
2321,330,190,18,2025-10-01T14:12:00,present
2322,386,190,18,2025-10-01T14:28:00,present
2323,12,191,18,2025-10-08T10:04:00,present
2324,178,191,18,2025-10-08T10:13:00,present
2325,196,191,18,2025-10-08T10:27:00,present
2326,220,191,18,2025-10-08T10:27:00,late
2327,242,191,18,2025-10-08T10:12:00,present
2328,274,191,18,2025-10-08T10:13:00,present
2329,330,191,18,2025-10-08T10:21:00,present
2330,386,191,18,2025-10-08T10:04:00,present
2331,12,192,18,2025-10-15T08:05:00,present
2332,60,192,18,2025-10-15T08:00:00,present
2333,178,192,18,2025-10-15T08:04:00,late
2334,196,192,18,2025-10-15T08:06:00,present
2335,220,192,18,2025-10-15T08:09:00,absent
2336,242,192,18,2025-10-15T08:27:00,present
2337,274,192,18,2025-10-15T08:07:00,present
2338,330,192,18,2025-10-15T08:19:00,present
2339,386,192,18,2025-10-15T08:13:00,present
2340,12,193,18,2025-10-22T10:27:00,present
2341,60,193,18,2025-10-22T10:21:00,present
2342,196,193,18,2025-10-22T10:02:00,present
2343,216,193,18,2025-10-22T10:22:00,absent
2344,220,193,18,2025-10-22T10:09:00,late
2345,274,193,18,2025-10-22T10:15:00,present
2346,330,193,18,2025-10-22T10:13:00,present
2347,386,193,18,2025-10-22T10:30:00,present
2348,12,194,18,2025-10-29T08:05:00,present
2349,60,194,18,2025-10-29T08:09:00,present
2350,178,194,18,2025-10-29T08:13:00,present
2351,196,194,18,2025-10-29T08:19:00,present
2352,220,194,18,2025-10-29T08:23:00,present
2353,242,194,18,2025-10-29T08:22:00,absent
2354,274,194,18,2025-10-29T08:11:00,present
2355,330,194,18,2025-10-29T08:15:00,absent
2356,12,195,15,2025-10-01T14:13:00,present
2357,58,195,15,2025-10-01T14:30:00,present
2358,85,195,15,2025-10-01T14:07:00,present
2359,95,195,15,2025-10-01T14:28:00,present
2360,139,195,15,2025-10-01T14:29:00,present
2361,149,195,15,2025-10-01T14:15:00,present
2362,150,195,15,2025-10-01T14:17:00,present
2363,220,195,15,2025-10-01T14:25:00,present
2364,332,195,15,2025-10-01T14:06:00,present
2365,352,195,15,2025-10-01T14:30:00,present
2366,361,195,15,2025-10-01T14:20:00,present
2367,12,196,15,2025-10-08T08:29:00,present
2368,58,196,15,2025-10-08T08:18:00,present
2369,85,196,15,2025-10-08T08:26:00,present
2370,95,196,15,2025-10-08T08:15:00,absent
2371,139,196,15,2025-10-08T08:28:00,present
2372,150,196,15,2025-10-08T08:03:00,present
2373,220,196,15,2025-10-08T08:04:00,present
2374,332,196,15,2025-10-08T08:02:00,present
2375,352,196,15,2025-10-08T08:14:00,present
2376,361,196,15,2025-10-08T08:28:00,present
2377,12,197,15,2025-10-15T10:23:00,present
2378,58,197,15,2025-10-15T10:14:00,late
2379,85,197,15,2025-10-15T10:06:00,present
2380,95,197,15,2025-10-15T10:08:00,present
2381,139,197,15,2025-10-15T10:11:00,present
2382,149,197,15,2025-10-15T10:01:00,absent
2383,150,197,15,2025-10-15T10:07:00,present
2384,220,197,15,2025-10-15T10:10:00,present
2385,332,197,15,2025-10-15T10:19:00,present
2386,352,197,15,2025-10-15T10:04:00,late
2387,361,197,15,2025-10-15T10:30:00,absent
2388,12,198,15,2025-10-22T08:10:00,present
2389,58,198,15,2025-10-22T08:17:00,late
2390,85,198,15,2025-10-22T08:25:00,late
2391,95,198,15,2025-10-22T08:30:00,present
2392,139,198,15,2025-10-22T08:19:00,present
2393,150,198,15,2025-10-22T08:23:00,present
2394,220,198,15,2025-10-22T08:16:00,absent
2395,332,198,15,2025-10-22T08:09:00,present
2396,352,198,15,2025-10-22T08:12:00,late
2397,361,198,15,2025-10-22T08:26:00,present
2398,12,199,15,2025-10-29T08:09:00,present
2399,58,199,15,2025-10-29T08:04:00,present
2400,85,199,15,2025-10-29T08:00:00,present
2401,95,199,15,2025-10-29T08:24:00,late
2402,139,199,15,2025-10-29T08:11:00,late
2403,149,199,15,2025-10-29T08:29:00,late
2404,150,199,15,2025-10-29T08:14:00,present
2405,220,199,15,2025-10-29T08:17:00,present
2406,332,199,15,2025-10-29T08:14:00,present
2407,352,199,15,2025-10-29T08:03:00,present
2408,361,199,15,2025-10-29T08:14:00,present
2409,12,200,15,2025-11-05T14:22:00,present
2410,58,200,15,2025-11-05T14:09:00,present
2411,85,200,15,2025-11-05T14:04:00,absent
2412,95,200,15,2025-11-05T14:00:00,present
2413,149,200,15,2025-11-05T14:17:00,present
2414,150,200,15,2025-11-05T14:04:00,present
2415,220,200,15,2025-11-05T14:23:00,present
2416,332,200,15,2025-11-05T14:00:00,present
2417,352,200,15,2025-11-05T14:20:00,absent
2418,361,200,15,2025-11-05T14:05:00,late
2419,12,201,15,2025-11-12T14:26:00,absent
2420,58,201,15,2025-11-12T14:20:00,absent
2421,85,201,15,2025-11-12T14:18:00,present
2422,95,201,15,2025-11-12T14:01:00,present
2423,139,201,15,2025-11-12T14:01:00,present
2424,149,201,15,2025-11-12T14:22:00,present
2425,352,201,15,2025-11-12T14:16:00,present
2426,361,201,15,2025-11-12T14:22:00,present
2427,11,202,17,2025-10-01T08:24:00,present
2428,12,202,17,2025-10-01T08:11:00,present
2429,20,202,17,2025-10-01T08:13:00,present
2430,39,202,17,2025-10-01T08:02:00,present
2431,60,202,17,2025-10-01T08:17:00,present
2432,139,202,17,2025-10-01T08:25:00,present
2433,144,202,17,2025-10-01T08:04:00,present
2434,149,202,17,2025-10-01T08:02:00,present
2435,220,202,17,2025-10-01T08:14:00,present
2436,306,202,17,2025-10-01T08:24:00,present
2437,324,202,17,2025-10-01T08:08:00,late
2438,332,202,17,2025-10-01T08:01:00,present
2439,352,202,17,2025-10-01T08:17:00,present
2440,11,203,17,2025-10-08T10:22:00,present
2441,12,203,17,2025-10-08T10:01:00,present
2442,39,203,17,2025-10-08T10:30:00,late
2443,60,203,17,2025-10-08T10:27:00,present
2444,139,203,17,2025-10-08T10:12:00,present
2445,144,203,17,2025-10-08T10:21:00,present
2446,149,203,17,2025-10-08T10:16:00,present
2447,220,203,17,2025-10-08T10:15:00,present
2448,324,203,17,2025-10-08T10:13:00,present
2449,332,203,17,2025-10-08T10:01:00,present
2450,352,203,17,2025-10-08T10:01:00,present
2451,392,203,17,2025-10-08T10:18:00,present
2452,11,204,17,2025-10-15T10:11:00,present
2453,12,204,17,2025-10-15T10:18:00,present
2454,20,204,17,2025-10-15T10:16:00,present
2455,39,204,17,2025-10-15T10:05:00,present
2456,60,204,17,2025-10-15T10:04:00,present
2457,95,204,17,2025-10-15T10:29:00,present
2458,139,204,17,2025-10-15T10:19:00,absent
2459,144,204,17,2025-10-15T10:17:00,present
2460,149,204,17,2025-10-15T10:12:00,present
2461,220,204,17,2025-10-15T10:06:00,present
2462,306,204,17,2025-10-15T10:08:00,present
2463,324,204,17,2025-10-15T10:10:00,present
2464,332,204,17,2025-10-15T10:12:00,present
2465,392,204,17,2025-10-15T10:00:00,present
2466,11,205,17,2025-10-22T08:30:00,late
2467,12,205,17,2025-10-22T08:16:00,present
2468,20,205,17,2025-10-22T08:06:00,present
2469,39,205,17,2025-10-22T08:01:00,late
2470,60,205,17,2025-10-22T08:03:00,present
2471,95,205,17,2025-10-22T08:27:00,late
2472,139,205,17,2025-10-22T08:24:00,present
2473,144,205,17,2025-10-22T08:23:00,late
2474,149,205,17,2025-10-22T08:22:00,present
2475,220,205,17,2025-10-22T08:28:00,present
2476,306,205,17,2025-10-22T08:09:00,absent
2477,324,205,17,2025-10-22T08:01:00,present
2478,332,205,17,2025-10-22T08:07:00,present
2479,352,205,17,2025-10-22T08:28:00,present
2480,392,205,17,2025-10-22T08:06:00,present
2481,23,206,11,2025-10-01T08:09:00,present
2482,36,206,11,2025-10-01T08:27:00,present
2483,45,206,11,2025-10-01T08:15:00,present
2484,54,206,11,2025-10-01T08:12:00,present
2485,82,206,11,2025-10-01T08:14:00,present
2486,146,206,11,2025-10-01T08:19:00,present
2487,170,206,11,2025-10-01T08:29:00,present
2488,175,206,11,2025-10-01T08:17:00,present
2489,176,206,11,2025-10-01T08:25:00,present
2490,188,206,11,2025-10-01T08:27:00,present
2491,200,206,11,2025-10-01T08:02:00,present
2492,267,206,11,2025-10-01T08:28:00,present
2493,370,206,11,2025-10-01T08:00:00,present
2494,381,206,11,2025-10-01T08:12:00,late
2495,23,207,11,2025-10-08T08:30:00,present
2496,29,207,11,2025-10-08T08:01:00,present
2497,36,207,11,2025-10-08T08:20:00,present
2498,45,207,11,2025-10-08T08:13:00,late
2499,54,207,11,2025-10-08T08:11:00,absent
2500,146,207,11,2025-10-08T08:00:00,present
2501,170,207,11,2025-10-08T08:01:00,present
2502,175,207,11,2025-10-08T08:09:00,late
2503,188,207,11,2025-10-08T08:29:00,present
2504,200,207,11,2025-10-08T08:25:00,present
2505,267,207,11,2025-10-08T08:03:00,present
2506,269,207,11,2025-10-08T08:23:00,present
2507,309,207,11,2025-10-08T08:25:00,absent
2508,368,207,11,2025-10-08T08:15:00,absent
2509,370,207,11,2025-10-08T08:03:00,present
2510,23,208,11,2025-10-15T08:27:00,present
2511,29,208,11,2025-10-15T08:22:00,late
2512,36,208,11,2025-10-15T08:08:00,present
2513,54,208,11,2025-10-15T08:02:00,present
2514,82,208,11,2025-10-15T08:04:00,late
2515,146,208,11,2025-10-15T08:12:00,present
2516,170,208,11,2025-10-15T08:00:00,present
2517,176,208,11,2025-10-15T08:14:00,present
2518,188,208,11,2025-10-15T08:00:00,late
2519,200,208,11,2025-10-15T08:01:00,present
2520,267,208,11,2025-10-15T08:30:00,present
2521,269,208,11,2025-10-15T08:08:00,present
2522,309,208,11,2025-10-15T08:23:00,late
2523,365,208,11,2025-10-15T08:25:00,late
2524,368,208,11,2025-10-15T08:21:00,present
2525,370,208,11,2025-10-15T08:27:00,present
2526,381,208,11,2025-10-15T08:22:00,present
2527,23,209,11,2025-10-22T12:00:00,absent
2528,29,209,11,2025-10-22T12:01:00,present
2529,36,209,11,2025-10-22T12:26:00,absent
2530,45,209,11,2025-10-22T12:17:00,present
2531,54,209,11,2025-10-22T12:15:00,late
2532,82,209,11,2025-10-22T12:22:00,late
2533,146,209,11,2025-10-22T12:01:00,present
2534,170,209,11,2025-10-22T12:02:00,absent
2535,175,209,11,2025-10-22T12:14:00,present
2536,176,209,11,2025-10-22T12:17:00,present
2537,188,209,11,2025-10-22T12:21:00,present
2538,200,209,11,2025-10-22T12:23:00,present
2539,267,209,11,2025-10-22T12:04:00,present
2540,269,209,11,2025-10-22T12:20:00,present
2541,309,209,11,2025-10-22T12:05:00,present
2542,365,209,11,2025-10-22T12:11:00,present
2543,368,209,11,2025-10-22T12:11:00,present
2544,370,209,11,2025-10-22T12:04:00,present
2545,381,209,11,2025-10-22T12:24:00,present
2546,23,210,11,2025-10-29T08:21:00,present
2547,29,210,11,2025-10-29T08:11:00,present
2548,36,210,11,2025-10-29T08:02:00,present
2549,45,210,11,2025-10-29T08:28:00,present
2550,82,210,11,2025-10-29T08:20:00,late
2551,146,210,11,2025-10-29T08:24:00,absent
2552,170,210,11,2025-10-29T08:21:00,present
2553,175,210,11,2025-10-29T08:01:00,late
2554,176,210,11,2025-10-29T08:29:00,late
2555,188,210,11,2025-10-29T08:20:00,late
2556,267,210,11,2025-10-29T08:20:00,present
2557,269,210,11,2025-10-29T08:05:00,absent
2558,309,210,11,2025-10-29T08:18:00,present
2559,368,210,11,2025-10-29T08:06:00,present
2560,370,210,11,2025-10-29T08:12:00,present
2561,23,211,11,2025-11-05T10:03:00,present
2562,29,211,11,2025-11-05T10:17:00,present
2563,82,211,11,2025-11-05T10:21:00,present
2564,146,211,11,2025-11-05T10:23:00,present
2565,170,211,11,2025-11-05T10:22:00,late
2566,175,211,11,2025-11-05T10:15:00,late
2567,188,211,11,2025-11-05T10:25:00,present
2568,200,211,11,2025-11-05T10:29:00,late
2569,267,211,11,2025-11-05T10:21:00,late
2570,269,211,11,2025-11-05T10:07:00,late
2571,309,211,11,2025-11-05T10:23:00,present
2572,365,211,11,2025-11-05T10:24:00,present
2573,368,211,11,2025-11-05T10:07:00,absent
2574,370,211,11,2025-11-05T10:14:00,present
2575,381,211,11,2025-11-05T10:22:00,present
2576,23,212,11,2025-11-12T10:06:00,present
2577,29,212,11,2025-11-12T10:28:00,present
2578,36,212,11,2025-11-12T10:16:00,present
2579,45,212,11,2025-11-12T10:15:00,present
2580,146,212,11,2025-11-12T10:07:00,present
2581,170,212,11,2025-11-12T10:09:00,late
2582,175,212,11,2025-11-12T10:17:00,late
2583,176,212,11,2025-11-12T10:30:00,present
2584,188,212,11,2025-11-12T10:00:00,absent
2585,267,212,11,2025-11-12T10:06:00,present
2586,269,212,11,2025-11-12T10:24:00,present
2587,309,212,11,2025-11-12T10:02:00,late
2588,365,212,11,2025-11-12T10:30:00,late
2589,370,212,11,2025-11-12T10:21:00,absent
2590,381,212,11,2025-11-12T10:22:00,present
2591,23,213,11,2025-11-19T14:10:00,late
2592,29,213,11,2025-11-19T14:06:00,present
2593,36,213,11,2025-11-19T14:19:00,present
2594,45,213,11,2025-11-19T14:15:00,present
2595,54,213,11,2025-11-19T14:18:00,present
2596,146,213,11,2025-11-19T14:01:00,present
2597,170,213,11,2025-11-19T14:11:00,late
2598,176,213,11,2025-11-19T14:27:00,present
2599,188,213,11,2025-11-19T14:24:00,present
2600,200,213,11,2025-11-19T14:03:00,present
2601,267,213,11,2025-11-19T14:18:00,present
2602,269,213,11,2025-11-19T14:11:00,late
2603,309,213,11,2025-11-19T14:21:00,present
2604,365,213,11,2025-11-19T14:00:00,present
2605,368,213,11,2025-11-19T14:30:00,late
2606,370,213,11,2025-11-19T14:28:00,present
2607,37,214,8,2025-10-01T10:02:00,present
2608,48,214,8,2025-10-01T10:22:00,present
2609,54,214,8,2025-10-01T10:03:00,present
2610,59,214,8,2025-10-01T10:23:00,present
2611,158,214,8,2025-10-01T10:19:00,present
2612,175,214,8,2025-10-01T10:01:00,late
2613,181,214,8,2025-10-01T10:17:00,late
2614,188,214,8,2025-10-01T10:27:00,present
2615,228,214,8,2025-10-01T10:19:00,present
2616,290,214,8,2025-10-01T10:00:00,late
2617,368,214,8,2025-10-01T10:18:00,present
2618,370,214,8,2025-10-01T10:24:00,present
2619,40,215,8,2025-10-08T12:02:00,present
2620,48,215,8,2025-10-08T12:14:00,late
2621,54,215,8,2025-10-08T12:18:00,present
2622,59,215,8,2025-10-08T12:29:00,present
2623,158,215,8,2025-10-08T12:23:00,present
2624,181,215,8,2025-10-08T12:22:00,late
2625,188,215,8,2025-10-08T12:05:00,present
2626,228,215,8,2025-10-08T12:09:00,absent
2627,290,215,8,2025-10-08T12:01:00,present
2628,368,215,8,2025-10-08T12:10:00,present
2629,370,215,8,2025-10-08T12:21:00,present
2630,37,216,8,2025-10-15T12:26:00,present
2631,48,216,8,2025-10-15T12:07:00,absent
2632,59,216,8,2025-10-15T12:25:00,present
2633,158,216,8,2025-10-15T12:05:00,late
2634,175,216,8,2025-10-15T12:01:00,present
2635,181,216,8,2025-10-15T12:07:00,present
2636,188,216,8,2025-10-15T12:21:00,present
2637,228,216,8,2025-10-15T12:15:00,present
2638,290,216,8,2025-10-15T12:14:00,absent
2639,368,216,8,2025-10-15T12:30:00,present
2640,370,216,8,2025-10-15T12:03:00,present
2641,37,217,8,2025-10-22T14:04:00,present
2642,40,217,8,2025-10-22T14:30:00,present
2643,48,217,8,2025-10-22T14:00:00,present
2644,54,217,8,2025-10-22T14:11:00,late
2645,59,217,8,2025-10-22T14:13:00,present
2646,175,217,8,2025-10-22T14:22:00,present
2647,181,217,8,2025-10-22T14:17:00,present
2648,228,217,8,2025-10-22T14:08:00,absent
2649,290,217,8,2025-10-22T14:22:00,present
2650,368,217,8,2025-10-22T14:02:00,present
2651,37,218,8,2025-10-29T10:21:00,present
2652,40,218,8,2025-10-29T10:12:00,present
2653,48,218,8,2025-10-29T10:07:00,present
2654,54,218,8,2025-10-29T10:28:00,present
2655,181,218,8,2025-10-29T10:06:00,late
2656,188,218,8,2025-10-29T10:17:00,present
2657,228,218,8,2025-10-29T10:08:00,late
2658,290,218,8,2025-10-29T10:25:00,present
2659,368,218,8,2025-10-29T10:18:00,present
2660,370,218,8,2025-10-29T10:17:00,present
2661,40,219,8,2025-11-05T10:09:00,present
2662,54,219,8,2025-11-05T10:00:00,late
2663,59,219,8,2025-11-05T10:16:00,present
2664,158,219,8,2025-11-05T10:03:00,present
2665,175,219,8,2025-11-05T10:08:00,present
2666,181,219,8,2025-11-05T10:00:00,absent
2667,188,219,8,2025-11-05T10:25:00,present
2668,290,219,8,2025-11-05T10:27:00,absent
2669,368,219,8,2025-11-05T10:06:00,present
2670,370,219,8,2025-11-05T10:15:00,present
2671,37,220,8,2025-11-12T08:06:00,present
2672,48,220,8,2025-11-12T08:20:00,present
2673,54,220,8,2025-11-12T08:27:00,present
2674,59,220,8,2025-11-12T08:04:00,present
2675,158,220,8,2025-11-12T08:27:00,absent
2676,175,220,8,2025-11-12T08:27:00,late
2677,181,220,8,2025-11-12T08:15:00,present
2678,188,220,8,2025-11-12T08:02:00,present
2679,228,220,8,2025-11-12T08:07:00,present
2680,290,220,8,2025-11-12T08:13:00,present
2681,368,220,8,2025-11-12T08:11:00,present
2682,370,220,8,2025-11-12T08:26:00,absent
2683,36,221,12,2025-10-01T08:01:00,present
2684,45,221,12,2025-10-01T08:01:00,present
2685,54,221,12,2025-10-01T08:24:00,present
2686,138,221,12,2025-10-01T08:06:00,present
2687,146,221,12,2025-10-01T08:29:00,present
2688,170,221,12,2025-10-01T08:14:00,present
2689,175,221,12,2025-10-01T08:27:00,present
2690,176,221,12,2025-10-01T08:29:00,present
2691,365,221,12,2025-10-01T08:25:00,present
2692,368,221,12,2025-10-01T08:13:00,absent
2693,370,221,12,2025-10-01T08:24:00,present
2694,381,221,12,2025-10-01T08:07:00,present
2695,36,222,12,2025-10-08T08:09:00,present
2696,45,222,12,2025-10-08T08:02:00,present
2697,54,222,12,2025-10-08T08:00:00,present
2698,138,222,12,2025-10-08T08:17:00,late
2699,170,222,12,2025-10-08T08:04:00,present
2700,175,222,12,2025-10-08T08:01:00,present
2701,176,222,12,2025-10-08T08:12:00,present
2702,269,222,12,2025-10-08T08:20:00,present
2703,365,222,12,2025-10-08T08:29:00,late
2704,368,222,12,2025-10-08T08:26:00,late
2705,370,222,12,2025-10-08T08:10:00,present
2706,381,222,12,2025-10-08T08:27:00,late
2707,36,223,12,2025-10-15T08:16:00,present
2708,45,223,12,2025-10-15T08:24:00,absent
2709,54,223,12,2025-10-15T08:22:00,present
2710,138,223,12,2025-10-15T08:17:00,absent
2711,146,223,12,2025-10-15T08:19:00,late
2712,170,223,12,2025-10-15T08:25:00,present
2713,175,223,12,2025-10-15T08:15:00,present
2714,176,223,12,2025-10-15T08:22:00,absent
2715,269,223,12,2025-10-15T08:10:00,late
2716,365,223,12,2025-10-15T08:19:00,present
2717,368,223,12,2025-10-15T08:08:00,present
2718,370,223,12,2025-10-15T08:29:00,present
2719,381,223,12,2025-10-15T08:09:00,present
2720,36,224,12,2025-10-22T08:07:00,present
2721,45,224,12,2025-10-22T08:28:00,present
2722,54,224,12,2025-10-22T08:07:00,late
2723,138,224,12,2025-10-22T08:11:00,present
2724,146,224,12,2025-10-22T08:06:00,late
2725,170,224,12,2025-10-22T08:16:00,present
2726,175,224,12,2025-10-22T08:08:00,present
2727,176,224,12,2025-10-22T08:13:00,present
2728,269,224,12,2025-10-22T08:06:00,present
2729,365,224,12,2025-10-22T08:28:00,present
2730,368,224,12,2025-10-22T08:25:00,present
2731,370,224,12,2025-10-22T08:09:00,present
2732,381,224,12,2025-10-22T08:21:00,present
2733,36,225,12,2025-10-29T12:17:00,present
2734,45,225,12,2025-10-29T12:06:00,present
2735,54,225,12,2025-10-29T12:18:00,late
2736,138,225,12,2025-10-29T12:03:00,absent
2737,146,225,12,2025-10-29T12:28:00,present
2738,170,225,12,2025-10-29T12:07:00,present
2739,175,225,12,2025-10-29T12:25:00,present
2740,176,225,12,2025-10-29T12:10:00,absent
2741,269,225,12,2025-10-29T12:20:00,present
2742,365,225,12,2025-10-29T12:11:00,present
2743,368,225,12,2025-10-29T12:15:00,present
2744,370,225,12,2025-10-29T12:29:00,present
2745,381,225,12,2025-10-29T12:17:00,present
2746,36,226,12,2025-11-05T08:08:00,late
2747,45,226,12,2025-11-05T08:08:00,present
2748,138,226,12,2025-11-05T08:17:00,present
2749,146,226,12,2025-11-05T08:00:00,present
2750,175,226,12,2025-11-05T08:08:00,present
2751,176,226,12,2025-11-05T08:14:00,absent
2752,269,226,12,2025-11-05T08:17:00,present
2753,365,226,12,2025-11-05T08:08:00,late
2754,368,226,12,2025-11-05T08:13:00,present
2755,370,226,12,2025-11-05T08:01:00,present
2756,381,226,12,2025-11-05T08:20:00,absent
2757,23,227,10,2025-10-01T10:19:00,present
2758,36,227,10,2025-10-01T10:10:00,late
2759,82,227,10,2025-10-01T10:11:00,present
2760,138,227,10,2025-10-01T10:01:00,late
2761,269,227,10,2025-10-01T10:04:00,present
2762,309,227,10,2025-10-01T10:29:00,present
2763,365,227,10,2025-10-01T10:13:00,late
2764,368,227,10,2025-10-01T10:28:00,absent
2765,23,228,10,2025-10-08T08:01:00,absent
2766,36,228,10,2025-10-08T08:19:00,late
2767,45,228,10,2025-10-08T08:09:00,late
2768,82,228,10,2025-10-08T08:07:00,present
2769,138,228,10,2025-10-08T08:19:00,present
2770,176,228,10,2025-10-08T08:08:00,present
2771,181,228,10,2025-10-08T08:11:00,present
2772,267,228,10,2025-10-08T08:04:00,present
2773,309,228,10,2025-10-08T08:24:00,present
2774,365,228,10,2025-10-08T08:25:00,present
2775,368,228,10,2025-10-08T08:12:00,present
2776,23,229,10,2025-10-15T10:19:00,present
2777,36,229,10,2025-10-15T10:18:00,present
2778,45,229,10,2025-10-15T10:08:00,present
2779,82,229,10,2025-10-15T10:03:00,late
2780,176,229,10,2025-10-15T10:07:00,present
2781,181,229,10,2025-10-15T10:19:00,present
2782,267,229,10,2025-10-15T10:05:00,present
2783,269,229,10,2025-10-15T10:08:00,present
2784,365,229,10,2025-10-15T10:09:00,present
2785,368,229,10,2025-10-15T10:27:00,present
2786,23,230,10,2025-10-22T08:12:00,present
2787,29,230,10,2025-10-22T08:07:00,present
2788,82,230,10,2025-10-22T08:14:00,present
2789,138,230,10,2025-10-22T08:28:00,absent
2790,176,230,10,2025-10-22T08:19:00,absent
2791,181,230,10,2025-10-22T08:00:00,present
2792,267,230,10,2025-10-22T08:08:00,present
2793,269,230,10,2025-10-22T08:21:00,present
2794,309,230,10,2025-10-22T08:25:00,present
2795,365,230,10,2025-10-22T08:10:00,absent
2796,368,230,10,2025-10-22T08:15:00,present
2797,23,231,10,2025-10-29T10:12:00,late
2798,29,231,10,2025-10-29T10:19:00,present
2799,36,231,10,2025-10-29T10:04:00,absent
2800,45,231,10,2025-10-29T10:19:00,present
2801,82,231,10,2025-10-29T10:21:00,late
2802,138,231,10,2025-10-29T10:25:00,present
2803,176,231,10,2025-10-29T10:06:00,present
2804,181,231,10,2025-10-29T10:12:00,present
2805,267,231,10,2025-10-29T10:22:00,present
2806,269,231,10,2025-10-29T10:07:00,absent
2807,309,231,10,2025-10-29T10:28:00,absent
2808,365,231,10,2025-10-29T10:00:00,late
2809,368,231,10,2025-10-29T10:18:00,present
2810,23,232,10,2025-11-05T14:22:00,late
2811,36,232,10,2025-11-05T14:00:00,present
2812,45,232,10,2025-11-05T14:11:00,present
2813,82,232,10,2025-11-05T14:00:00,present
2814,138,232,10,2025-11-05T14:23:00,present
2815,176,232,10,2025-11-05T14:13:00,present
2816,267,232,10,2025-11-05T14:07:00,present
2817,269,232,10,2025-11-05T14:29:00,present
2818,309,232,10,2025-11-05T14:15:00,late
2819,365,232,10,2025-11-05T14:07:00,present
2820,368,232,10,2025-11-05T14:20:00,present
2821,23,233,10,2025-11-12T14:16:00,present
2822,29,233,10,2025-11-12T14:27:00,present
2823,45,233,10,2025-11-12T14:01:00,present
2824,82,233,10,2025-11-12T14:02:00,present
2825,138,233,10,2025-11-12T14:05:00,present
2826,181,233,10,2025-11-12T14:01:00,present
2827,267,233,10,2025-11-12T14:16:00,present
2828,269,233,10,2025-11-12T14:14:00,late
2829,368,233,10,2025-11-12T14:27:00,present
2830,23,234,10,2025-10-01T10:07:00,present
2831,36,234,10,2025-10-01T10:05:00,late
2832,39,234,10,2025-10-01T10:07:00,present
2833,54,234,10,2025-10-01T10:19:00,present
2834,154,234,10,2025-10-01T10:25:00,late
2835,170,234,10,2025-10-01T10:27:00,present
2836,177,234,10,2025-10-01T10:05:00,present
2837,188,234,10,2025-10-01T10:15:00,present
2838,216,234,10,2025-10-01T10:28:00,present
2839,290,234,10,2025-10-01T10:00:00,present
2840,309,234,10,2025-10-01T10:06:00,present
2841,23,235,10,2025-10-08T14:02:00,present
2842,54,235,10,2025-10-08T14:05:00,present
2843,138,235,10,2025-10-08T14:24:00,present
2844,154,235,10,2025-10-08T14:24:00,present
2845,170,235,10,2025-10-08T14:05:00,present
2846,177,235,10,2025-10-08T14:29:00,present
2847,188,235,10,2025-10-08T14:25:00,present
2848,290,235,10,2025-10-08T14:24:00,absent
2849,309,235,10,2025-10-08T14:26:00,present
2850,36,236,10,2025-10-15T08:01:00,present
2851,39,236,10,2025-10-15T08:05:00,present
2852,138,236,10,2025-10-15T08:04:00,present
2853,154,236,10,2025-10-15T08:19:00,absent
2854,170,236,10,2025-10-15T08:18:00,present
2855,177,236,10,2025-10-15T08:14:00,absent
2856,188,236,10,2025-10-15T08:05:00,present
2857,216,236,10,2025-10-15T08:22:00,present
2858,290,236,10,2025-10-15T08:20:00,present
2859,309,236,10,2025-10-15T08:01:00,late
2860,36,237,10,2025-10-22T14:00:00,present
2861,39,237,10,2025-10-22T14:16:00,present
2862,54,237,10,2025-10-22T14:21:00,present
2863,138,237,10,2025-10-22T14:17:00,present
2864,154,237,10,2025-10-22T14:12:00,absent
2865,170,237,10,2025-10-22T14:14:00,present
2866,177,237,10,2025-10-22T14:30:00,present
2867,188,237,10,2025-10-22T14:25:00,late
2868,216,237,10,2025-10-22T14:22:00,present
2869,290,237,10,2025-10-22T14:12:00,absent
2870,309,237,10,2025-10-22T14:16:00,present
2871,23,238,10,2025-10-29T10:05:00,present
2872,36,238,10,2025-10-29T10:15:00,late
2873,154,238,10,2025-10-29T10:26:00,present
2874,170,238,10,2025-10-29T10:19:00,present
2875,177,238,10,2025-10-29T10:12:00,present
2876,188,238,10,2025-10-29T10:11:00,present
2877,290,238,10,2025-10-29T10:24:00,present
2878,23,239,10,2025-11-05T08:20:00,absent
2879,36,239,10,2025-11-05T08:14:00,present
2880,39,239,10,2025-11-05T08:25:00,present
2881,54,239,10,2025-11-05T08:04:00,absent
2882,138,239,10,2025-11-05T08:09:00,present
2883,154,239,10,2025-11-05T08:04:00,present
2884,177,239,10,2025-11-05T08:14:00,present
2885,188,239,10,2025-11-05T08:12:00,absent
2886,216,239,10,2025-11-05T08:14:00,present
2887,290,239,10,2025-11-05T08:06:00,late
2888,309,239,10,2025-11-05T08:13:00,late
2889,8,240,18,2025-10-01T12:07:00,present
2890,29,240,18,2025-10-01T12:28:00,present
2891,40,240,18,2025-10-01T12:03:00,late
2892,48,240,18,2025-10-01T12:01:00,present
2893,138,240,18,2025-10-01T12:29:00,late
2894,175,240,18,2025-10-01T12:20:00,absent
2895,181,240,18,2025-10-01T12:02:00,present
2896,200,240,18,2025-10-01T12:11:00,present
2897,267,240,18,2025-10-01T12:17:00,late
2898,269,240,18,2025-10-01T12:29:00,late
2899,290,240,18,2025-10-01T12:27:00,present
2900,365,240,18,2025-10-01T12:11:00,present
2901,368,240,18,2025-10-01T12:09:00,present
2902,8,241,18,2025-10-08T08:05:00,present
2903,48,241,18,2025-10-08T08:17:00,present
2904,138,241,18,2025-10-08T08:00:00,present
2905,175,241,18,2025-10-08T08:20:00,present
2906,181,241,18,2025-10-08T08:00:00,present
2907,200,241,18,2025-10-08T08:10:00,present
2908,267,241,18,2025-10-08T08:14:00,present
2909,269,241,18,2025-10-08T08:10:00,present
2910,290,241,18,2025-10-08T08:01:00,present
2911,365,241,18,2025-10-08T08:18:00,present
2912,8,242,18,2025-10-15T12:15:00,present
2913,29,242,18,2025-10-15T12:16:00,present
2914,48,242,18,2025-10-15T12:23:00,present
2915,138,242,18,2025-10-15T12:16:00,absent
2916,181,242,18,2025-10-15T12:29:00,present
2917,200,242,18,2025-10-15T12:10:00,absent
2918,267,242,18,2025-10-15T12:14:00,present
2919,269,242,18,2025-10-15T12:20:00,present
2920,290,242,18,2025-10-15T12:04:00,late
2921,365,242,18,2025-10-15T12:06:00,present
2922,8,243,18,2025-10-22T08:12:00,present
2923,29,243,18,2025-10-22T08:01:00,present
2924,40,243,18,2025-10-22T08:30:00,present
2925,138,243,18,2025-10-22T08:06:00,present
2926,175,243,18,2025-10-22T08:26:00,present
2927,181,243,18,2025-10-22T08:13:00,present
2928,200,243,18,2025-10-22T08:08:00,present
2929,267,243,18,2025-10-22T08:06:00,absent
2930,365,243,18,2025-10-22T08:08:00,present
2931,368,243,18,2025-10-22T08:25:00,present
2932,29,244,18,2025-10-29T12:05:00,late
2933,40,244,18,2025-10-29T12:15:00,present
2934,138,244,18,2025-10-29T12:25:00,present
2935,175,244,18,2025-10-29T12:19:00,present
2936,181,244,18,2025-10-29T12:11:00,present
2937,200,244,18,2025-10-29T12:30:00,present
2938,267,244,18,2025-10-29T12:18:00,late
2939,269,244,18,2025-10-29T12:28:00,absent
2940,290,244,18,2025-10-29T12:23:00,present
2941,365,244,18,2025-10-29T12:21:00,present
2942,368,244,18,2025-10-29T12:04:00,present
2943,8,245,18,2025-11-05T08:26:00,present
2944,29,245,18,2025-11-05T08:16:00,late
2945,40,245,18,2025-11-05T08:25:00,present
2946,48,245,18,2025-11-05T08:28:00,present
2947,138,245,18,2025-11-05T08:26:00,late
2948,181,245,18,2025-11-05T08:10:00,present
2949,200,245,18,2025-11-05T08:09:00,present
2950,267,245,18,2025-11-05T08:23:00,present
2951,269,245,18,2025-11-05T08:01:00,late
2952,290,245,18,2025-11-05T08:09:00,present
2953,365,245,18,2025-11-05T08:08:00,late
2954,105,246,12,2025-10-01T10:25:00,present
2955,111,246,12,2025-10-01T10:30:00,late
2956,118,246,12,2025-10-01T10:28:00,late
2957,134,246,12,2025-10-01T10:03:00,present
2958,147,246,12,2025-10-01T10:16:00,present
2959,151,246,12,2025-10-01T10:23:00,present
2960,162,246,12,2025-10-01T10:18:00,present
2961,164,246,12,2025-10-01T10:02:00,present
2962,174,246,12,2025-10-01T10:19:00,present
2963,208,246,12,2025-10-01T10:29:00,present
2964,247,246,12,2025-10-01T10:24:00,present
2965,277,246,12,2025-10-01T10:28:00,present
2966,302,246,12,2025-10-01T10:13:00,present
2967,304,246,12,2025-10-01T10:15:00,present
2968,327,246,12,2025-10-01T10:10:00,late
2969,364,246,12,2025-10-01T10:03:00,present
2970,372,246,12,2025-10-01T10:15:00,present
2971,382,246,12,2025-10-01T10:15:00,absent
2972,101,247,12,2025-10-08T10:12:00,present
2973,105,247,12,2025-10-08T10:12:00,absent
2974,111,247,12,2025-10-08T10:07:00,present
2975,118,247,12,2025-10-08T10:19:00,present
2976,134,247,12,2025-10-08T10:10:00,present
2977,147,247,12,2025-10-08T10:10:00,present
2978,151,247,12,2025-10-08T10:27:00,present
2979,174,247,12,2025-10-08T10:00:00,present
2980,208,247,12,2025-10-08T10:13:00,present
2981,247,247,12,2025-10-08T10:02:00,present
2982,277,247,12,2025-10-08T10:25:00,present
2983,287,247,12,2025-10-08T10:20:00,present
2984,302,247,12,2025-10-08T10:01:00,present
2985,327,247,12,2025-10-08T10:04:00,present
2986,364,247,12,2025-10-08T10:26:00,absent
2987,372,247,12,2025-10-08T10:21:00,present
2988,382,247,12,2025-10-08T10:22:00,absent
2989,101,248,12,2025-10-15T14:18:00,late
2990,111,248,12,2025-10-15T14:09:00,present
2991,118,248,12,2025-10-15T14:01:00,present
2992,134,248,12,2025-10-15T14:02:00,present
2993,147,248,12,2025-10-15T14:19:00,present
2994,162,248,12,2025-10-15T14:25:00,present
2995,164,248,12,2025-10-15T14:12:00,present
2996,174,248,12,2025-10-15T14:15:00,present
2997,247,248,12,2025-10-15T14:19:00,present
2998,277,248,12,2025-10-15T14:02:00,present
2999,287,248,12,2025-10-15T14:09:00,present
3000,304,248,12,2025-10-15T14:27:00,late
3001,327,248,12,2025-10-15T14:20:00,present
3002,364,248,12,2025-10-15T14:16:00,present
3003,382,248,12,2025-10-15T14:22:00,present
3004,101,249,12,2025-10-22T12:12:00,present
3005,105,249,12,2025-10-22T12:21:00,present
3006,111,249,12,2025-10-22T12:15:00,present
3007,118,249,12,2025-10-22T12:11:00,present
3008,134,249,12,2025-10-22T12:09:00,present
3009,147,249,12,2025-10-22T12:22:00,absent
3010,151,249,12,2025-10-22T12:13:00,absent
3011,162,249,12,2025-10-22T12:07:00,present
3012,164,249,12,2025-10-22T12:27:00,present
3013,174,249,12,2025-10-22T12:10:00,present
3014,208,249,12,2025-10-22T12:14:00,present
3015,277,249,12,2025-10-22T12:02:00,present
3016,302,249,12,2025-10-22T12:04:00,present
3017,327,249,12,2025-10-22T12:04:00,absent
3018,364,249,12,2025-10-22T12:09:00,present
3019,372,249,12,2025-10-22T12:22:00,present
3020,382,249,12,2025-10-22T12:07:00,present
3021,101,250,12,2025-10-29T10:13:00,present
3022,105,250,12,2025-10-29T10:29:00,present
3023,111,250,12,2025-10-29T10:30:00,absent
3024,118,250,12,2025-10-29T10:23:00,present
3025,134,250,12,2025-10-29T10:29:00,present
3026,147,250,12,2025-10-29T10:28:00,present
3027,151,250,12,2025-10-29T10:01:00,present
3028,162,250,12,2025-10-29T10:12:00,present
3029,164,250,12,2025-10-29T10:02:00,present
3030,208,250,12,2025-10-29T10:25:00,present
3031,247,250,12,2025-10-29T10:05:00,late
3032,277,250,12,2025-10-29T10:14:00,present
3033,287,250,12,2025-10-29T10:12:00,present
3034,302,250,12,2025-10-29T10:27:00,present
3035,304,250,12,2025-10-29T10:04:00,late
3036,327,250,12,2025-10-29T10:23:00,present
3037,364,250,12,2025-10-29T10:13:00,present
3038,372,250,12,2025-10-29T10:30:00,present
3039,382,250,12,2025-10-29T10:18:00,present
3040,101,251,12,2025-11-05T14:05:00,present
3041,111,251,12,2025-11-05T14:30:00,late
3042,118,251,12,2025-11-05T14:02:00,present
3043,134,251,12,2025-11-05T14:10:00,present
3044,151,251,12,2025-11-05T14:07:00,present
3045,162,251,12,2025-11-05T14:15:00,late
3046,164,251,12,2025-11-05T14:29:00,present
3047,174,251,12,2025-11-05T14:05:00,present
3048,208,251,12,2025-11-05T14:24:00,present
3049,277,251,12,2025-11-05T14:10:00,present
3050,287,251,12,2025-11-05T14:11:00,present
3051,302,251,12,2025-11-05T14:03:00,present
3052,304,251,12,2025-11-05T14:26:00,present
3053,327,251,12,2025-11-05T14:06:00,present
3054,364,251,12,2025-11-05T14:10:00,present
3055,372,251,12,2025-11-05T14:27:00,present
3056,382,251,12,2025-11-05T14:16:00,present
3057,101,252,12,2025-11-12T10:12:00,late
3058,105,252,12,2025-11-12T10:18:00,absent
3059,111,252,12,2025-11-12T10:19:00,absent
3060,118,252,12,2025-11-12T10:24:00,late
3061,134,252,12,2025-11-12T10:25:00,present
3062,151,252,12,2025-11-12T10:18:00,present
3063,162,252,12,2025-11-12T10:17:00,present
3064,164,252,12,2025-11-12T10:14:00,present
3065,208,252,12,2025-11-12T10:13:00,present
3066,247,252,12,2025-11-12T10:30:00,present
3067,277,252,12,2025-11-12T10:15:00,late
3068,287,252,12,2025-11-12T10:13:00,present
3069,302,252,12,2025-11-12T10:29:00,present
3070,304,252,12,2025-11-12T10:18:00,absent
3071,327,252,12,2025-11-12T10:10:00,present
3072,364,252,12,2025-11-12T10:07:00,present
3073,372,252,12,2025-11-12T10:09:00,absent
3074,382,252,12,2025-11-12T10:27:00,present
3075,105,253,12,2025-11-19T12:28:00,present
3076,111,253,12,2025-11-19T12:12:00,present
3077,118,253,12,2025-11-19T12:16:00,present
3078,134,253,12,2025-11-19T12:07:00,late
3079,147,253,12,2025-11-19T12:14:00,present
3080,151,253,12,2025-11-19T12:00:00,present
3081,162,253,12,2025-11-19T12:30:00,present
3082,174,253,12,2025-11-19T12:17:00,present
3083,208,253,12,2025-11-19T12:17:00,absent
3084,247,253,12,2025-11-19T12:00:00,present
3085,277,253,12,2025-11-19T12:30:00,present
3086,287,253,12,2025-11-19T12:24:00,present
3087,302,253,12,2025-11-19T12:09:00,present
3088,304,253,12,2025-11-19T12:21:00,absent
3089,364,253,12,2025-11-19T12:06:00,present
3090,372,253,12,2025-11-19T12:17:00,present
3091,382,253,12,2025-11-19T12:03:00,present
3092,30,254,13,2025-10-01T12:29:00,late
3093,74,254,13,2025-10-01T12:17:00,present
3094,98,254,13,2025-10-01T12:05:00,late
3095,141,254,13,2025-10-01T12:06:00,present
3096,164,254,13,2025-10-01T12:10:00,late
3097,208,254,13,2025-10-01T12:30:00,present
3098,222,254,13,2025-10-01T12:03:00,present
3099,247,254,13,2025-10-01T12:08:00,present
3100,261,254,13,2025-10-01T12:09:00,present
3101,276,254,13,2025-10-01T12:13:00,absent
3102,287,254,13,2025-10-01T12:13:00,late
3103,351,254,13,2025-10-01T12:05:00,present
3104,382,254,13,2025-10-01T12:24:00,present
3105,30,255,13,2025-10-08T08:09:00,present
3106,74,255,13,2025-10-08T08:22:00,late
3107,98,255,13,2025-10-08T08:02:00,present
3108,151,255,13,2025-10-08T08:03:00,present
3109,164,255,13,2025-10-08T08:00:00,present
3110,208,255,13,2025-10-08T08:02:00,present
3111,222,255,13,2025-10-08T08:25:00,present
3112,232,255,13,2025-10-08T08:08:00,present
3113,247,255,13,2025-10-08T08:03:00,present
3114,261,255,13,2025-10-08T08:10:00,absent
3115,287,255,13,2025-10-08T08:24:00,present
3116,351,255,13,2025-10-08T08:16:00,present
3117,30,256,13,2025-10-15T12:08:00,present
3118,74,256,13,2025-10-15T12:11:00,late
3119,98,256,13,2025-10-15T12:11:00,present
3120,141,256,13,2025-10-15T12:25:00,present
3121,151,256,13,2025-10-15T12:30:00,present
3122,164,256,13,2025-10-15T12:00:00,present
3123,208,256,13,2025-10-15T12:19:00,present
3124,222,256,13,2025-10-15T12:25:00,late
3125,232,256,13,2025-10-15T12:02:00,late
3126,247,256,13,2025-10-15T12:10:00,present
3127,261,256,13,2025-10-15T12:26:00,present
3128,276,256,13,2025-10-15T12:06:00,absent
3129,287,256,13,2025-10-15T12:29:00,present
3130,351,256,13,2025-10-15T12:11:00,late
3131,30,257,13,2025-10-22T14:25:00,present
3132,74,257,13,2025-10-22T14:03:00,absent
3133,98,257,13,2025-10-22T14:24:00,late
3134,141,257,13,2025-10-22T14:06:00,absent
3135,151,257,13,2025-10-22T14:19:00,present
3136,164,257,13,2025-10-22T14:24:00,present
3137,208,257,13,2025-10-22T14:22:00,absent
3138,232,257,13,2025-10-22T14:07:00,present
3139,247,257,13,2025-10-22T14:29:00,present
3140,261,257,13,2025-10-22T14:15:00,present
3141,276,257,13,2025-10-22T14:14:00,late
3142,287,257,13,2025-10-22T14:20:00,absent
3143,351,257,13,2025-10-22T14:28:00,present
3144,30,258,13,2025-10-29T12:00:00,late
3145,74,258,13,2025-10-29T12:00:00,present
3146,98,258,13,2025-10-29T12:29:00,present
3147,141,258,13,2025-10-29T12:10:00,present
3148,151,258,13,2025-10-29T12:26:00,present
3149,208,258,13,2025-10-29T12:14:00,present
3150,232,258,13,2025-10-29T12:19:00,absent
3151,247,258,13,2025-10-29T12:24:00,present
3152,287,258,13,2025-10-29T12:17:00,present
3153,351,258,13,2025-10-29T12:10:00,absent
3154,30,259,13,2025-11-05T12:25:00,present
3155,74,259,13,2025-11-05T12:10:00,late
3156,98,259,13,2025-11-05T12:17:00,present
3157,141,259,13,2025-11-05T12:09:00,late
3158,208,259,13,2025-11-05T12:21:00,present
3159,222,259,13,2025-11-05T12:04:00,absent
3160,232,259,13,2025-11-05T12:26:00,present
3161,247,259,13,2025-11-05T12:04:00,present
3162,261,259,13,2025-11-05T12:27:00,late
3163,276,259,13,2025-11-05T12:02:00,present
3164,287,259,13,2025-11-05T12:11:00,present
3165,382,259,13,2025-11-05T12:09:00,present
3166,98,260,6,2025-10-01T08:00:00,present
3167,101,260,6,2025-10-01T08:10:00,present
3168,105,260,6,2025-10-01T08:02:00,present
3169,141,260,6,2025-10-01T08:29:00,present
3170,222,260,6,2025-10-01T08:19:00,present
3171,232,260,6,2025-10-01T08:11:00,present
3172,276,260,6,2025-10-01T08:24:00,present
3173,287,260,6,2025-10-01T08:28:00,present
3174,304,260,6,2025-10-01T08:18:00,present
3175,351,260,6,2025-10-01T08:07:00,present
3176,98,261,6,2025-10-08T10:24:00,late
3177,101,261,6,2025-10-08T10:17:00,present
3178,105,261,6,2025-10-08T10:02:00,present
3179,141,261,6,2025-10-08T10:17:00,present
3180,222,261,6,2025-10-08T10:27:00,present
3181,232,261,6,2025-10-08T10:09:00,present
3182,261,261,6,2025-10-08T10:21:00,present
3183,276,261,6,2025-10-08T10:28:00,present
3184,287,261,6,2025-10-08T10:29:00,present
3185,304,261,6,2025-10-08T10:13:00,present
3186,372,261,6,2025-10-08T10:23:00,present
3187,105,262,6,2025-10-15T10:18:00,present
3188,222,262,6,2025-10-15T10:01:00,present
3189,232,262,6,2025-10-15T10:11:00,absent
3190,261,262,6,2025-10-15T10:03:00,present
3191,276,262,6,2025-10-15T10:18:00,present
3192,287,262,6,2025-10-15T10:28:00,absent
3193,302,262,6,2025-10-15T10:02:00,present
3194,304,262,6,2025-10-15T10:05:00,present
3195,351,262,6,2025-10-15T10:18:00,late
3196,372,262,6,2025-10-15T10:03:00,late
3197,98,263,6,2025-10-22T12:00:00,present
3198,101,263,6,2025-10-22T12:23:00,present
3199,105,263,6,2025-10-22T12:05:00,present
3200,141,263,6,2025-10-22T12:26:00,absent
3201,222,263,6,2025-10-22T12:16:00,present
3202,232,263,6,2025-10-22T12:13:00,present
3203,276,263,6,2025-10-22T12:08:00,late
3204,287,263,6,2025-10-22T12:23:00,present
3205,302,263,6,2025-10-22T12:06:00,present
3206,304,263,6,2025-10-22T12:07:00,present
3207,372,263,6,2025-10-22T12:21:00,present
3208,30,264,10,2025-10-01T14:26:00,late
3209,98,264,10,2025-10-01T14:11:00,present
3210,111,264,10,2025-10-01T14:13:00,late
3211,134,264,10,2025-10-01T14:09:00,present
3212,143,264,10,2025-10-01T14:19:00,present
3213,151,264,10,2025-10-01T14:03:00,absent
3214,158,264,10,2025-10-01T14:08:00,present
3215,172,264,10,2025-10-01T14:15:00,present
3216,261,264,10,2025-10-01T14:23:00,present
3217,270,264,10,2025-10-01T14:04:00,late
3218,276,264,10,2025-10-01T14:26:00,present
3219,277,264,10,2025-10-01T14:03:00,present
3220,279,264,10,2025-10-01T14:07:00,present
3221,304,264,10,2025-10-01T14:23:00,present
3222,372,264,10,2025-10-01T14:30:00,late
3223,382,264,10,2025-10-01T14:30:00,present
3224,98,265,10,2025-10-08T08:03:00,present
3225,105,265,10,2025-10-08T08:00:00,present
3226,111,265,10,2025-10-08T08:10:00,present
3227,134,265,10,2025-10-08T08:04:00,absent
3228,151,265,10,2025-10-08T08:03:00,present
3229,158,265,10,2025-10-08T08:10:00,absent
3230,172,265,10,2025-10-08T08:12:00,present
3231,222,265,10,2025-10-08T08:21:00,present
3232,232,265,10,2025-10-08T08:21:00,late
3233,261,265,10,2025-10-08T08:20:00,present
3234,276,265,10,2025-10-08T08:06:00,present
3235,277,265,10,2025-10-08T08:27:00,absent
3236,279,265,10,2025-10-08T08:07:00,present
3237,287,265,10,2025-10-08T08:30:00,present
3238,302,265,10,2025-10-08T08:01:00,present
3239,304,265,10,2025-10-08T08:13:00,present
3240,337,265,10,2025-10-08T08:01:00,present
3241,351,265,10,2025-10-08T08:26:00,present
3242,382,265,10,2025-10-08T08:09:00,present
3243,392,265,10,2025-10-08T08:03:00,late
3244,30,266,10,2025-10-15T08:04:00,present
3245,98,266,10,2025-10-15T08:05:00,present
3246,105,266,10,2025-10-15T08:00:00,present
3247,111,266,10,2025-10-15T08:24:00,present
3248,134,266,10,2025-10-15T08:18:00,present
3249,143,266,10,2025-10-15T08:09:00,late
3250,151,266,10,2025-10-15T08:14:00,present
3251,158,266,10,2025-10-15T08:27:00,late
3252,172,266,10,2025-10-15T08:15:00,late
3253,222,266,10,2025-10-15T08:08:00,present
3254,232,266,10,2025-10-15T08:07:00,present
3255,261,266,10,2025-10-15T08:04:00,present
3256,276,266,10,2025-10-15T08:15:00,present
3257,277,266,10,2025-10-15T08:30:00,late
3258,279,266,10,2025-10-15T08:20:00,late
3259,287,266,10,2025-10-15T08:03:00,present
3260,302,266,10,2025-10-15T08:11:00,present
3261,304,266,10,2025-10-15T08:22:00,absent
3262,351,266,10,2025-10-15T08:16:00,absent
3263,372,266,10,2025-10-15T08:23:00,present
3264,382,266,10,2025-10-15T08:02:00,present
3265,392,266,10,2025-10-15T08:28:00,present
3266,98,267,10,2025-10-22T14:08:00,absent
3267,105,267,10,2025-10-22T14:24:00,present
3268,111,267,10,2025-10-22T14:29:00,present
3269,134,267,10,2025-10-22T14:19:00,present
3270,143,267,10,2025-10-22T14:29:00,present
3271,151,267,10,2025-10-22T14:05:00,present
3272,158,267,10,2025-10-22T14:16:00,absent
3273,222,267,10,2025-10-22T14:10:00,present
3274,232,267,10,2025-10-22T14:24:00,present
3275,261,267,10,2025-10-22T14:18:00,present
3276,270,267,10,2025-10-22T14:15:00,present
3277,276,267,10,2025-10-22T14:03:00,present
3278,277,267,10,2025-10-22T14:23:00,present
3279,279,267,10,2025-10-22T14:08:00,present
3280,287,267,10,2025-10-22T14:08:00,present
3281,302,267,10,2025-10-22T14:20:00,present
3282,304,267,10,2025-10-22T14:26:00,present
3283,337,267,10,2025-10-22T14:18:00,absent
3284,351,267,10,2025-10-22T14:03:00,absent
3285,372,267,10,2025-10-22T14:19:00,present
3286,382,267,10,2025-10-22T14:07:00,present
3287,392,267,10,2025-10-22T14:27:00,absent
3288,30,268,10,2025-10-29T12:15:00,present
3289,98,268,10,2025-10-29T12:17:00,late
3290,105,268,10,2025-10-29T12:07:00,absent
3291,111,268,10,2025-10-29T12:17:00,present
3292,151,268,10,2025-10-29T12:04:00,present
3293,158,268,10,2025-10-29T12:27:00,absent
3294,222,268,10,2025-10-29T12:17:00,present
3295,232,268,10,2025-10-29T12:02:00,present
3296,270,268,10,2025-10-29T12:17:00,present
3297,276,268,10,2025-10-29T12:04:00,present
3298,277,268,10,2025-10-29T12:06:00,present
3299,279,268,10,2025-10-29T12:03:00,present
3300,304,268,10,2025-10-29T12:03:00,absent
3301,337,268,10,2025-10-29T12:20:00,present
3302,351,268,10,2025-10-29T12:14:00,present
3303,372,268,10,2025-10-29T12:02:00,present
3304,382,268,10,2025-10-29T12:07:00,present
3305,392,268,10,2025-10-29T12:02:00,present
3306,30,269,10,2025-11-05T10:25:00,absent
3307,98,269,10,2025-11-05T10:23:00,late
3308,105,269,10,2025-11-05T10:24:00,present
3309,111,269,10,2025-11-05T10:15:00,present
3310,134,269,10,2025-11-05T10:17:00,present
3311,143,269,10,2025-11-05T10:24:00,present
3312,151,269,10,2025-11-05T10:00:00,present
3313,158,269,10,2025-11-05T10:15:00,present
3314,172,269,10,2025-11-05T10:06:00,absent
3315,222,269,10,2025-11-05T10:28:00,present
3316,232,269,10,2025-11-05T10:02:00,present
3317,261,269,10,2025-11-05T10:07:00,late
3318,270,269,10,2025-11-05T10:08:00,present
3319,277,269,10,2025-11-05T10:29:00,present
3320,279,269,10,2025-11-05T10:14:00,present
3321,287,269,10,2025-11-05T10:05:00,present
3322,337,269,10,2025-11-05T10:00:00,late
3323,351,269,10,2025-11-05T10:06:00,present
3324,372,269,10,2025-11-05T10:05:00,late
3325,382,269,10,2025-11-05T10:01:00,present
3326,392,269,10,2025-11-05T10:06:00,present
3327,30,270,10,2025-11-12T08:06:00,late
3328,105,270,10,2025-11-12T08:21:00,present
3329,111,270,10,2025-11-12T08:19:00,present
3330,151,270,10,2025-11-12T08:06:00,present
3331,158,270,10,2025-11-12T08:24:00,present
3332,172,270,10,2025-11-12T08:09:00,present
3333,222,270,10,2025-11-12T08:13:00,present
3334,232,270,10,2025-11-12T08:02:00,present
3335,261,270,10,2025-11-12T08:05:00,present
3336,270,270,10,2025-11-12T08:00:00,absent
3337,276,270,10,2025-11-12T08:01:00,present
3338,277,270,10,2025-11-12T08:21:00,late
3339,279,270,10,2025-11-12T08:13:00,present
3340,302,270,10,2025-11-12T08:06:00,present
3341,337,270,10,2025-11-12T08:13:00,late
3342,351,270,10,2025-11-12T08:26:00,present
3343,372,270,10,2025-11-12T08:22:00,present
3344,382,270,10,2025-11-12T08:17:00,present
3345,392,270,10,2025-11-12T08:16:00,present
3346,8,271,12,2025-10-01T10:29:00,present
3347,13,271,12,2025-10-01T10:30:00,present
3348,38,271,12,2025-10-01T10:10:00,late
3349,46,271,12,2025-10-01T10:05:00,present
3350,79,271,12,2025-10-01T10:19:00,absent
3351,148,271,12,2025-10-01T10:18:00,absent
3352,160,271,12,2025-10-01T10:14:00,present
3353,195,271,12,2025-10-01T10:19:00,present
3354,230,271,12,2025-10-01T10:14:00,late
3355,275,271,12,2025-10-01T10:08:00,absent
3356,345,271,12,2025-10-01T10:29:00,present
3357,360,271,12,2025-10-01T10:24:00,present
3358,367,271,12,2025-10-01T10:06:00,present
3359,385,271,12,2025-10-01T10:12:00,present
3360,8,272,12,2025-10-08T14:14:00,present
3361,13,272,12,2025-10-08T14:27:00,present
3362,38,272,12,2025-10-08T14:25:00,present
3363,46,272,12,2025-10-08T14:28:00,present
3364,148,272,12,2025-10-08T14:17:00,present
3365,160,272,12,2025-10-08T14:03:00,present
3366,195,272,12,2025-10-08T14:12:00,present
3367,230,272,12,2025-10-08T14:18:00,present
3368,275,272,12,2025-10-08T14:26:00,present
3369,360,272,12,2025-10-08T14:17:00,present
3370,367,272,12,2025-10-08T14:25:00,present
3371,8,273,12,2025-10-15T12:16:00,absent
3372,13,273,12,2025-10-15T12:17:00,present
3373,38,273,12,2025-10-15T12:07:00,present
3374,46,273,12,2025-10-15T12:02:00,present
3375,79,273,12,2025-10-15T12:17:00,absent
3376,160,273,12,2025-10-15T12:17:00,present
3377,230,273,12,2025-10-15T12:13:00,present
3378,275,273,12,2025-10-15T12:26:00,present
3379,345,273,12,2025-10-15T12:25:00,present
3380,360,273,12,2025-10-15T12:22:00,present
3381,367,273,12,2025-10-15T12:16:00,present
3382,8,274,12,2025-10-22T12:13:00,present
3383,13,274,12,2025-10-22T12:17:00,present
3384,46,274,12,2025-10-22T12:14:00,present
3385,79,274,12,2025-10-22T12:08:00,present
3386,148,274,12,2025-10-22T12:10:00,late
3387,195,274,12,2025-10-22T12:24:00,present
3388,275,274,12,2025-10-22T12:00:00,late
3389,345,274,12,2025-10-22T12:23:00,present
3390,367,274,12,2025-10-22T12:24:00,present
3391,385,274,12,2025-10-22T12:20:00,present
3392,8,275,12,2025-10-29T14:02:00,absent
3393,13,275,12,2025-10-29T14:15:00,present
3394,38,275,12,2025-10-29T14:03:00,present
3395,46,275,12,2025-10-29T14:28:00,present
3396,79,275,12,2025-10-29T14:11:00,present
3397,160,275,12,2025-10-29T14:30:00,present
3398,195,275,12,2025-10-29T14:23:00,present
3399,275,275,12,2025-10-29T14:12:00,present
3400,345,275,12,2025-10-29T14:25:00,present
3401,360,275,12,2025-10-29T14:20:00,present
3402,367,275,12,2025-10-29T14:09:00,present
3403,385,275,12,2025-10-29T14:02:00,present
3404,38,276,1,2025-10-01T12:04:00,present
3405,66,276,1,2025-10-01T12:18:00,present
3406,79,276,1,2025-10-01T12:09:00,present
3407,148,276,1,2025-10-01T12:29:00,absent
3408,160,276,1,2025-10-01T12:04:00,absent
3409,186,276,1,2025-10-01T12:24:00,late
3410,195,276,1,2025-10-01T12:19:00,present
3411,219,276,1,2025-10-01T12:10:00,present
3412,230,276,1,2025-10-01T12:01:00,present
3413,275,276,1,2025-10-01T12:14:00,present
3414,345,276,1,2025-10-01T12:00:00,present
3415,360,276,1,2025-10-01T12:28:00,late
3416,367,276,1,2025-10-01T12:11:00,late
3417,38,277,1,2025-10-08T10:02:00,late
3418,66,277,1,2025-10-08T10:16:00,present
3419,79,277,1,2025-10-08T10:04:00,present
3420,148,277,1,2025-10-08T10:18:00,present
3421,186,277,1,2025-10-08T10:25:00,present
3422,195,277,1,2025-10-08T10:07:00,present
3423,219,277,1,2025-10-08T10:11:00,present
3424,230,277,1,2025-10-08T10:11:00,present
3425,275,277,1,2025-10-08T10:05:00,present
3426,344,277,1,2025-10-08T10:12:00,present
3427,345,277,1,2025-10-08T10:17:00,late
3428,360,277,1,2025-10-08T10:20:00,present
3429,367,277,1,2025-10-08T10:13:00,late
3430,38,278,1,2025-10-15T10:13:00,present
3431,66,278,1,2025-10-15T10:19:00,present
3432,79,278,1,2025-10-15T10:19:00,present
3433,148,278,1,2025-10-15T10:00:00,present
3434,160,278,1,2025-10-15T10:24:00,absent
3435,186,278,1,2025-10-15T10:30:00,present
3436,195,278,1,2025-10-15T10:16:00,present
3437,219,278,1,2025-10-15T10:02:00,present
3438,275,278,1,2025-10-15T10:29:00,absent
3439,345,278,1,2025-10-15T10:26:00,present
3440,360,278,1,2025-10-15T10:28:00,late
3441,367,278,1,2025-10-15T10:16:00,present
3442,38,279,1,2025-10-22T14:08:00,present
3443,66,279,1,2025-10-22T14:08:00,present
3444,79,279,1,2025-10-22T14:20:00,present
3445,148,279,1,2025-10-22T14:30:00,present
3446,160,279,1,2025-10-22T14:28:00,late
3447,186,279,1,2025-10-22T14:16:00,present
3448,195,279,1,2025-10-22T14:22:00,present
3449,219,279,1,2025-10-22T14:16:00,present
3450,230,279,1,2025-10-22T14:12:00,present
3451,275,279,1,2025-10-22T14:04:00,present
3452,344,279,1,2025-10-22T14:04:00,present
3453,345,279,1,2025-10-22T14:19:00,present
3454,360,279,1,2025-10-22T14:23:00,present
3455,367,279,1,2025-10-22T14:18:00,present
3456,38,280,1,2025-10-29T14:21:00,present
3457,66,280,1,2025-10-29T14:13:00,present
3458,79,280,1,2025-10-29T14:00:00,present
3459,148,280,1,2025-10-29T14:13:00,present
3460,160,280,1,2025-10-29T14:04:00,absent
3461,186,280,1,2025-10-29T14:23:00,late
3462,195,280,1,2025-10-29T14:13:00,present
3463,219,280,1,2025-10-29T14:09:00,present
3464,230,280,1,2025-10-29T14:08:00,late
3465,344,280,1,2025-10-29T14:26:00,late
3466,345,280,1,2025-10-29T14:30:00,late
3467,360,280,1,2025-10-29T14:12:00,present
3468,367,280,1,2025-10-29T14:30:00,present
3469,38,281,1,2025-11-05T14:24:00,late
3470,66,281,1,2025-11-05T14:27:00,present
3471,148,281,1,2025-11-05T14:07:00,present
3472,160,281,1,2025-11-05T14:11:00,present
3473,186,281,1,2025-11-05T14:21:00,present
3474,195,281,1,2025-11-05T14:06:00,present
3475,219,281,1,2025-11-05T14:29:00,present
3476,230,281,1,2025-11-05T14:21:00,present
3477,344,281,1,2025-11-05T14:13:00,present
3478,345,281,1,2025-11-05T14:27:00,present
3479,360,281,1,2025-11-05T14:18:00,present
3480,367,281,1,2025-11-05T14:16:00,present
3481,38,282,1,2025-11-12T14:29:00,present
3482,79,282,1,2025-11-12T14:03:00,late
3483,148,282,1,2025-11-12T14:17:00,present
3484,160,282,1,2025-11-12T14:16:00,present
3485,186,282,1,2025-11-12T14:08:00,present
3486,195,282,1,2025-11-12T14:04:00,late
3487,219,282,1,2025-11-12T14:26:00,present
3488,230,282,1,2025-11-12T14:21:00,present
3489,275,282,1,2025-11-12T14:01:00,present
3490,344,282,1,2025-11-12T14:20:00,present
3491,360,282,1,2025-11-12T14:07:00,late
3492,367,282,1,2025-11-12T14:06:00,late
3493,13,283,5,2025-10-01T14:24:00,present
3494,38,283,5,2025-10-01T14:06:00,present
3495,46,283,5,2025-10-01T14:08:00,present
3496,79,283,5,2025-10-01T14:28:00,present
3497,104,283,5,2025-10-01T14:12:00,present
3498,160,283,5,2025-10-01T14:25:00,present
3499,256,283,5,2025-10-01T14:16:00,present
3500,272,283,5,2025-10-01T14:28:00,present
3501,275,283,5,2025-10-01T14:17:00,absent
3502,344,283,5,2025-10-01T14:07:00,present
3503,345,283,5,2025-10-01T14:20:00,late
3504,367,283,5,2025-10-01T14:15:00,present
3505,385,283,5,2025-10-01T14:12:00,present
3506,13,284,5,2025-10-08T08:07:00,present
3507,46,284,5,2025-10-08T08:01:00,present
3508,79,284,5,2025-10-08T08:30:00,present
3509,160,284,5,2025-10-08T08:24:00,present
3510,195,284,5,2025-10-08T08:24:00,absent
3511,219,284,5,2025-10-08T08:12:00,present
3512,256,284,5,2025-10-08T08:27:00,present
3513,272,284,5,2025-10-08T08:17:00,absent
3514,275,284,5,2025-10-08T08:16:00,present
3515,314,284,5,2025-10-08T08:00:00,present
3516,344,284,5,2025-10-08T08:06:00,present
3517,345,284,5,2025-10-08T08:25:00,late
3518,13,285,5,2025-10-15T14:03:00,absent
3519,38,285,5,2025-10-15T14:26:00,absent
3520,46,285,5,2025-10-15T14:29:00,present
3521,104,285,5,2025-10-15T14:10:00,late
3522,160,285,5,2025-10-15T14:22:00,present
3523,195,285,5,2025-10-15T14:23:00,present
3524,219,285,5,2025-10-15T14:19:00,present
3525,256,285,5,2025-10-15T14:13:00,present
3526,272,285,5,2025-10-15T14:28:00,absent
3527,275,285,5,2025-10-15T14:06:00,absent
3528,314,285,5,2025-10-15T14:19:00,present
3529,344,285,5,2025-10-15T14:04:00,present
3530,345,285,5,2025-10-15T14:02:00,present
3531,367,285,5,2025-10-15T14:02:00,late
3532,385,285,5,2025-10-15T14:27:00,present
3533,13,286,5,2025-10-22T10:24:00,present
3534,38,286,5,2025-10-22T10:03:00,present
3535,46,286,5,2025-10-22T10:07:00,present
3536,79,286,5,2025-10-22T10:16:00,present
3537,104,286,5,2025-10-22T10:26:00,absent
3538,219,286,5,2025-10-22T10:06:00,present
3539,248,286,5,2025-10-22T10:23:00,present
3540,256,286,5,2025-10-22T10:06:00,present
3541,272,286,5,2025-10-22T10:16:00,present
3542,314,286,5,2025-10-22T10:08:00,absent
3543,344,286,5,2025-10-22T10:13:00,present
3544,367,286,5,2025-10-22T10:01:00,present
3545,385,286,5,2025-10-22T10:27:00,present
3546,13,287,5,2025-10-29T08:04:00,present
3547,38,287,5,2025-10-29T08:13:00,present
3548,46,287,5,2025-10-29T08:01:00,present
3549,79,287,5,2025-10-29T08:20:00,present
3550,160,287,5,2025-10-29T08:07:00,present
3551,195,287,5,2025-10-29T08:12:00,present
3552,219,287,5,2025-10-29T08:30:00,present
3553,248,287,5,2025-10-29T08:01:00,present
3554,256,287,5,2025-10-29T08:03:00,present
3555,314,287,5,2025-10-29T08:00:00,late
3556,344,287,5,2025-10-29T08:30:00,late
3557,345,287,5,2025-10-29T08:01:00,present
3558,367,287,5,2025-10-29T08:06:00,present
3559,385,287,5,2025-10-29T08:12:00,present
3560,21,288,17,2025-10-01T10:02:00,present
3561,47,288,17,2025-10-01T10:24:00,late
3562,80,288,17,2025-10-01T10:14:00,present
3563,120,288,17,2025-10-01T10:06:00,present
3564,173,288,17,2025-10-01T10:06:00,late
3565,182,288,17,2025-10-01T10:10:00,late
3566,187,288,17,2025-10-01T10:26:00,present
3567,216,288,17,2025-10-01T10:17:00,present
3568,257,288,17,2025-10-01T10:18:00,present
3569,303,288,17,2025-10-01T10:15:00,present
3570,341,288,17,2025-10-01T10:17:00,absent
3571,383,288,17,2025-10-01T10:04:00,late
3572,391,288,17,2025-10-01T10:16:00,late
3573,392,288,17,2025-10-01T10:09:00,present
3574,394,288,17,2025-10-01T10:01:00,late
3575,47,289,17,2025-10-08T08:17:00,present
3576,80,289,17,2025-10-08T08:14:00,present
3577,107,289,17,2025-10-08T08:10:00,present
3578,120,289,17,2025-10-08T08:15:00,present
3579,156,289,17,2025-10-08T08:29:00,late
3580,173,289,17,2025-10-08T08:28:00,present
3581,182,289,17,2025-10-08T08:13:00,present
3582,216,289,17,2025-10-08T08:11:00,present
3583,257,289,17,2025-10-08T08:03:00,present
3584,303,289,17,2025-10-08T08:14:00,present
3585,341,289,17,2025-10-08T08:00:00,present
3586,383,289,17,2025-10-08T08:01:00,late
3587,391,289,17,2025-10-08T08:18:00,present
3588,392,289,17,2025-10-08T08:02:00,present
3589,394,289,17,2025-10-08T08:09:00,present
3590,21,290,17,2025-10-15T12:29:00,late
3591,63,290,17,2025-10-15T12:08:00,present
3592,80,290,17,2025-10-15T12:05:00,present
3593,107,290,17,2025-10-15T12:19:00,present
3594,120,290,17,2025-10-15T12:19:00,present
3595,156,290,17,2025-10-15T12:13:00,present
3596,173,290,17,2025-10-15T12:18:00,present
3597,182,290,17,2025-10-15T12:27:00,present
3598,187,290,17,2025-10-15T12:09:00,present
3599,216,290,17,2025-10-15T12:20:00,present
3600,257,290,17,2025-10-15T12:19:00,present
3601,278,290,17,2025-10-15T12:21:00,present
3602,303,290,17,2025-10-15T12:27:00,present
3603,341,290,17,2025-10-15T12:28:00,present
3604,383,290,17,2025-10-15T12:04:00,present
3605,391,290,17,2025-10-15T12:11:00,present
3606,392,290,17,2025-10-15T12:20:00,late
3607,394,290,17,2025-10-15T12:07:00,absent
3608,47,291,17,2025-10-22T14:09:00,present
3609,80,291,17,2025-10-22T14:09:00,present
3610,107,291,17,2025-10-22T14:25:00,present
3611,120,291,17,2025-10-22T14:06:00,late
3612,156,291,17,2025-10-22T14:28:00,present
3613,173,291,17,2025-10-22T14:05:00,present
3614,182,291,17,2025-10-22T14:25:00,late
3615,187,291,17,2025-10-22T14:09:00,present
3616,216,291,17,2025-10-22T14:24:00,late
3617,257,291,17,2025-10-22T14:12:00,present
3618,278,291,17,2025-10-22T14:30:00,present
3619,303,291,17,2025-10-22T14:13:00,late
3620,341,291,17,2025-10-22T14:00:00,present
3621,383,291,17,2025-10-22T14:15:00,present
3622,391,291,17,2025-10-22T14:20:00,present
3623,394,291,17,2025-10-22T14:28:00,absent
3624,18,292,5,2025-10-01T08:23:00,present
3625,21,292,5,2025-10-01T08:17:00,present
3626,47,292,5,2025-10-01T08:23:00,present
3627,49,292,5,2025-10-01T08:19:00,present
3628,78,292,5,2025-10-01T08:21:00,present
3629,107,292,5,2025-10-01T08:29:00,present
3630,156,292,5,2025-10-01T08:07:00,present
3631,173,292,5,2025-10-01T08:16:00,absent
3632,187,292,5,2025-10-01T08:24:00,present
3633,229,292,5,2025-10-01T08:09:00,present
3634,257,292,5,2025-10-01T08:28:00,late
3635,278,292,5,2025-10-01T08:13:00,present
3636,282,292,5,2025-10-01T08:03:00,absent
3637,319,292,5,2025-10-01T08:28:00,present
3638,5,293,5,2025-10-08T12:19:00,present
3639,18,293,5,2025-10-08T12:00:00,present
3640,21,293,5,2025-10-08T12:27:00,present
3641,47,293,5,2025-10-08T12:12:00,present
3642,49,293,5,2025-10-08T12:11:00,present
3643,78,293,5,2025-10-08T12:04:00,late
3644,107,293,5,2025-10-08T12:08:00,present
3645,173,293,5,2025-10-08T12:18:00,present
3646,182,293,5,2025-10-08T12:13:00,present
3647,187,293,5,2025-10-08T12:29:00,absent
3648,226,293,5,2025-10-08T12:00:00,present
3649,229,293,5,2025-10-08T12:25:00,present
3650,257,293,5,2025-10-08T12:21:00,present
3651,278,293,5,2025-10-08T12:28:00,present
3652,319,293,5,2025-10-08T12:16:00,present
3653,5,294,5,2025-10-15T12:10:00,absent
3654,18,294,5,2025-10-15T12:24:00,present
3655,47,294,5,2025-10-15T12:24:00,late
3656,49,294,5,2025-10-15T12:17:00,present
3657,107,294,5,2025-10-15T12:24:00,present
3658,156,294,5,2025-10-15T12:16:00,absent
3659,173,294,5,2025-10-15T12:28:00,present
3660,226,294,5,2025-10-15T12:15:00,absent
3661,229,294,5,2025-10-15T12:00:00,present
3662,278,294,5,2025-10-15T12:13:00,absent
3663,282,294,5,2025-10-15T12:29:00,present
3664,319,294,5,2025-10-15T12:02:00,present
3665,5,295,5,2025-10-22T10:03:00,present
3666,18,295,5,2025-10-22T10:24:00,present
3667,21,295,5,2025-10-22T10:06:00,present
3668,49,295,5,2025-10-22T10:26:00,present
3669,78,295,5,2025-10-22T10:26:00,present
3670,107,295,5,2025-10-22T10:27:00,present
3671,173,295,5,2025-10-22T10:12:00,late
3672,182,295,5,2025-10-22T10:19:00,present
3673,187,295,5,2025-10-22T10:02:00,present
3674,226,295,5,2025-10-22T10:19:00,present
3675,257,295,5,2025-10-22T10:01:00,present
3676,278,295,5,2025-10-22T10:24:00,present
3677,282,295,5,2025-10-22T10:20:00,present
3678,319,295,5,2025-10-22T10:27:00,absent
3679,18,296,13,2025-10-01T14:14:00,late
3680,21,296,13,2025-10-01T14:20:00,present
3681,63,296,13,2025-10-01T14:07:00,present
3682,78,296,13,2025-10-01T14:08:00,present
3683,173,296,13,2025-10-01T14:14:00,present
3684,182,296,13,2025-10-01T14:12:00,present
3685,186,296,13,2025-10-01T14:22:00,present
3686,187,296,13,2025-10-01T14:28:00,present
3687,226,296,13,2025-10-01T14:27:00,present
3688,229,296,13,2025-10-01T14:04:00,present
3689,246,296,13,2025-10-01T14:11:00,late
3690,294,296,13,2025-10-01T14:23:00,present
3691,319,296,13,2025-10-01T14:23:00,late
3692,326,296,13,2025-10-01T14:15:00,absent
3693,339,296,13,2025-10-01T14:29:00,present
3694,383,296,13,2025-10-01T14:22:00,present
3695,18,297,13,2025-10-08T10:02:00,present
3696,21,297,13,2025-10-08T10:08:00,absent
3697,63,297,13,2025-10-08T10:21:00,absent
3698,78,297,13,2025-10-08T10:02:00,present
3699,80,297,13,2025-10-08T10:06:00,present
3700,173,297,13,2025-10-08T10:07:00,late
3701,187,297,13,2025-10-08T10:11:00,present
3702,213,297,13,2025-10-08T10:05:00,late
3703,226,297,13,2025-10-08T10:29:00,absent
3704,229,297,13,2025-10-08T10:03:00,present
3705,246,297,13,2025-10-08T10:29:00,present
3706,319,297,13,2025-10-08T10:28:00,present
3707,326,297,13,2025-10-08T10:21:00,present
3708,357,297,13,2025-10-08T10:00:00,present
3709,383,297,13,2025-10-08T10:07:00,late
3710,18,298,13,2025-10-15T10:07:00,absent
3711,21,298,13,2025-10-15T10:21:00,absent
3712,47,298,13,2025-10-15T10:14:00,present
3713,63,298,13,2025-10-15T10:18:00,late
3714,78,298,13,2025-10-15T10:12:00,present
3715,173,298,13,2025-10-15T10:02:00,present
3716,182,298,13,2025-10-15T10:17:00,present
3717,186,298,13,2025-10-15T10:08:00,present
3718,187,298,13,2025-10-15T10:23:00,absent
3719,213,298,13,2025-10-15T10:27:00,present
3720,226,298,13,2025-10-15T10:01:00,present
3721,246,298,13,2025-10-15T10:16:00,present
3722,294,298,13,2025-10-15T10:13:00,present
3723,319,298,13,2025-10-15T10:01:00,present
3724,326,298,13,2025-10-15T10:06:00,present
3725,339,298,13,2025-10-15T10:26:00,present
3726,383,298,13,2025-10-15T10:03:00,present
3727,18,299,13,2025-10-22T10:28:00,late
3728,21,299,13,2025-10-22T10:25:00,present
3729,47,299,13,2025-10-22T10:16:00,present
3730,63,299,13,2025-10-22T10:05:00,present
3731,80,299,13,2025-10-22T10:20:00,present
3732,182,299,13,2025-10-22T10:26:00,present
3733,186,299,13,2025-10-22T10:26:00,present
3734,187,299,13,2025-10-22T10:20:00,absent
3735,213,299,13,2025-10-22T10:16:00,present
3736,226,299,13,2025-10-22T10:13:00,late
3737,229,299,13,2025-10-22T10:17:00,absent
3738,246,299,13,2025-10-22T10:26:00,present
3739,264,299,13,2025-10-22T10:23:00,present
3740,294,299,13,2025-10-22T10:14:00,present
3741,319,299,13,2025-10-22T10:13:00,absent
3742,326,299,13,2025-10-22T10:07:00,absent
3743,339,299,13,2025-10-22T10:17:00,present
3744,357,299,13,2025-10-22T10:03:00,late
3745,383,299,13,2025-10-22T10:05:00,present
3746,18,300,13,2025-10-29T08:10:00,absent
3747,21,300,13,2025-10-29T08:10:00,absent
3748,47,300,13,2025-10-29T08:24:00,present
3749,63,300,13,2025-10-29T08:23:00,present
3750,80,300,13,2025-10-29T08:18:00,present
3751,173,300,13,2025-10-29T08:20:00,present
3752,182,300,13,2025-10-29T08:21:00,late
3753,186,300,13,2025-10-29T08:03:00,present
3754,187,300,13,2025-10-29T08:22:00,present
3755,226,300,13,2025-10-29T08:15:00,present
3756,229,300,13,2025-10-29T08:12:00,absent
3757,246,300,13,2025-10-29T08:25:00,present
3758,294,300,13,2025-10-29T08:11:00,present
3759,319,300,13,2025-10-29T08:12:00,present
3760,326,300,13,2025-10-29T08:02:00,absent
3761,339,300,13,2025-10-29T08:05:00,late
3762,357,300,13,2025-10-29T08:20:00,present
3763,383,300,13,2025-10-29T08:21:00,present
