id,assessment_id,student_id,raw_score,instructor_remarks,is_flagged,is_absent,created_by_doctor_id
1,1,2,55.1,,False,False,19
2,1,3,84.8,,False,False,19
3,1,4,61.6,,False,False,8
4,1,9,43.8,,False,False,3
5,1,10,0.0,,False,True,19
6,1,32,0.0,,False,True,14
7,1,51,69.1,,False,False,8
8,1,52,0.0,,False,True,18
9,1,56,67.5,,False,False,9
10,1,62,100.0,,False,False,4
11,1,75,79.2,,False,False,8
12,1,94,70.5,,False,False,1
13,1,103,81.3,,False,False,15
14,1,113,62.6,,False,False,19
15,1,142,63.6,,False,False,15
16,2,2,94.9,,False,False,6
17,2,3,35.6,,False,False,19
18,2,4,82.4,,False,False,13
19,2,9,0.0,,False,True,8
20,2,10,63.0,,False,False,6
21,2,32,59.8,,False,False,5
22,2,51,55.0,,False,False,6
23,2,52,67.8,,False,False,15
24,2,56,64.2,,False,False,5
25,2,62,0.0,,False,True,3
26,2,75,57.5,,False,False,8
27,2,94,52.4,,False,False,6
28,2,103,30.7,,False,False,6
29,2,113,52.0,,False,False,6
30,2,142,55.8,,False,False,17
31,3,2,67.7,,False,False,16
32,3,3,100.0,,False,False,19
33,3,4,53.9,,False,False,4
34,3,9,46.6,,False,False,12
35,3,10,52.1,,False,False,19
36,3,32,67.8,,False,False,15
37,3,51,75.6,,False,False,4
38,3,52,78.1,,False,False,2
39,3,56,79.9,,False,False,8
40,3,62,82.4,,False,False,20
41,3,75,60.0,,False,False,13
42,3,94,100.0,,False,False,19
43,3,103,58.6,,False,False,17
44,3,113,67.0,,False,False,10
45,3,142,88.3,,False,False,17
46,4,2,75.2,,False,False,16
47,4,3,24.7,,False,False,18
48,4,4,65.1,,False,False,5
49,4,9,80.5,,False,False,8
50,4,10,40.8,,False,False,2
51,4,32,78.5,,False,False,16
52,4,51,72.0,,False,False,5
53,4,52,86.3,,False,False,4
54,4,56,52.5,,False,False,12
55,4,62,82.9,,False,False,1
56,4,75,67.9,,False,False,1
57,4,94,96.8,,False,False,2
58,4,103,100.0,,False,False,5
59,4,113,92.7,,False,False,15
60,4,142,73.6,,False,False,5
61,5,2,100.0,,False,False,12
62,5,3,75.9,,False,False,5
63,5,4,48.7,,False,False,2
64,5,9,64.3,,False,False,1
65,5,10,78.7,,False,False,12
66,5,32,79.9,,False,False,15
67,5,51,44.7,,False,False,19
68,5,52,45.3,,False,False,5
69,5,56,58.9,,False,False,6
70,5,62,74.6,,False,False,3
71,5,75,76.9,,False,False,20
72,5,94,0.0,,False,True,19
73,5,103,67.5,,False,False,4
74,5,113,50.0,,True,False,8
75,5,142,96.3,,False,False,9
76,6,2,45.7,,False,False,6
77,6,3,88.4,,False,False,7
78,6,4,78.3,,False,False,1
79,6,10,88.0,,False,False,18
80,6,32,57.0,,False,False,14
81,6,51,62.4,,False,False,15
82,6,52,66.0,,False,False,2
83,6,56,56.4,,False,False,5
84,6,62,69.1,,False,False,13
85,6,94,93.4,,False,False,19
86,6,103,41.7,,False,False,9
87,6,113,53.2,,False,False,14
88,6,142,51.2,,False,False,10
89,6,166,63.3,,False,False,8
90,6,171,62.6,,False,False,10
91,7,2,78.9,,False,False,15
92,7,3,65.6,,False,False,13
93,7,4,70.5,,False,False,4
94,7,10,72.2,,False,False,9
95,7,32,69.4,,False,False,5
96,7,51,77.7,,False,False,18
97,7,52,62.8,,False,False,5
98,7,56,94.6,,False,False,17
99,7,62,100.0,,False,False,18
100,7,94,77.7,,False,False,20
101,7,103,69.1,,False,False,20
102,7,113,76.2,,False,False,8
103,7,142,45.2,,False,False,3
104,7,166,68.2,,False,False,13
105,7,171,51.8,,False,False,11
106,8,2,74.2,,False,False,10
107,8,3,51.9,,False,False,6
108,8,4,58.8,,False,False,12
109,8,10,31.3,,False,False,9
110,8,32,43.9,,False,False,2
111,8,51,71.4,,False,False,3
112,8,52,49.4,,False,False,17
113,8,56,84.1,,True,False,9
114,8,62,47.8,,False,False,13
115,8,94,73.2,,False,False,9
116,8,103,51.3,,False,False,13
117,8,113,71.9,,False,False,9
118,8,142,37.4,,False,False,11
119,8,166,56.8,,False,False,8
120,8,171,49.8,,False,False,9
121,9,2,80.9,,False,False,20
122,9,3,73.3,,False,False,3
123,9,4,42.8,,False,False,5
124,9,10,61.3,,False,False,12
125,9,32,0.0,,False,True,1
126,9,51,51.1,,False,False,20
127,9,52,82.1,,False,False,3
128,9,56,87.9,,False,False,13
129,9,62,39.1,,False,False,12
130,9,94,79.9,,False,False,15
131,9,103,50.2,,False,False,8
132,9,113,0.0,,False,True,9
133,9,142,60.4,,False,False,19
134,9,166,65.6,,False,False,13
135,9,171,97.7,,False,False,2
136,10,3,46.9,,False,False,18
137,10,4,80.0,,False,False,6
138,10,10,43.9,,False,False,10
139,10,11,42.7,,False,False,7
140,10,16,65.5,,False,False,19
141,10,32,65.4,,False,False,15
142,10,51,14.0,,False,False,1
143,10,52,0.0,,False,True,4
144,10,56,85.9,,False,False,12
145,10,62,26.5,,False,False,4
146,10,75,62.4,,False,False,15
147,10,94,88.9,,False,False,9
148,10,142,100.0,,False,False,9
149,10,150,58.5,,False,False,17
150,10,166,39.2,,False,False,16
151,11,3,0.0,,False,True,6
152,11,4,88.2,,False,False,1
153,11,10,80.6,,False,False,11
154,11,11,56.2,,False,False,8
155,11,16,53.9,,False,False,5
156,11,32,52.1,,False,False,11
157,11,51,58.8,,False,False,1
158,11,52,70.7,,False,False,2
159,11,56,54.8,,False,False,12
160,11,62,57.1,,False,False,18
161,11,75,76.5,,False,False,12
162,11,94,38.3,,False,False,2
163,11,142,0.0,,False,True,16
164,11,150,58.2,,False,False,5
165,11,166,34.8,,False,False,15
166,12,3,67.0,,False,False,4
167,12,4,30.1,,False,False,8
168,12,10,81.0,,False,False,4
169,12,11,41.3,,False,False,13
170,12,16,33.1,,False,False,3
171,12,32,58.5,,False,False,2
172,12,51,95.8,,False,False,20
173,12,52,77.8,,False,False,17
174,12,56,30.4,,False,False,1
175,12,62,40.8,,False,False,16
176,12,75,57.9,,False,False,12
177,12,94,100.0,,False,False,7
178,12,142,48.1,,False,False,5
179,12,150,48.2,,False,False,15
180,12,166,92.5,,False,False,17
181,13,3,68.5,,False,False,10
182,13,4,84.0,,False,False,8
183,13,10,51.9,,False,False,8
184,13,11,63.2,,False,False,12
185,13,16,88.7,,False,False,3
186,13,32,62.4,,False,False,15
187,13,51,0.0,,False,True,20
188,13,52,85.2,,False,False,17
189,13,56,72.0,,False,False,7
190,13,62,46.3,,False,False,16
191,13,75,64.7,,False,False,12
192,13,94,82.7,,False,False,18
193,13,142,77.0,,False,False,18
194,13,150,64.3,,False,False,3
195,13,166,30.9,,False,False,14
196,14,3,32.7,,False,False,18
197,14,4,36.5,,False,False,16
198,14,10,55.8,,False,False,9
199,14,11,58.2,,False,False,7
200,14,16,38.4,,False,False,5
201,14,32,83.4,,False,False,17
202,14,51,0.0,,False,True,20
203,14,52,42.3,,False,False,12
204,14,56,40.3,,False,False,19
205,14,62,66.6,,False,False,6
206,14,75,82.5,,False,False,13
207,14,94,100.0,,False,False,20
208,14,142,75.5,,False,False,12
209,14,150,93.4,,False,False,8
210,14,166,43.2,,False,False,16
211,15,2,100.0,,False,False,4
212,15,4,31.5,,False,False,16
213,15,10,55.9,,False,False,1
214,15,16,75.1,,False,False,18
215,15,32,36.1,,False,False,18
216,15,51,48.3,,True,False,3
217,15,56,45.5,,False,False,13
218,15,62,59.4,,False,False,10
219,15,75,90.6,,False,False,16
220,15,94,65.3,,False,False,11
221,15,103,56.7,,False,False,2
222,15,113,13.1,,False,False,3
223,15,142,73.4,,False,False,3
224,15,166,79.2,,False,False,9
225,15,183,34.4,,False,False,11
226,16,2,63.8,,False,False,19
227,16,4,68.5,,False,False,13
228,16,10,82.4,,False,False,11
229,16,16,52.0,,False,False,6
230,16,32,49.2,,False,False,5
231,16,51,0.0,,False,True,6
232,16,56,56.8,,False,False,16
233,16,62,88.1,,False,False,3
234,16,75,83.8,,False,False,7
235,16,94,64.6,,False,False,14
236,16,103,83.4,,False,False,15
237,16,113,22.4,,False,False,13
238,16,142,0.0,,False,True,16
239,16,166,79.2,,False,False,16
240,16,183,44.9,,False,False,20
241,17,2,96.8,,False,False,15
242,17,4,45.8,,False,False,1
243,17,10,49.7,,False,False,19
244,17,16,75.1,,False,False,16
245,17,32,76.9,,False,False,8
246,17,51,57.0,,False,False,19
247,17,56,71.7,,False,False,10
248,17,62,73.9,,False,False,13
249,17,75,72.1,,False,False,17
250,17,94,57.7,,False,False,11
251,17,103,74.1,,False,False,2
252,17,113,90.3,,False,False,12
253,17,142,42.9,,False,False,16
254,17,166,49.9,,False,False,10
255,17,183,65.5,,False,False,10
256,18,2,46.0,,False,False,1
257,18,4,32.5,,False,False,15
258,18,10,84.7,,False,False,14
259,18,16,24.9,,False,False,15
260,18,32,57.8,,False,False,3
261,18,51,78.7,,False,False,12
262,18,56,69.8,,False,False,9
263,18,62,58.0,,False,False,14
264,18,75,45.2,,False,False,8
265,18,94,71.2,,False,False,13
266,18,103,47.2,,False,False,20
267,18,113,69.8,,False,False,3
268,18,142,67.5,,False,False,12
269,18,166,67.7,,False,False,8
270,18,183,53.5,,False,False,12
271,19,2,100.0,,False,False,6
272,19,4,71.4,,False,False,17
273,19,10,60.0,,False,False,7
274,19,16,69.8,,False,False,3
275,19,32,51.1,,False,False,17
276,19,51,58.0,,False,False,19
277,19,56,100.0,,False,False,12
278,19,62,51.2,,False,False,14
279,19,75,63.6,,False,False,9
280,19,94,56.8,,False,False,10
281,19,103,46.3,,False,False,9
282,19,113,72.6,,False,False,10
283,19,142,65.7,,False,False,20
284,19,166,81.4,,False,False,8
285,19,183,79.6,,False,False,9
286,20,7,81.2,,False,False,8
287,20,24,48.5,,False,False,14
288,20,34,76.5,,False,False,18
289,20,42,77.0,,False,False,19
290,20,44,46.6,,False,False,20
291,20,64,59.3,,False,False,7
292,20,67,38.8,,False,False,18
293,20,68,77.1,,False,False,19
294,20,72,77.0,,False,False,8
295,20,73,90.7,,False,False,19
296,20,77,60.9,,False,False,6
297,20,81,73.1,,False,False,2
298,20,83,82.8,,False,False,17
299,20,86,51.4,,False,False,14
300,20,88,48.7,,False,False,19
301,21,7,52.0,,False,False,2
302,21,24,58.7,,False,False,9
303,21,34,49.3,,False,False,13
304,21,42,52.8,,False,False,20
305,21,44,80.9,,False,False,1
306,21,64,63.3,,False,False,12
307,21,67,70.5,,False,False,7
308,21,68,55.1,,False,False,13
309,21,72,53.9,,False,False,20
310,21,73,70.1,,False,False,11
311,21,77,67.3,,False,False,1
312,21,81,79.0,,False,False,3
313,21,83,88.4,,False,False,3
314,21,86,52.6,,False,False,10
315,21,88,80.5,,False,False,13
316,22,7,45.6,,False,False,8
317,22,24,100.0,,False,False,2
318,22,34,50.8,,False,False,6
319,22,42,77.4,,False,False,5
320,22,44,0.0,,False,True,10
321,22,64,45.4,,False,False,14
322,22,67,62.3,,False,False,10
323,22,68,92.8,,False,False,19
324,22,72,50.3,,False,False,13
325,22,73,100.0,,False,False,1
326,22,77,0.0,,False,True,11
327,22,81,64.9,,False,False,19
328,22,83,82.6,,False,False,19
329,22,86,72.3,,False,False,3
330,22,88,73.2,,False,False,15
331,23,7,39.3,,False,False,9
332,23,24,56.5,,False,False,7
333,23,34,86.5,,False,False,8
334,23,42,58.8,,False,False,12
335,23,44,67.5,,False,False,18
336,23,64,37.1,,False,False,13
337,23,67,55.3,,False,False,11
338,23,68,85.2,,False,False,6
339,23,72,41.9,,False,False,5
340,23,73,77.9,,False,False,5
341,23,77,0.0,,False,True,19
342,23,81,68.2,,False,False,1
343,23,83,60.8,,False,False,9
344,23,86,60.0,,False,False,4
345,23,88,56.2,,False,False,15
346,24,7,57.8,,False,False,15
347,24,24,81.7,,False,False,16
348,24,34,57.2,,False,False,11
349,24,42,97.5,,False,False,6
350,24,44,70.4,,False,False,2
351,24,64,54.6,,False,False,8
352,24,67,82.5,,False,False,9
353,24,68,76.2,,False,False,1
354,24,72,35.2,,False,False,5
355,24,73,0.0,,False,True,15
356,24,77,46.4,,False,False,19
357,24,81,62.9,,False,False,1
358,24,83,36.5,,False,False,6
359,24,86,100.0,,False,False,2
360,24,88,79.8,,False,False,14
361,25,7,64.8,,False,False,18
362,25,24,58.8,,False,False,4
363,25,34,54.2,,False,False,16
364,25,42,29.6,,False,False,4
365,25,44,33.8,,False,False,6
366,25,64,99.2,,False,False,12
367,25,67,93.3,,False,False,15
368,25,68,54.6,,False,False,5
369,25,72,81.3,,False,False,3
370,25,73,74.1,,False,False,2
371,25,77,76.2,,False,False,11
372,25,81,39.3,,False,False,10
373,25,83,32.5,,False,False,5
374,25,86,86.3,,False,False,7
375,25,88,29.4,,False,False,3
376,26,7,62.3,,False,False,3
377,26,24,58.4,,False,False,17
378,26,34,56.7,,False,False,8
379,26,42,70.7,,False,False,18
380,26,44,52.8,,False,False,20
381,26,64,0.0,,False,True,3
382,26,67,72.1,,False,False,16
383,26,68,67.5,,False,False,8
384,26,72,100.0,,False,False,19
385,26,73,40.1,,False,False,12
386,26,77,65.5,,False,False,4
387,26,81,72.8,,False,False,5
388,26,83,60.4,,False,False,9
389,26,86,40.9,,False,False,6
390,26,88,87.6,,False,False,10
391,27,7,71.1,,False,False,6
392,27,24,42.2,,False,False,9
393,27,34,72.9,,False,False,7
394,27,42,95.6,,False,False,1
395,27,44,64.3,,False,False,7
396,27,64,65.0,,False,False,15
397,27,67,93.2,,False,False,10
398,27,68,47.5,,False,False,17
399,27,72,96.1,,False,False,1
400,27,73,82.5,,True,False,6
401,27,77,0.0,,False,True,13
402,27,81,48.4,,False,False,3
403,27,83,53.0,,False,False,7
404,27,86,55.6,,False,False,9
405,27,88,32.0,,False,False,13
406,28,7,69.7,,False,False,6
407,28,24,49.2,,False,False,11
408,28,34,70.3,,False,False,15
409,28,42,41.8,,False,False,6
410,28,44,81.6,,False,False,5
411,28,64,0.0,,False,True,13
412,28,67,78.3,,False,False,20
413,28,68,52.3,,False,False,19
414,28,72,71.5,,False,False,19
415,28,73,66.5,,False,False,14
416,28,77,91.7,,False,False,11
417,28,81,46.4,,False,False,19
418,28,83,62.3,,False,False,15
419,28,86,53.5,,False,False,14
420,28,88,65.8,,False,False,10
421,29,7,74.6,,False,False,2
422,29,24,53.3,,False,False,9
423,29,34,58.4,,True,False,18
424,29,42,82.4,,False,False,4
425,29,44,89.4,,False,False,2
426,29,64,0.0,,False,True,8
427,29,67,73.9,,False,False,3
428,29,68,62.5,,False,False,6
429,29,72,60.8,,False,False,10
430,29,73,74.9,,False,False,4
431,29,77,69.1,,False,False,14
432,29,81,35.3,,False,False,13
433,29,83,75.3,,True,False,19
434,29,86,49.5,,False,False,18
435,29,88,39.5,,False,False,10
436,30,7,35.0,,False,False,1
437,30,24,0.0,,False,True,19
438,30,34,61.1,,False,False,16
439,30,42,46.7,,False,False,8
440,30,44,23.1,,False,False,13
441,30,64,58.5,,False,False,13
442,30,67,56.2,,False,False,4
443,30,68,62.3,,False,False,7
444,30,72,53.7,,False,False,20
445,30,73,97.9,,False,False,5
446,30,77,74.3,,False,False,1
447,30,81,56.0,,False,False,10
448,30,83,63.9,,False,False,7
449,30,86,90.5,,False,False,16
450,30,88,82.2,,False,False,19
451,31,7,39.9,,False,False,4
452,31,24,47.5,,False,False,15
453,31,34,50.9,,False,False,19
454,31,42,57.1,,False,False,9
455,31,44,54.3,,False,False,6
456,31,64,65.6,,False,False,18
457,31,67,0.0,,False,True,14
458,31,68,78.2,,True,False,6
459,31,72,81.2,,False,False,12
460,31,73,59.1,,False,False,18
461,31,77,35.6,,False,False,7
462,31,81,46.3,,True,False,2
463,31,83,55.6,,False,False,8
464,31,86,42.6,,False,False,18
465,31,88,85.5,,False,False,18
466,32,7,43.8,,False,False,20
467,32,24,76.1,,False,False,20
468,32,34,34.7,,False,False,18
469,32,42,76.8,,False,False,15
470,32,44,62.5,,False,False,8
471,32,64,92.2,,False,False,7
472,32,67,44.6,,False,False,13
473,32,68,54.8,,False,False,7
474,32,72,58.3,,False,False,3
475,32,73,62.3,,False,False,18
476,32,77,58.8,,False,False,13
477,32,81,59.1,,False,False,8
478,32,83,58.8,,False,False,4
479,32,86,0.0,,False,True,5
480,32,88,27.7,,False,False,7
481,33,25,82.9,,False,False,5
482,33,33,100.0,,False,False,17
483,33,89,70.4,,False,False,6
484,33,108,44.6,,False,False,3
485,33,115,46.4,,False,False,1
486,33,132,76.0,,False,False,16
487,33,136,71.9,,False,False,14
488,33,169,59.9,,False,False,19
489,33,210,78.6,,False,False,18
490,33,215,27.9,,False,False,9
491,33,224,78.6,,False,False,5
492,33,252,69.3,,False,False,14
493,33,265,47.1,,False,False,4
494,33,283,39.2,,False,False,19
495,33,299,67.2,,False,False,18
496,34,25,90.3,,False,False,16
497,34,33,60.9,,False,False,5
498,34,89,49.7,,False,False,13
499,34,108,68.4,,False,False,20
500,34,115,97.8,,False,False,4
501,34,132,72.8,,False,False,10
502,34,136,74.7,,False,False,6
503,34,169,87.0,,False,False,9
504,34,210,73.5,,False,False,1
505,34,215,50.9,,False,False,5
506,34,224,33.6,,False,False,15
507,34,252,48.4,,False,False,20
508,34,265,45.1,,False,False,10
509,34,283,76.9,,False,False,20
510,34,299,79.4,,True,False,1
511,35,25,68.2,,False,False,10
512,35,33,42.2,,False,False,18
513,35,89,97.2,,False,False,19
514,35,108,57.5,,False,False,17
515,35,115,75.9,,False,False,17
516,35,132,65.9,,False,False,15
517,35,136,68.8,,False,False,17
518,35,169,75.2,,False,False,13
519,35,210,52.5,,False,False,18
520,35,215,88.5,,False,False,19
521,35,224,36.6,,False,False,11
522,35,252,0.0,,False,True,17
523,35,265,46.3,,False,False,11
524,35,283,88.3,,False,False,2
525,35,299,75.6,,False,False,15
526,36,25,0.0,,False,True,18
527,36,33,100.0,,False,False,18
528,36,89,66.2,,False,False,9
529,36,108,95.6,,False,False,8
530,36,115,0.0,,False,True,19
531,36,132,31.6,,False,False,2
532,36,136,39.6,,False,False,18
533,36,169,81.1,,False,False,16
534,36,210,33.7,,False,False,4
535,36,215,61.4,,False,False,8
536,36,224,0.0,,False,True,15
537,36,252,86.0,,False,False,2
538,36,265,0.0,,False,True,12
539,36,283,74.0,,False,False,13
540,36,299,65.2,,False,False,20
541,37,25,56.9,,False,False,12
542,37,33,68.6,,False,False,9
543,37,109,75.4,,False,False,15
544,37,114,53.1,,False,False,10
545,37,133,71.7,,False,False,17
546,37,136,84.4,,False,False,1
547,37,169,61.0,,False,False,6
548,37,210,66.2,,False,False,2
549,37,224,0.0,,False,True,7
550,37,283,73.7,,False,False,4
551,37,284,0.0,,False,True,10
552,37,299,74.9,,False,False,5
553,37,301,80.8,,False,False,13
554,37,315,46.7,,False,False,14
555,37,325,55.5,,False,False,12
556,38,25,56.1,,False,False,13
557,38,33,48.7,,False,False,4
558,38,109,32.6,,False,False,20
559,38,114,6.4,,False,False,11
560,38,133,86.5,,False,False,6
561,38,136,37.0,,False,False,20
562,38,169,0.0,,False,True,10
563,38,210,93.2,,True,False,16
564,38,224,78.3,,False,False,10
565,38,283,57.7,,False,False,11
566,38,284,76.1,,False,False,14
567,38,299,72.7,,False,False,8
568,38,301,45.2,,False,False,16
569,38,315,64.7,,False,False,10
570,38,325,47.4,,False,False,4
571,39,25,76.8,,False,False,20
572,39,33,52.1,,False,False,13
573,39,109,63.3,,False,False,3
574,39,114,62.5,,False,False,16
575,39,133,67.2,,False,False,5
576,39,136,94.9,,False,False,6
577,39,169,60.7,,False,False,18
578,39,210,86.9,,False,False,18
579,39,224,73.6,,False,False,18
580,39,283,90.5,,False,False,10
581,39,284,58.9,,False,False,5
582,39,299,77.5,,False,False,13
583,39,301,63.9,,False,False,16
584,39,315,11.2,,False,False,3
585,39,325,45.4,,False,False,17
586,40,25,75.5,,False,False,10
587,40,33,74.3,,False,False,15
588,40,109,41.7,,False,False,12
589,40,114,69.0,,False,False,5
590,40,133,74.1,,False,False,10
591,40,136,64.4,,False,False,15
592,40,169,78.1,,False,False,19
593,40,210,75.7,,False,False,20
594,40,224,64.4,,False,False,16
595,40,283,55.8,,False,False,7
596,40,284,83.8,,False,False,3
597,40,299,73.3,,False,False,7
598,40,301,40.1,,False,False,20
599,40,315,69.0,,False,False,2
600,40,325,44.3,,False,False,6
601,41,8,47.6,,False,False,12
602,41,33,53.3,,False,False,16
603,41,71,65.8,,False,False,18
604,41,89,71.7,,False,False,3
605,41,106,57.6,,False,False,10
606,41,108,58.4,,False,False,7
607,41,109,55.9,,False,False,16
608,41,132,83.9,,False,False,2
609,41,133,13.6,,False,False,4
610,41,136,59.4,,False,False,7
611,41,169,92.8,,False,False,16
612,41,228,74.3,,False,False,13
613,41,252,87.8,,False,False,13
614,41,265,28.4,,False,False,10
615,41,283,42.6,,False,False,5
616,42,8,74.3,,False,False,13
617,42,33,92.9,,False,False,11
618,42,71,44.5,,False,False,19
619,42,89,58.0,,False,False,4
620,42,106,0.0,,False,True,11
621,42,108,72.2,,False,False,18
622,42,109,38.9,,False,False,11
623,42,132,74.4,,False,False,18
624,42,133,16.8,,False,False,10
625,42,136,73.9,,False,False,10
626,42,169,47.1,,False,False,17
627,42,228,56.9,,False,False,20
628,42,252,76.7,,False,False,15
629,42,265,73.1,,False,False,12
630,42,283,64.9,,False,False,11
631,43,8,82.4,,False,False,17
632,43,33,34.4,,False,False,4
633,43,71,68.7,,False,False,5
634,43,89,50.8,,False,False,15
635,43,106,81.5,,False,False,3
636,43,108,77.4,,False,False,18
637,43,109,78.0,,False,False,15
638,43,132,94.6,,False,False,11
639,43,133,85.3,,False,False,9
640,43,136,62.2,,False,False,9
641,43,169,65.0,,False,False,16
642,43,228,75.8,,False,False,13
643,43,252,67.5,,False,False,6
644,43,265,77.7,,False,False,7
645,43,283,24.9,,False,False,14
646,44,8,98.9,,False,False,3
647,44,33,66.1,,False,False,16
648,44,71,35.8,,False,False,11
649,44,89,48.6,,False,False,1
650,44,106,26.7,,False,False,19
651,44,108,45.4,,False,False,4
652,44,109,62.4,,False,False,12
653,44,132,92.3,,False,False,14
654,44,133,72.4,,False,False,8
655,44,136,69.2,,False,False,11
656,44,169,44.6,,False,False,1
657,44,228,50.2,,False,False,1
658,44,252,51.6,,False,False,7
659,44,265,52.3,,False,False,4
660,44,283,58.7,,False,False,19
661,45,8,60.0,,False,False,18
662,45,33,58.9,,False,False,16
663,45,71,52.9,,False,False,11
664,45,89,67.4,,False,False,14
665,45,106,0.0,,False,True,17
666,45,108,59.3,,False,False,4
667,45,109,36.3,,False,False,2
668,45,132,65.6,,False,False,5
669,45,133,62.9,,False,False,7
670,45,136,36.6,,False,False,17
671,45,169,54.4,,False,False,13
672,45,228,75.7,,False,False,7
673,45,252,44.5,,False,False,20
674,45,265,42.6,,False,False,12
675,45,283,59.2,,False,False,1
676,46,25,76.2,,False,False,14
677,46,59,97.6,,False,False,10
678,46,89,76.9,,False,False,11
679,46,108,84.5,,False,False,8
680,46,109,71.2,,False,False,12
681,46,114,52.7,,False,False,4
682,46,115,76.7,,False,False,20
683,46,132,0.0,,False,True,17
684,46,169,63.5,,False,False,6
685,46,210,71.8,,False,False,18
686,46,215,48.0,,False,False,13
687,46,224,73.4,,False,False,8
688,46,265,62.8,,False,False,13
689,46,283,69.2,,False,False,14
690,46,295,63.5,,False,False,20
691,47,25,60.0,,False,False,11
692,47,59,73.7,,False,False,18
693,47,89,57.7,,False,False,10
694,47,108,36.4,,False,False,12
695,47,109,31.3,,False,False,18
696,47,114,68.3,,False,False,7
697,47,115,0.0,,False,True,14
698,47,132,57.0,,False,False,17
699,47,169,33.9,,False,False,9
700,47,210,66.9,,False,False,17
701,47,215,63.3,,False,False,11
702,47,224,56.0,,False,False,19
703,47,265,69.4,,False,False,14
704,47,283,88.7,,False,False,20
705,47,295,88.1,,False,False,1
706,48,25,67.6,,False,False,18
707,48,59,63.5,,False,False,20
708,48,89,67.8,,False,False,11
709,48,108,70.6,,False,False,8
710,48,109,60.2,,False,False,18
711,48,114,68.1,,False,False,16
712,48,115,36.7,,False,False,7
713,48,132,0.0,,False,True,18
714,48,169,66.5,,False,False,4
715,48,210,73.6,,False,False,9
716,48,215,56.2,,False,False,2
717,48,224,63.3,,False,False,19
718,48,265,45.0,,False,False,3
719,48,283,42.5,,False,False,16
720,48,295,68.8,,False,False,17
721,49,25,51.9,,False,False,13
722,49,59,33.0,,False,False,1
723,49,89,45.0,,False,False,1
724,49,108,47.6,,False,False,4
725,49,109,78.9,,False,False,17
726,49,114,68.2,,False,False,1
727,49,115,49.3,,False,False,5
728,49,132,54.4,,False,False,2
729,49,169,88.6,,False,False,6
730,49,210,81.8,,False,False,3
731,49,215,44.9,,False,False,12
732,49,224,85.9,,False,False,9
733,49,265,63.5,,False,False,2
734,49,283,79.4,,False,False,19
735,49,295,62.1,,False,False,19
736,50,25,86.3,,False,False,8
737,50,59,44.1,,False,False,2
738,50,89,60.4,,False,False,10
739,50,108,86.9,,False,False,5
740,50,109,21.9,,False,False,15
741,50,114,0.0,,False,True,18
742,50,115,64.2,,False,False,9
743,50,132,57.9,,False,False,7
744,50,169,77.3,,False,False,16
745,50,210,84.3,,False,False,6
746,50,215,78.1,,False,False,7
747,50,224,69.3,,False,False,18
748,50,265,65.7,,False,False,7
749,50,283,58.8,,False,False,4
750,50,295,68.8,,False,False,16
751,51,25,0.0,,False,True,15
752,51,33,91.3,,False,False,5
753,51,71,50.1,,False,False,11
754,51,106,57.8,,False,False,14
755,51,108,63.6,,False,False,12
756,51,115,83.0,,False,False,19
757,51,133,0.0,,False,True,16
758,51,136,69.0,,False,False,4
759,51,210,82.7,,False,False,19
760,51,215,83.6,,True,False,15
761,51,224,75.7,,False,False,7
762,51,252,45.8,,False,False,15
763,51,270,94.9,,False,False,7
764,51,283,90.4,,False,False,2
765,51,295,66.1,,False,False,3
766,52,25,40.1,,False,False,6
767,52,33,36.9,,False,False,9
768,52,71,69.6,,False,False,9
769,52,106,52.4,,False,False,16
770,52,108,34.1,,False,False,3
771,52,115,36.6,,True,False,9
772,52,133,56.5,,False,False,5
773,52,136,68.5,,False,False,10
774,52,210,90.3,,False,False,5
775,52,215,73.7,,False,False,13
776,52,224,0.0,,False,True,7
777,52,252,58.1,,False,False,3
778,52,270,71.8,,False,False,1
779,52,283,70.2,,False,False,15
780,52,295,78.3,,False,False,6
781,53,25,64.3,,True,False,6
782,53,33,83.7,,False,False,11
783,53,71,79.8,,False,False,16
784,53,106,66.5,,False,False,20
785,53,108,62.9,,False,False,1
786,53,115,81.6,,False,False,9
787,53,133,52.2,,False,False,12
788,53,136,37.9,,False,False,13
789,53,210,0.0,,False,True,19
790,53,215,37.8,,False,False,18
791,53,224,50.7,,False,False,6
792,53,252,76.9,,False,False,13
793,53,270,57.4,,False,False,20
794,53,283,68.7,,False,False,9
795,53,295,56.1,,False,False,17
796,54,25,56.2,,False,False,15
797,54,33,46.5,,False,False,1
798,54,71,63.3,,False,False,15
799,54,106,61.8,,False,False,8
800,54,108,72.4,,False,False,3
801,54,115,70.2,,False,False,2
802,54,133,61.5,,False,False,19
803,54,136,37.9,,False,False,2
804,54,210,84.3,,False,False,17
805,54,215,63.5,,False,False,7
806,54,224,66.4,,False,False,5
807,54,252,93.8,,False,False,8
808,54,270,81.3,,False,False,14
809,54,283,73.0,,False,False,2
810,54,295,65.0,,False,False,19
811,55,25,64.8,,False,False,9
812,55,33,69.3,,False,False,1
813,55,71,72.3,,False,False,7
814,55,106,95.8,,False,False,5
815,55,108,100.0,,False,False,11
816,55,115,0.0,,False,True,7
817,55,133,0.0,,True,True,18
818,55,136,70.2,,False,False,10
819,55,210,26.2,,False,False,15
820,55,215,47.9,,False,False,1
821,55,224,0.0,,False,True,19
822,55,252,97.6,,False,False,4
823,55,270,77.9,,True,False,19
824,55,283,72.7,,False,False,13
825,55,295,62.0,,False,False,5
826,56,25,43.6,,False,False,16
827,56,50,95.2,,False,False,19
828,56,71,50.2,,False,False,19
829,56,106,78.1,,False,False,20
830,56,108,0.0,,True,True,11
831,56,109,41.6,,False,False,3
832,56,110,61.1,,False,False,18
833,56,114,82.9,,False,False,13
834,56,132,60.5,,False,False,20
835,56,133,58.4,,False,False,17
836,56,169,65.2,,False,False,14
837,56,224,41.0,,False,False,8
838,56,295,37.6,,False,False,4
839,56,301,77.9,,False,False,3
840,56,312,57.4,,False,False,12
841,57,25,77.7,,False,False,5
842,57,50,85.1,,False,False,10
843,57,71,86.6,,True,False,9
844,57,106,35.8,,False,False,3
845,57,108,52.4,,False,False,8
846,57,109,74.7,,False,False,15
847,57,110,75.0,,False,False,20
848,57,114,100.0,,False,False,9
849,57,132,48.7,,False,False,5
850,57,133,86.0,,False,False,18
851,57,169,71.7,,False,False,1
852,57,224,35.5,,False,False,18
853,57,295,55.1,,False,False,5
854,57,301,69.7,,False,False,17
855,57,312,34.3,,False,False,10
856,58,25,27.7,,False,False,13
857,58,50,33.3,,False,False,17
858,58,71,69.7,,False,False,11
859,58,106,56.3,,False,False,12
860,58,108,53.8,,False,False,10
861,58,109,54.5,,False,False,12
862,58,110,39.4,,True,False,10
863,58,114,56.8,,False,False,18
864,58,132,32.2,,False,False,11
865,58,133,86.4,,False,False,14
866,58,169,95.5,,False,False,11
867,58,224,23.1,,True,False,13
868,58,295,56.6,,False,False,15
869,58,301,57.7,,False,False,9
870,58,312,61.9,,True,False,3
871,59,25,83.0,,False,False,5
872,59,50,56.6,,True,False,6
873,59,71,63.4,,False,False,19
874,59,106,100.0,,False,False,14
875,59,108,63.0,,False,False,1
876,59,109,96.8,,False,False,18
877,59,110,74.0,,True,False,14
878,59,114,55.0,,False,False,9
879,59,132,52.0,,False,False,10
880,59,133,64.9,,False,False,15
881,59,169,44.7,,False,False,10
882,59,224,49.5,,False,False,4
883,59,295,57.4,,False,False,1
884,59,301,70.3,,False,False,7
885,59,312,97.9,,False,False,5
886,60,15,56.3,,False,False,14
887,60,43,73.3,,False,False,18
888,60,65,35.7,,False,False,4
889,60,93,84.1,,False,False,15
890,60,119,34.0,,False,False,15
891,60,152,79.4,,False,False,14
892,60,155,63.5,,False,False,12
893,60,165,62.8,,False,False,5
894,60,185,59.6,,False,False,3
895,60,191,41.6,,False,False,15
896,60,204,42.5,,False,False,18
897,60,209,80.1,,False,False,9
898,60,217,65.2,,False,False,15
899,60,218,59.5,,False,False,19
900,60,249,73.0,,False,False,1
901,61,15,0.0,,False,True,4
902,61,43,66.8,,False,False,19
903,61,65,50.7,,False,False,5
904,61,93,100.0,,False,False,9
905,61,119,78.3,,False,False,10
906,61,152,67.3,,False,False,13
907,61,155,55.8,,False,False,5
908,61,165,82.1,,False,False,14
909,61,185,50.8,,False,False,12
910,61,191,49.3,,False,False,6
911,61,204,0.0,,False,True,9
912,61,209,95.5,,False,False,3
913,61,217,65.6,,False,False,20
914,61,218,51.3,,False,False,18
915,61,249,65.1,,False,False,8
916,62,15,0.0,,False,True,8
917,62,43,80.3,,False,False,19
918,62,65,76.2,,False,False,17
919,62,93,82.5,,False,False,17
920,62,119,42.5,,False,False,14
921,62,152,82.1,,False,False,13
922,62,155,61.8,,False,False,12
923,62,165,66.6,,False,False,2
924,62,185,86.8,,False,False,12
925,62,191,77.6,,False,False,9
926,62,204,71.3,,False,False,8
927,62,209,29.3,,False,False,13
928,62,217,64.2,,False,False,17
929,62,218,50.9,,False,False,8
930,62,249,77.8,,False,False,17
931,63,15,82.8,,False,False,7
932,63,43,59.6,,False,False,7
933,63,65,53.0,,False,False,19
934,63,93,93.0,,False,False,2
935,63,119,54.1,,False,False,2
936,63,152,43.5,,False,False,16
937,63,155,50.0,,False,False,16
938,63,165,55.0,,False,False,15
939,63,185,49.5,,False,False,2
940,63,191,80.2,,False,False,13
941,63,204,25.4,,False,False,12
942,63,209,49.1,,False,False,2
943,63,217,64.1,,False,False,19
944,63,218,68.8,,False,False,15
945,63,249,95.5,,False,False,12
946,64,65,92.8,,False,False,3
947,64,93,36.2,,False,False,8
948,64,119,30.7,,False,False,4
949,64,125,0.0,,False,True,18
950,64,152,65.4,,False,False,15
951,64,155,52.9,,True,False,5
952,64,158,43.5,,False,False,2
953,64,162,65.3,,False,False,14
954,64,165,69.2,,True,False,17
955,64,185,49.9,,False,False,5
956,64,191,53.8,,False,False,20
957,64,204,51.3,,False,False,13
958,64,209,57.6,,False,False,4
959,64,217,74.7,,False,False,8
960,64,218,0.0,,False,True,18
961,65,65,45.6,,False,False,1
962,65,93,53.5,,False,False,1
963,65,119,57.8,,False,False,12
964,65,125,64.9,,False,False,17
965,65,152,0.0,,False,True,9
966,65,155,70.0,,False,False,5
967,65,158,100.0,,False,False,6
968,65,162,75.3,,False,False,13
969,65,165,75.7,,False,False,13
970,65,185,60.2,,False,False,18
971,65,191,47.4,,False,False,13
972,65,204,55.5,,True,False,15
973,65,209,52.2,,False,False,14
974,65,217,72.1,,False,False,19
975,65,218,35.3,,False,False,12
976,66,65,75.7,,False,False,5
977,66,93,62.9,,False,False,4
978,66,119,78.2,,False,False,5
979,66,125,52.0,,True,False,1
980,66,152,48.8,,False,False,17
981,66,155,57.7,,False,False,6
982,66,158,57.2,,False,False,4
983,66,162,79.5,,False,False,19
984,66,165,79.3,,False,False,10
985,66,185,99.3,,False,False,1
986,66,191,56.1,,False,False,14
987,66,204,4.7,,False,False,1
988,66,209,57.6,,False,False,5
989,66,217,69.2,,False,False,13
990,66,218,77.9,,False,False,18
991,67,65,70.5,,False,False,13
992,67,93,56.1,,False,False,20
993,67,119,95.9,,False,False,18
994,67,125,46.4,,True,False,1
995,67,152,60.1,,False,False,9
996,67,155,45.6,,False,False,5
997,67,158,65.4,,False,False,19
998,67,162,93.6,,False,False,4
999,67,165,62.5,,False,False,11
1000,67,185,62.6,,False,False,4
1001,67,191,34.5,,False,False,15
1002,67,204,59.8,,False,False,4
1003,67,209,85.7,,False,False,19
1004,67,217,60.5,,False,False,12
1005,67,218,59.3,,False,False,2
1006,68,11,84.9,,False,False,15
1007,68,15,59.4,,False,False,1
1008,68,43,88.3,,False,False,14
1009,68,59,41.9,,False,False,12
1010,68,65,77.2,,False,False,15
1011,68,93,94.6,,False,False,3
1012,68,119,83.1,,True,False,7
1013,68,152,31.4,,False,False,4
1014,68,185,53.5,,False,False,16
1015,68,209,60.6,,False,False,8
1016,68,249,83.2,,False,False,7
1017,68,253,41.0,,False,False,8
1018,68,259,46.7,,False,False,15
1019,68,260,36.1,,False,False,10
1020,68,273,50.1,,False,False,15
1021,69,11,42.5,,False,False,6
1022,69,15,93.8,,False,False,13
1023,69,43,53.3,,False,False,5
1024,69,59,77.4,,False,False,17
1025,69,65,65.3,,False,False,15
1026,69,93,65.1,,False,False,1
1027,69,119,54.4,,False,False,7
1028,69,152,78.9,,False,False,7
1029,69,185,67.8,,False,False,18
1030,69,209,66.7,,False,False,14
1031,69,249,54.3,,False,False,5
1032,69,253,57.3,,False,False,17
1033,69,259,75.6,,False,False,14
1034,69,260,69.1,,False,False,9
1035,69,273,67.2,,False,False,13
1036,70,11,51.4,,False,False,2
1037,70,15,100.0,,False,False,8
1038,70,43,56.4,,False,False,1
1039,70,59,64.5,,False,False,20
1040,70,65,61.6,,False,False,19
1041,70,93,100.0,,False,False,11
1042,70,119,59.8,,False,False,9
1043,70,152,58.1,,False,False,11
1044,70,185,67.1,,False,False,16
1045,70,209,52.5,,False,False,16
1046,70,249,67.0,,False,False,6
1047,70,253,100.0,,False,False,1
1048,70,259,70.4,,False,False,9
1049,70,260,69.7,,False,False,7
1050,70,273,52.1,,False,False,5
1051,71,11,95.8,,False,False,2
1052,71,15,99.9,,False,False,5
1053,71,43,80.3,,False,False,3
1054,71,59,76.8,,False,False,16
1055,71,65,60.8,,False,False,16
1056,71,93,72.0,,False,False,10
1057,71,119,50.0,,False,False,12
1058,71,152,44.7,,False,False,18
1059,71,185,38.2,,False,False,2
1060,71,209,72.4,,False,False,14
1061,71,249,40.2,,True,False,19
1062,71,253,56.0,,False,False,1
1063,71,259,63.9,,False,False,19
1064,71,260,82.9,,True,False,9
1065,71,273,54.6,,False,False,16
1066,72,11,85.0,,False,False,18
1067,72,15,0.0,,False,True,15
1068,72,43,81.9,,False,False,7
1069,72,59,45.7,,False,False,7
1070,72,65,85.2,,False,False,11
1071,72,93,59.9,,False,False,10
1072,72,119,56.0,,False,False,14
1073,72,152,60.0,,False,False,9
1074,72,185,64.9,,False,False,4
1075,72,209,57.5,,False,False,19
1076,72,249,49.9,,False,False,8
1077,72,253,51.5,,True,False,8
1078,72,259,67.5,,False,False,13
1079,72,260,62.1,,False,False,2
1080,72,273,74.5,,False,False,20
1081,73,39,65.9,,False,False,4
1082,73,43,66.4,,False,False,20
1083,73,93,75.7,,False,False,6
1084,73,119,90.5,,False,False,18
1085,73,143,91.3,,False,False,19
1086,73,155,89.1,,False,False,12
1087,73,162,80.7,,False,False,19
1088,73,165,100.0,,False,False,14
1089,73,185,72.9,,False,False,11
1090,73,191,70.9,,False,False,6
1091,73,204,100.0,,False,False,7
1092,73,209,15.9,,False,False,19
1093,73,217,61.1,,False,False,1
1094,73,218,87.5,,False,False,10
1095,73,249,82.6,,False,False,16
1096,74,39,100.0,,False,False,1
1097,74,43,66.9,,False,False,4
1098,74,93,57.2,,False,False,6
1099,74,119,59.0,,False,False,3
1100,74,143,70.7,,False,False,10
1101,74,155,94.2,,False,False,2
1102,74,162,94.4,,False,False,2
1103,74,165,64.0,,False,False,6
1104,74,185,69.6,,False,False,7
1105,74,191,54.0,,False,False,8
1106,74,204,55.9,,False,False,12
1107,74,209,83.8,,False,False,12
1108,74,217,93.8,,False,False,20
1109,74,218,52.4,,False,False,11
1110,74,249,69.4,,False,False,2
1111,75,39,60.6,,False,False,17
1112,75,43,80.5,,False,False,10
1113,75,93,58.0,,False,False,7
1114,75,119,30.3,,False,False,6
1115,75,143,83.1,,False,False,6
1116,75,155,59.5,,False,False,18
1117,75,162,0.0,,False,True,18
1118,75,165,61.4,,False,False,5
1119,75,185,72.8,,False,False,9
1120,75,191,71.4,,False,False,2
1121,75,204,73.2,,False,False,20
1122,75,209,35.7,,False,False,20
1123,75,217,75.0,,False,False,2
1124,75,218,30.6,,False,False,16
1125,75,249,78.9,,False,False,15
1126,76,39,85.1,,False,False,6
1127,76,43,40.4,,True,False,6
1128,76,93,70.9,,False,False,3
1129,76,119,84.0,,False,False,11
1130,76,143,56.9,,False,False,19
1131,76,155,77.1,,False,False,3
1132,76,162,14.9,,False,False,12
1133,76,165,84.8,,False,False,14
1134,76,185,65.5,,False,False,11
1135,76,191,60.4,,False,False,13
1136,76,204,82.7,,False,False,5
1137,76,209,96.1,,False,False,14
1138,76,217,73.7,,False,False,8
1139,76,218,0.0,,False,True,6
1140,76,249,94.0,,False,False,9
1141,77,15,37.0,,False,False,2
1142,77,43,77.0,,False,False,3
1143,77,50,62.6,,False,False,11
1144,77,93,50.8,,False,False,9
1145,77,119,30.3,,False,False,4
1146,77,125,76.0,,False,False,8
1147,77,152,80.8,,False,False,15
1148,77,155,89.2,,False,False,5
1149,77,165,86.2,,False,False,5
1150,77,185,51.1,,False,False,5
1151,77,191,88.2,,False,False,18
1152,77,204,90.1,,False,False,11
1153,77,209,60.3,,False,False,4
1154,77,217,65.5,,False,False,1
1155,77,218,48.2,,False,False,16
1156,78,15,0.0,,False,True,13
1157,78,43,91.7,,False,False,7
1158,78,50,37.8,,False,False,19
1159,78,93,74.6,,False,False,12
1160,78,119,54.3,,False,False,2
1161,78,125,45.1,,False,False,18
1162,78,152,31.3,,False,False,9
1163,78,155,61.1,,False,False,17
1164,78,165,42.2,,False,False,17
1165,78,185,66.0,,False,False,18
1166,78,191,96.8,,False,False,14
1167,78,204,68.6,,False,False,13
1168,78,209,100.0,,True,False,17
1169,78,217,47.3,,False,False,19
1170,78,218,41.9,,False,False,7
1171,79,15,46.5,,False,False,11
1172,79,43,63.8,,False,False,19
1173,79,50,100.0,,False,False,6
1174,79,93,35.1,,False,False,4
1175,79,119,76.2,,False,False,13
1176,79,125,52.4,,False,False,10
1177,79,152,61.0,,False,False,7
1178,79,155,42.4,,False,False,6
1179,79,165,80.8,,False,False,6
1180,79,185,64.2,,False,False,9
1181,79,191,84.6,,False,False,6
1182,79,204,68.2,,False,False,20
1183,79,209,30.2,,False,False,6
1184,79,217,84.7,,False,False,5
1185,79,218,28.8,,True,False,11
1186,80,15,31.3,,False,False,19
1187,80,43,48.5,,False,False,3
1188,80,50,48.7,,False,False,2
1189,80,93,0.0,,False,True,3
1190,80,119,0.0,,False,True,19
1191,80,125,90.1,,False,False,7
1192,80,152,61.9,,False,False,6
1193,80,155,87.5,,False,False,3
1194,80,165,54.8,,False,False,1
1195,80,185,70.7,,False,False,1
1196,80,191,73.5,,False,False,16
1197,80,204,77.5,,False,False,9
1198,80,209,56.6,,False,False,14
1199,80,217,58.2,,False,False,14
1200,80,218,59.6,,False,False,7
1201,81,15,35.3,,False,False,12
1202,81,43,0.0,,False,True,8
1203,81,50,63.5,,False,False,14
1204,81,93,58.1,,False,False,5
1205,81,119,75.4,,False,False,7
1206,81,125,66.6,,False,False,14
1207,81,152,89.1,,False,False,20
1208,81,155,66.3,,False,False,14
1209,81,165,54.9,,False,False,4
1210,81,185,66.0,,False,False,10
1211,81,191,78.0,,False,False,15
1212,81,204,33.1,,False,False,13
1213,81,209,52.1,,False,False,14
1214,81,217,52.5,,False,False,14
1215,81,218,72.4,,False,False,9
1216,82,31,74.5,,False,False,2
1217,82,50,66.8,,False,False,3
1218,82,159,20.4,,False,False,4
1219,82,167,35.3,,False,False,3
1220,82,168,60.7,,False,False,20
1221,82,192,56.0,,False,False,6
1222,82,197,0.0,,False,True,18
1223,82,212,65.1,,False,False,9
1224,82,293,56.6,,False,False,8
1225,82,305,92.6,,False,False,11
1226,82,371,23.7,,False,False,13
1227,82,378,70.4,,False,False,1
1228,83,31,79.9,,False,False,18
1229,83,50,77.6,,False,False,5
1230,83,159,79.2,,False,False,9
1231,83,167,81.8,,False,False,17
1232,83,168,54.1,,False,False,3
1233,83,192,45.2,,False,False,1
1234,83,197,28.4,,False,False,11
1235,83,212,58.5,,False,False,9
1236,83,293,51.0,,False,False,9
1237,83,305,85.9,,False,False,20
1238,83,371,0.0,,False,True,19
1239,83,378,59.8,,False,False,3
1240,84,31,46.5,,False,False,10
1241,84,50,43.6,,False,False,14
1242,84,159,100.0,,False,False,15
1243,84,167,64.6,,False,False,9
1244,84,168,50.9,,False,False,13
1245,84,192,67.2,,False,False,15
1246,84,197,99.1,,False,False,12
1247,84,212,58.0,,False,False,14
1248,84,293,77.4,,False,False,13
1249,84,305,86.4,,False,False,3
1250,84,371,31.0,,False,False,3
1251,84,378,53.5,,False,False,20
1252,85,31,84.1,,False,False,5
1253,85,50,52.4,,False,False,6
1254,85,159,72.5,,False,False,17
1255,85,167,51.3,,False,False,15
1256,85,168,57.0,,False,False,13
1257,85,192,0.0,,False,True,12
1258,85,197,54.8,,False,False,2
1259,85,212,76.5,,False,False,8
1260,85,293,68.6,,False,False,19
1261,85,305,66.8,,False,False,13
1262,85,371,100.0,,False,False,7
1263,85,378,0.0,,False,True,4
1264,86,11,96.3,,False,False,6
1265,86,14,29.3,,False,False,16
1266,86,26,57.0,,False,False,3
1267,86,31,100.0,,False,False,15
1268,86,129,54.7,,False,False,11
1269,86,159,100.0,,False,False,20
1270,86,167,57.3,,False,False,16
1271,86,168,60.8,,False,False,7
1272,86,177,80.5,,False,False,17
1273,86,192,63.4,,False,False,17
1274,86,197,73.9,,False,False,1
1275,86,231,93.3,,False,False,11
1276,86,284,78.7,,False,False,10
1277,86,293,67.5,,False,False,4
1278,86,303,95.1,,False,False,18
1279,87,11,80.8,,False,False,3
1280,87,14,51.8,,False,False,15
1281,87,26,0.0,,False,True,6
1282,87,31,100.0,,False,False,13
1283,87,129,76.6,,False,False,1
1284,87,159,61.2,,False,False,19
1285,87,167,28.6,,False,False,17
1286,87,168,40.2,,False,False,19
1287,87,177,95.6,,False,False,16
1288,87,192,96.3,,False,False,11
1289,87,197,66.5,,False,False,8
1290,87,231,33.1,,False,False,1
1291,87,284,45.4,,False,False,10
1292,87,293,35.8,,False,False,19
1293,87,303,35.1,,False,False,19
1294,88,11,100.0,,False,False,8
1295,88,14,100.0,,False,False,8
1296,88,26,44.8,,False,False,20
1297,88,31,64.8,,False,False,12
1298,88,129,41.9,,False,False,14
1299,88,159,64.7,,False,False,20
1300,88,167,94.5,,False,False,18
1301,88,168,84.4,,True,False,9
1302,88,177,79.6,,False,False,9
1303,88,192,61.5,,False,False,9
1304,88,197,87.7,,False,False,2
1305,88,231,76.6,,False,False,3
1306,88,284,72.3,,False,False,14
1307,88,293,62.9,,False,False,1
1308,88,303,70.7,,False,False,9
1309,89,11,70.2,,False,False,11
1310,89,14,55.3,,False,False,2
1311,89,26,51.1,,False,False,9
1312,89,31,47.1,,False,False,5
1313,89,129,48.2,,False,False,3
1314,89,159,61.6,,False,False,15
1315,89,167,58.7,,False,False,2
1316,89,168,53.8,,False,False,14
1317,89,177,52.5,,False,False,2
1318,89,192,70.3,,False,False,18
1319,89,197,0.0,,False,True,3
1320,89,231,89.8,,False,False,17
1321,89,284,64.8,,False,False,18
1322,89,293,63.6,,False,False,10
1323,89,303,48.2,,False,False,11
1324,90,14,61.0,,False,False,1
1325,90,26,86.4,,False,False,19
1326,90,39,83.7,,False,False,6
1327,90,50,82.4,,False,False,9
1328,90,125,81.8,,False,False,1
1329,90,129,72.9,,False,False,4
1330,90,168,72.2,,False,False,13
1331,90,177,69.4,,False,False,16
1332,90,192,57.5,,False,False,18
1333,90,197,0.0,,False,True,1
1334,90,212,66.5,,False,False,2
1335,90,231,68.9,,False,False,14
1336,90,244,76.4,,False,False,9
1337,90,293,66.8,,False,False,20
1338,90,305,100.0,,False,False,9
1339,91,14,43.2,,False,False,16
1340,91,26,78.6,,False,False,1
1341,91,39,64.3,,False,False,5
1342,91,50,65.0,,False,False,12
1343,91,125,50.4,,False,False,19
1344,91,129,83.3,,False,False,8
1345,91,168,76.8,,False,False,6
1346,91,177,80.0,,False,False,15
1347,91,192,68.0,,False,False,2
1348,91,197,59.2,,False,False,15
1349,91,212,0.0,,False,True,10
1350,91,231,63.8,,False,False,10
1351,91,244,0.0,,False,True,14
1352,91,293,72.8,,False,False,18
1353,91,305,28.9,,False,False,9
1354,92,14,80.7,,False,False,13
1355,92,26,100.0,,False,False,17
1356,92,39,73.6,,False,False,19
1357,92,50,59.9,,False,False,17
1358,92,125,62.1,,False,False,13
1359,92,129,77.7,,False,False,5
1360,92,168,60.4,,False,False,13
1361,92,177,80.6,,False,False,20
1362,92,192,61.9,,False,False,19
1363,92,197,95.9,,False,False,10
1364,92,212,95.4,,False,False,6
1365,92,231,59.1,,False,False,9
1366,92,244,63.5,,False,False,6
1367,92,293,64.6,,False,False,20
1368,92,305,64.8,,False,False,13
1369,93,14,47.9,,False,False,19
1370,93,26,45.4,,False,False,12
1371,93,39,87.5,,False,False,20
1372,93,50,84.6,,False,False,20
1373,93,125,84.3,,False,False,8
1374,93,129,63.8,,False,False,16
1375,93,168,99.1,,False,False,17
1376,93,177,64.6,,False,False,20
1377,93,192,80.5,,False,False,14
1378,93,197,0.0,,False,True,9
1379,93,212,40.0,,False,False,9
1380,93,231,60.9,,False,False,4
1381,93,244,62.2,,False,False,7
1382,93,293,63.8,,False,False,5
1383,93,305,41.1,,False,False,1
1384,94,14,0.0,,False,True,10
1385,94,26,0.0,,False,True,15
1386,94,31,77.7,,False,False,20
1387,94,129,83.5,,False,False,10
1388,94,159,51.6,,False,False,2
1389,94,168,44.3,,False,False,19
1390,94,192,51.2,,False,False,1
1391,94,197,73.9,,False,False,16
1392,94,212,54.3,,False,False,18
1393,94,231,62.6,,False,False,20
1394,94,244,45.7,,False,False,13
1395,94,293,100.0,,False,False,5
1396,94,303,66.3,,True,False,20
1397,94,305,85.7,,False,False,2
1398,94,371,73.9,,False,False,8
1399,95,14,0.0,,False,True,14
1400,95,26,64.2,,False,False,4
1401,95,31,63.3,,False,False,20
1402,95,129,51.9,,False,False,19
1403,95,159,56.9,,False,False,18
1404,95,168,46.9,,False,False,2
1405,95,192,44.9,,False,False,13
1406,95,197,100.0,,False,False,3
1407,95,212,70.0,,False,False,1
1408,95,231,91.4,,False,False,4
1409,95,244,50.7,,False,False,11
1410,95,293,42.5,,False,False,10
1411,95,303,47.4,,True,False,8
1412,95,305,57.4,,False,False,9
1413,95,371,65.7,,False,False,8
1414,96,14,62.3,,False,False,16
1415,96,26,51.1,,False,False,13
1416,96,31,66.6,,False,False,16
1417,96,129,68.2,,False,False,3
1418,96,159,77.6,,False,False,2
1419,96,168,91.5,,False,False,19
1420,96,192,58.4,,False,False,2
1421,96,197,86.9,,False,False,20
1422,96,212,66.2,,False,False,3
1423,96,231,37.5,,False,False,7
1424,96,244,97.1,,False,False,10
1425,96,293,100.0,,False,False,10
1426,96,303,76.1,,False,False,18
1427,96,305,66.6,,False,False,16
1428,96,371,60.1,,False,False,18
1429,97,14,56.6,,False,False,8
1430,97,26,86.8,,False,False,1
1431,97,31,64.7,,False,False,11
1432,97,129,95.1,,False,False,3
1433,97,159,65.6,,False,False,18
1434,97,168,57.6,,False,False,3
1435,97,192,54.2,,False,False,6
1436,97,197,51.6,,False,False,3
1437,97,212,74.3,,False,False,9
1438,97,231,0.0,,False,True,18
1439,97,244,41.7,,False,False,12
1440,97,293,50.3,,False,False,4
1441,97,303,88.8,,False,False,9
1442,97,305,47.8,,False,False,13
1443,97,371,80.5,,False,False,4
1444,98,14,27.9,,False,False,16
1445,98,125,91.1,,True,False,10
1446,98,129,0.0,,False,True,1
1447,98,167,42.1,,False,False,10
1448,98,168,49.2,,False,False,1
1449,98,192,77.2,,False,False,18
1450,98,197,69.9,,False,False,18
1451,98,212,0.0,,False,True,13
1452,98,244,81.1,,False,False,2
1453,98,293,42.0,,False,False,18
1454,98,305,59.8,,False,False,9
1455,98,371,53.9,,False,False,1
1456,98,378,45.0,,False,False,1
1457,98,399,75.7,,False,False,20
1458,99,14,82.0,,False,False,13
1459,99,125,58.9,,False,False,20
1460,99,129,92.4,,False,False,8
1461,99,167,50.9,,False,False,7
1462,99,168,92.0,,False,False,15
1463,99,192,75.1,,False,False,17
1464,99,197,43.0,,False,False,14
1465,99,212,100.0,,False,False,20
1466,99,244,57.0,,False,False,2
1467,99,293,86.7,,False,False,4
1468,99,305,67.6,,False,False,18
1469,99,371,71.7,,False,False,10
1470,99,378,81.2,,False,False,7
1471,99,399,80.2,,False,False,13
1472,100,14,58.8,,False,False,18
1473,100,125,74.6,,False,False,2
1474,100,129,73.2,,False,False,8
1475,100,167,68.8,,False,False,20
1476,100,168,61.3,,False,False,15
1477,100,192,68.8,,False,False,6
1478,100,197,100.0,,False,False,20
1479,100,212,59.7,,False,False,16
1480,100,244,86.7,,False,False,9
1481,100,293,53.8,,False,False,2
1482,100,305,49.1,,False,False,5
1483,100,371,100.0,,False,False,3
1484,100,378,74.7,,False,False,13
1485,100,399,75.2,,False,False,19
1486,101,14,75.7,,False,False,9
1487,101,125,90.3,,False,False,13
1488,101,129,72.3,,False,False,14
1489,101,167,79.7,,False,False,19
1490,101,168,45.9,,True,False,8
1491,101,192,82.7,,False,False,13
1492,101,197,60.7,,False,False,1
1493,101,212,77.1,,False,False,18
1494,101,244,34.1,,True,False,13
1495,101,293,76.3,,False,False,2
1496,101,305,24.6,,False,False,13
1497,101,371,60.0,,False,False,12
1498,101,378,0.0,,False,True,3
1499,101,399,34.3,,False,False,1
1500,102,14,76.4,,False,False,1
1501,102,125,66.2,,False,False,19
1502,102,129,51.1,,False,False,8
1503,102,167,90.8,,False,False,5
1504,102,168,0.0,,False,True,6
1505,102,192,48.9,,False,False,15
1506,102,197,10.4,,False,False,20
1507,102,212,74.2,,False,False,19
1508,102,244,33.2,,False,False,13
1509,102,293,0.0,,False,True,18
1510,102,305,49.4,,False,False,15
1511,102,371,55.7,,False,False,16
1512,102,378,39.4,,False,False,9
1513,102,399,56.1,,False,False,19
1514,103,26,39.7,,False,False,10
1515,103,31,67.9,,False,False,10
1516,103,129,42.9,,False,False,8
1517,103,168,65.5,,False,False,1
1518,103,180,85.9,,False,False,18
1519,103,192,79.1,,False,False,12
1520,103,197,63.5,,False,False,10
1521,103,212,47.2,,False,False,13
1522,103,244,67.9,,False,False,12
1523,103,246,52.5,,False,False,16
1524,103,293,68.6,,False,False,13
1525,103,305,0.0,,False,True,14
1526,103,340,34.1,,False,False,5
1527,103,371,79.5,,False,False,15
1528,103,378,0.0,,False,True,5
1529,104,26,65.6,,False,False,13
1530,104,31,0.0,,False,True,3
1531,104,129,100.0,,False,False,3
1532,104,168,88.5,,False,False,1
1533,104,180,75.2,,False,False,3
1534,104,192,62.8,,False,False,11
1535,104,197,51.9,,False,False,15
1536,104,212,82.0,,False,False,6
1537,104,244,60.9,,False,False,8
1538,104,246,86.0,,False,False,19
1539,104,293,72.2,,False,False,9
1540,104,305,72.3,,False,False,4
1541,104,340,75.7,,False,False,15
1542,104,371,48.4,,False,False,15
1543,104,378,46.6,,False,False,3
1544,105,26,46.0,,False,False,19
1545,105,31,83.9,,False,False,10
1546,105,129,48.0,,False,False,7
1547,105,168,50.2,,False,False,4
1548,105,180,74.7,,False,False,11
1549,105,192,60.5,,False,False,18
1550,105,197,58.2,,False,False,1
1551,105,212,56.6,,False,False,6
1552,105,244,23.1,,False,False,16
1553,105,246,47.6,,False,False,3
1554,105,293,86.3,,False,False,1
1555,105,305,55.3,,False,False,6
1556,105,340,30.8,,False,False,14
1557,105,371,46.9,,False,False,5
1558,105,378,71.5,,False,False,16
1559,106,26,71.1,,False,False,7
1560,106,31,59.7,,False,False,10
1561,106,129,52.6,,False,False,18
1562,106,168,39.8,,False,False,6
1563,106,180,71.6,,False,False,15
1564,106,192,80.1,,False,False,6
1565,106,197,88.2,,False,False,8
1566,106,212,45.0,,False,False,8
1567,106,244,89.6,,False,False,5
1568,106,246,0.0,,False,True,6
1569,106,293,0.0,,False,True,1
1570,106,305,64.0,,False,False,8
1571,106,340,65.5,,False,False,9
1572,106,371,81.1,,False,False,10
1573,106,378,55.3,,False,False,19
1574,107,26,26.1,,False,False,1
1575,107,31,77.7,,False,False,11
1576,107,129,71.3,,False,False,9
1577,107,168,58.5,,False,False,13
1578,107,180,76.2,,False,False,11
1579,107,192,79.9,,False,False,20
1580,107,197,37.8,,False,False,8
1581,107,212,65.4,,True,False,13
1582,107,244,24.0,,False,False,7
1583,107,246,62.8,,False,False,14
1584,107,293,58.3,,False,False,5
1585,107,305,73.9,,False,False,15
1586,107,340,45.7,,False,False,3
1587,107,371,57.4,,False,False,2
1588,107,378,7.1,,False,False,10
1589,108,19,75.0,,True,False,15
1590,108,41,0.0,,False,True,2
1591,108,55,63.4,,False,False,11
1592,108,100,66.6,,False,False,17
1593,108,126,38.1,,False,False,10
1594,108,127,72.2,,False,False,16
1595,108,128,94.7,,False,False,2
1596,108,161,61.7,,False,False,1
1597,108,163,76.7,,False,False,16
1598,108,179,49.3,,False,False,6
1599,108,193,63.6,,False,False,12
1600,108,194,37.4,,True,False,14
1601,108,199,79.2,,True,False,2
1602,108,258,67.9,,False,False,17
1603,108,286,43.1,,False,False,13
1604,109,19,50.6,,False,False,14
1605,109,41,66.1,,False,False,15
1606,109,55,81.6,,False,False,19
1607,109,100,91.6,,False,False,7
1608,109,126,62.6,,False,False,19
1609,109,127,40.4,,False,False,18
1610,109,128,69.3,,False,False,20
1611,109,161,97.1,,False,False,17
1612,109,163,35.8,,False,False,20
1613,109,179,47.8,,False,False,1
1614,109,193,76.0,,False,False,7
1615,109,194,67.8,,False,False,14
1616,109,199,55.2,,False,False,8
1617,109,258,69.0,,False,False,13
1618,109,286,82.6,,False,False,18
1619,110,19,63.2,,False,False,18
1620,110,41,61.7,,False,False,4
1621,110,55,75.6,,False,False,11
1622,110,100,60.1,,True,False,3
1623,110,126,85.6,,False,False,6
1624,110,127,100.0,,False,False,19
1625,110,128,48.9,,False,False,10
1626,110,161,42.5,,False,False,6
1627,110,163,71.7,,False,False,17
1628,110,179,41.9,,False,False,17
1629,110,193,41.6,,False,False,5
1630,110,194,28.1,,False,False,18
1631,110,199,58.1,,False,False,18
1632,110,258,64.4,,False,False,13
1633,110,286,55.7,,False,False,3
1634,111,19,90.0,,False,False,9
1635,111,41,88.7,,False,False,10
1636,111,55,99.7,,False,False,20
1637,111,100,65.8,,False,False,9
1638,111,126,86.3,,False,False,11
1639,111,127,70.6,,False,False,20
1640,111,128,68.8,,False,False,13
1641,111,161,56.6,,False,False,8
1642,111,163,24.3,,False,False,15
1643,111,179,76.5,,False,False,4
1644,111,193,85.8,,False,False,19
1645,111,194,37.5,,False,False,13
1646,111,199,64.8,,True,False,14
1647,111,258,82.8,,False,False,15
1648,111,286,58.5,,False,False,9
1649,112,19,86.5,,False,False,17
1650,112,41,62.5,,False,False,12
1651,112,55,55.5,,False,False,6
1652,112,100,87.5,,False,False,1
1653,112,126,0.0,,False,True,15
1654,112,127,48.2,,False,False,14
1655,112,128,52.0,,False,False,10
1656,112,161,48.9,,False,False,14
1657,112,163,44.4,,False,False,4
1658,112,179,67.8,,False,False,10
1659,112,193,55.8,,False,False,19
1660,112,194,73.8,,False,False,1
1661,112,199,33.8,,False,False,7
1662,112,258,44.8,,False,False,18
1663,112,286,65.9,,True,False,8
1664,113,19,91.5,,False,False,2
1665,113,41,71.8,,False,False,8
1666,113,55,54.4,,False,False,20
1667,113,87,38.2,,False,False,5
1668,113,100,53.3,,False,False,14
1669,113,126,64.2,,False,False,11
1670,113,145,22.6,,False,False,18
1671,113,161,43.2,,False,False,9
1672,113,163,51.7,,False,False,19
1673,113,179,0.0,,False,True,3
1674,113,193,60.4,,False,False,16
1675,113,194,64.0,,False,False,19
1676,113,199,54.0,,False,False,9
1677,113,240,74.1,,False,False,9
1678,113,258,67.2,,False,False,20
1679,114,19,58.3,,True,False,11
1680,114,41,76.6,,False,False,12
1681,114,55,75.1,,False,False,16
1682,114,87,38.8,,False,False,1
1683,114,100,64.4,,False,False,8
1684,114,126,81.0,,False,False,11
1685,114,145,84.0,,False,False,18
1686,114,161,0.0,,False,True,14
1687,114,163,0.0,,False,True,9
1688,114,179,71.7,,False,False,2
1689,114,193,60.8,,False,False,12
1690,114,194,72.6,,False,False,5
1691,114,199,79.5,,False,False,1
1692,114,240,67.1,,False,False,5
1693,114,258,0.0,,False,True,15
1694,115,19,69.1,,False,False,18
1695,115,41,60.5,,False,False,12
1696,115,55,40.9,,False,False,10
1697,115,87,61.9,,False,False,9
1698,115,100,52.8,,False,False,6
1699,115,126,52.9,,False,False,5
1700,115,145,90.8,,False,False,17
1701,115,161,82.1,,False,False,9
1702,115,163,34.5,,False,False,8
1703,115,179,45.5,,False,False,14
1704,115,193,0.0,,False,True,18
1705,115,194,58.5,,False,False,9
1706,115,199,53.5,,False,False,16
1707,115,240,70.7,,False,False,4
1708,115,258,42.6,,False,False,1
1709,116,19,82.3,,False,False,19
1710,116,41,64.2,,False,False,3
1711,116,55,58.9,,False,False,17
1712,116,87,64.7,,False,False,3
1713,116,100,57.5,,False,False,10
1714,116,126,28.4,,False,False,12
1715,116,145,65.2,,False,False,14
1716,116,161,59.2,,False,False,1
1717,116,163,47.8,,False,False,8
1718,116,179,84.8,,False,False,8
1719,116,193,77.0,,False,False,20
1720,116,194,100.0,,False,False,5
1721,116,199,80.0,,False,False,19
1722,116,240,53.4,,False,False,14
1723,116,258,48.7,,False,False,18
1724,117,19,56.1,,False,False,18
1725,117,41,53.0,,False,False,15
1726,117,55,67.0,,False,False,3
1727,117,87,37.3,,False,False,16
1728,117,110,76.7,,False,False,17
1729,117,127,66.6,,False,False,18
1730,117,128,74.6,,False,False,15
1731,117,145,44.4,,False,False,3
1732,117,161,69.4,,False,False,16
1733,117,163,88.4,,False,False,10
1734,117,179,49.5,,False,False,13
1735,117,193,49.0,,False,False,7
1736,117,194,77.8,,False,False,15
1737,117,240,47.6,,False,False,5
1738,117,258,60.8,,False,False,13
1739,118,19,91.6,,False,False,13
1740,118,41,49.3,,False,False,20
1741,118,55,0.0,,False,True,3
1742,118,87,92.8,,False,False,4
1743,118,110,59.0,,False,False,18
1744,118,127,44.8,,False,False,4
1745,118,128,75.9,,False,False,1
1746,118,145,66.9,,False,False,13
1747,118,161,65.2,,False,False,20
1748,118,163,0.0,,False,True,15
1749,118,179,51.2,,False,False,5
1750,118,193,66.8,,False,False,18
1751,118,194,27.8,,False,False,9
1752,118,240,68.9,,False,False,14
1753,118,258,88.4,,False,False,15
1754,119,19,33.2,,False,False,11
1755,119,41,0.0,,False,True,15
1756,119,55,57.7,,False,False,17
1757,119,87,49.3,,False,False,7
1758,119,110,37.8,,False,False,1
1759,119,127,28.0,,False,False,4
1760,119,128,43.7,,False,False,7
1761,119,145,60.6,,False,False,2
1762,119,161,85.7,,False,False,15
1763,119,163,37.6,,False,False,5
1764,119,179,70.3,,False,False,20
1765,119,193,69.0,,False,False,8
1766,119,194,95.1,,False,False,9
1767,119,240,75.3,,False,False,17
1768,119,258,76.3,,False,False,3
1769,120,19,77.6,,False,False,16
1770,120,41,48.4,,False,False,4
1771,120,55,54.7,,False,False,11
1772,120,87,85.1,,False,False,18
1773,120,110,28.1,,False,False,13
1774,120,127,52.7,,False,False,20
1775,120,128,41.0,,False,False,15
1776,120,145,69.2,,False,False,15
1777,120,161,57.4,,False,False,5
1778,120,163,76.3,,False,False,9
1779,120,179,63.0,,False,False,9
1780,120,193,37.2,,False,False,10
1781,120,194,0.0,,False,True,8
1782,120,240,38.0,,False,False,14
1783,120,258,64.9,,False,False,3
1784,121,19,51.1,,False,False,20
1785,121,41,55.4,,False,False,16
1786,121,55,81.9,,False,False,4
1787,121,87,78.7,,False,False,12
1788,121,110,97.4,,False,False,20
1789,121,127,59.3,,False,False,15
1790,121,128,53.5,,False,False,18
1791,121,145,72.5,,False,False,2
1792,121,161,54.9,,False,False,11
1793,121,163,55.5,,False,False,10
1794,121,179,61.4,,False,False,8
1795,121,193,94.7,,False,False,13
1796,121,194,77.7,,False,False,3
1797,121,240,79.6,,False,False,9
1798,121,258,93.9,,False,False,13
1799,122,19,0.0,,False,True,7
1800,122,41,81.2,,False,False,16
1801,122,55,44.6,,False,False,4
1802,122,87,81.0,,False,False,12
1803,122,100,83.3,,False,False,16
1804,122,126,76.7,,False,False,20
1805,122,127,61.5,,False,False,1
1806,122,128,74.8,,False,False,6
1807,122,145,64.6,,False,False,13
1808,122,161,47.4,,False,False,10
1809,122,163,51.9,,False,False,10
1810,122,179,77.7,,False,False,13
1811,122,199,48.7,,False,False,19
1812,122,240,50.4,,False,False,16
1813,122,258,78.6,,False,False,5
1814,123,19,67.4,,False,False,5
1815,123,41,75.4,,False,False,8
1816,123,55,42.9,,False,False,1
1817,123,87,74.9,,False,False,12
1818,123,100,53.1,,False,False,19
1819,123,126,46.7,,False,False,6
1820,123,127,55.9,,False,False,14
1821,123,128,89.5,,False,False,20
1822,123,145,58.4,,False,False,14
1823,123,161,100.0,,False,False,5
1824,123,163,27.9,,False,False,8
1825,123,179,37.2,,False,False,2
1826,123,199,88.8,,False,False,5
1827,123,240,93.4,,False,False,8
1828,123,258,49.5,,False,False,2
1829,124,19,66.2,,False,False,15
1830,124,41,77.8,,False,False,14
1831,124,55,60.9,,False,False,1
1832,124,87,67.7,,False,False,20
1833,124,100,65.2,,False,False,10
1834,124,126,38.3,,False,False,9
1835,124,127,58.8,,False,False,7
1836,124,128,65.2,,False,False,3
1837,124,145,66.9,,False,False,12
1838,124,161,33.9,,False,False,13
1839,124,163,78.6,,False,False,13
1840,124,179,67.3,,False,False,13
1841,124,199,46.0,,False,False,12
1842,124,240,97.4,,False,False,20
1843,124,258,58.8,,False,False,6
1844,125,19,59.9,,False,False,15
1845,125,41,76.6,,False,False,3
1846,125,55,98.9,,False,False,7
1847,125,87,77.3,,False,False,18
1848,125,100,79.9,,False,False,11
1849,125,126,47.0,,False,False,7
1850,125,127,66.6,,False,False,9
1851,125,128,55.4,,False,False,9
1852,125,145,77.7,,False,False,5
1853,125,161,79.3,,False,False,8
1854,125,163,94.4,,False,False,8
1855,125,179,26.1,,False,False,12
1856,125,199,53.6,,False,False,3
1857,125,240,88.4,,False,False,19
1858,125,258,39.8,,False,False,3
1859,126,19,79.5,,False,False,19
1860,126,41,85.4,,False,False,19
1861,126,55,64.5,,False,False,5
1862,126,87,39.4,,True,False,1
1863,126,100,62.8,,False,False,15
1864,126,126,91.3,,False,False,4
1865,126,127,92.7,,False,False,17
1866,126,128,68.7,,False,False,2
1867,126,145,47.4,,False,False,16
1868,126,161,96.3,,False,False,7
1869,126,163,79.8,,False,False,3
1870,126,179,48.6,,False,False,18
1871,126,199,71.2,,False,False,1
1872,126,240,70.3,,False,False,18
1873,126,258,53.5,,False,False,13
1874,127,12,71.3,,False,False,10
1875,127,20,84.9,,False,False,2
1876,127,58,59.7,,False,False,1
1877,127,84,86.7,,False,False,19
1878,127,95,33.4,,False,False,3
1879,127,144,100.0,,False,False,7
1880,127,149,0.0,,False,True,6
1881,127,158,66.0,,False,False,17
1882,127,178,84.3,,False,False,11
1883,127,220,68.9,,True,False,11
1884,127,274,50.2,,False,False,10
1885,127,330,64.3,,False,False,5
1886,127,332,0.0,,False,True,2
1887,127,352,30.6,,False,False,11
1888,127,390,77.4,,False,False,1
1889,128,12,68.5,,False,False,14
1890,128,20,61.6,,False,False,17
1891,128,58,78.5,,False,False,5
1892,128,84,65.7,,False,False,11
1893,128,95,75.9,,False,False,5
1894,128,144,82.3,,False,False,12
1895,128,149,55.1,,False,False,4
1896,128,158,50.0,,False,False,2
1897,128,178,34.0,,False,False,7
1898,128,220,67.2,,False,False,8
1899,128,274,73.1,,False,False,6
1900,128,330,41.2,,False,False,4
1901,128,332,90.6,,False,False,20
1902,128,352,50.2,,False,False,14
1903,128,390,27.1,,False,False,7
1904,129,12,91.9,,False,False,10
1905,129,20,29.5,,False,False,15
1906,129,58,82.4,,True,False,9
1907,129,84,78.0,,False,False,7
1908,129,95,70.8,,False,False,19
1909,129,144,55.6,,False,False,15
1910,129,149,74.1,,False,False,8
1911,129,158,83.9,,False,False,12
1912,129,178,47.3,,False,False,8
1913,129,220,82.6,,False,False,3
1914,129,274,81.8,,False,False,13
1915,129,330,70.3,,False,False,11
1916,129,332,55.3,,False,False,16
1917,129,352,81.8,,False,False,6
1918,129,390,74.1,,False,False,17
1919,130,12,46.7,,False,False,14
1920,130,20,58.4,,False,False,12
1921,130,58,79.7,,False,False,19
1922,130,84,67.1,,False,False,15
1923,130,95,84.5,,False,False,13
1924,130,144,58.9,,False,False,8
1925,130,149,47.0,,False,False,14
1926,130,158,100.0,,False,False,19
1927,130,178,34.7,,False,False,8
1928,130,220,56.0,,False,False,13
1929,130,274,70.0,,False,False,10
1930,130,330,82.7,,False,False,6
1931,130,332,76.6,,False,False,14
1932,130,352,100.0,,False,False,18
1933,130,390,62.9,,False,False,7
1934,131,12,49.3,,False,False,18
1935,131,20,61.0,,False,False,8
1936,131,58,59.2,,True,False,4
1937,131,84,63.8,,False,False,10
1938,131,95,47.3,,False,False,8
1939,131,144,79.1,,False,False,18
1940,131,149,71.7,,False,False,4
1941,131,158,42.3,,False,False,17
1942,131,178,82.4,,False,False,17
1943,131,220,50.4,,False,False,3
1944,131,274,0.0,,True,True,7
1945,131,330,43.7,,False,False,16
1946,131,332,66.6,,False,False,1
1947,131,352,33.4,,False,False,20
1948,131,390,75.6,,False,False,18
1949,132,9,13.9,,True,False,5
1950,132,12,46.5,,False,False,7
1951,132,20,93.4,,False,False,10
1952,132,84,52.6,,False,False,10
1953,132,85,55.8,,False,False,6
1954,132,95,87.9,,False,False,5
1955,132,117,50.7,,False,False,6
1956,132,139,78.7,,False,False,12
1957,132,144,86.1,,False,False,7
1958,132,149,73.6,,False,False,19
1959,132,178,39.0,,False,False,10
1960,132,220,0.0,,False,True,19
1961,132,242,54.1,,False,False,3
1962,132,274,100.0,,False,False,14
1963,132,324,56.2,,False,False,10
1964,133,9,100.0,,False,False,14
1965,133,12,95.8,,False,False,14
1966,133,20,74.3,,False,False,7
1967,133,84,70.4,,False,False,2
1968,133,85,56.6,,False,False,6
1969,133,95,63.4,,False,False,1
1970,133,117,52.6,,False,False,8
1971,133,139,63.9,,False,False,19
1972,133,144,0.0,,False,True,7
1973,133,149,40.5,,False,False,9
1974,133,178,39.5,,False,False,14
1975,133,220,88.4,,False,False,7
1976,133,242,36.0,,False,False,4
1977,133,274,81.0,,False,False,18
1978,133,324,30.9,,False,False,2
1979,134,9,76.3,,False,False,16
1980,134,12,61.3,,False,False,9
1981,134,20,88.8,,False,False,13
1982,134,84,0.0,,False,True,19
1983,134,85,59.0,,False,False,1
1984,134,95,0.0,,False,True,6
1985,134,117,28.8,,False,False,17
1986,134,139,61.6,,False,False,14
1987,134,144,67.9,,False,False,18
1988,134,149,62.6,,False,False,3
1989,134,178,75.4,,False,False,8
1990,134,220,54.8,,False,False,7
1991,134,242,42.3,,False,False,11
1992,134,274,47.0,,False,False,5
1993,134,324,55.7,,False,False,7
1994,135,9,55.6,,False,False,16
1995,135,12,100.0,,False,False,16
1996,135,20,87.6,,False,False,4
1997,135,84,77.4,,False,False,2
1998,135,85,73.0,,False,False,4
1999,135,95,70.4,,False,False,16
2000,135,117,70.5,,False,False,4
2001,135,139,67.9,,False,False,1
2002,135,144,65.7,,False,False,15
2003,135,149,27.3,,True,False,17
2004,135,178,58.4,,False,False,10
2005,135,220,60.7,,False,False,18
2006,135,242,51.5,,False,False,11
2007,135,274,55.0,,False,False,3
2008,135,324,70.4,,False,False,14
2009,136,12,78.8,,False,False,16
2010,136,58,70.4,,False,False,7
2011,136,59,78.4,,False,False,3
2012,136,84,0.0,,False,True,10
2013,136,85,78.7,,False,False,13
2014,136,117,59.6,,False,False,10
2015,136,139,74.5,,False,False,4
2016,136,143,33.6,,False,False,3
2017,136,178,58.1,,False,False,11
2018,136,180,56.0,,False,False,20
2019,136,196,92.6,,False,False,6
2020,136,220,71.1,,False,False,9
2021,136,242,41.0,,False,False,11
2022,136,306,75.7,,False,False,10
2023,136,330,81.4,,True,False,12
2024,137,12,63.4,,False,False,3
2025,137,58,77.4,,False,False,18
2026,137,59,20.1,,False,False,17
2027,137,84,16.4,,False,False,14
2028,137,85,43.8,,False,False,19
2029,137,117,67.7,,False,False,2
2030,137,139,0.0,,False,True,11
2031,137,143,92.6,,False,False,13
2032,137,178,44.7,,False,False,17
2033,137,180,49.6,,False,False,6
2034,137,196,66.6,,False,False,15
2035,137,220,56.1,,False,False,12
2036,137,242,55.1,,True,False,13
2037,137,306,57.4,,False,False,2
2038,137,330,88.7,,False,False,9
2039,138,12,85.1,,False,False,13
2040,138,58,65.4,,False,False,14
2041,138,59,94.8,,False,False,17
2042,138,84,74.2,,False,False,1
2043,138,85,0.0,,False,True,14
2044,138,117,85.8,,False,False,9
2045,138,139,49.5,,False,False,4
2046,138,143,53.2,,False,False,1
2047,138,178,53.0,,False,False,17
2048,138,180,63.4,,False,False,6
2049,138,196,66.1,,False,False,5
2050,138,220,70.8,,False,False,10
2051,138,242,0.0,,False,True,11
2052,138,306,100.0,,False,False,12
2053,138,330,78.0,,False,False,10
2054,139,12,0.0,,False,True,2
2055,139,58,55.7,,False,False,15
2056,139,59,64.9,,False,False,12
2057,139,84,92.1,,False,False,4
2058,139,85,79.1,,False,False,1
2059,139,117,91.9,,False,False,11
2060,139,139,56.3,,False,False,15
2061,139,143,52.2,,False,False,17
2062,139,178,52.5,,False,False,1
2063,139,180,57.8,,False,False,4
2064,139,196,45.9,,False,False,12
2065,139,220,70.3,,False,False,2
2066,139,242,70.6,,False,False,8
2067,139,306,0.0,,False,True,1
2068,139,330,89.1,,True,False,10
2069,140,12,33.3,,False,False,11
2070,140,58,48.0,,False,False,11
2071,140,59,79.5,,False,False,17
2072,140,84,68.3,,False,False,9
2073,140,85,65.8,,False,False,15
2074,140,117,87.7,,False,False,5
2075,140,139,46.8,,False,False,17
2076,140,143,51.9,,False,False,8
2077,140,178,0.0,,False,True,12
2078,140,180,49.8,,False,False,1
2079,140,196,28.8,,False,False,18
2080,140,220,67.4,,False,False,5
2081,140,242,55.6,,False,False,20
2082,140,306,51.8,,False,False,9
2083,140,330,48.6,,False,False,13
2084,141,12,64.7,,True,False,11
2085,141,20,50.6,,False,False,16
2086,141,60,69.0,,False,False,10
2087,141,84,73.3,,True,False,9
2088,141,95,59.7,,False,False,1
2089,141,117,58.5,,False,False,14
2090,141,139,68.3,,False,False,10
2091,141,144,64.5,,False,False,20
2092,141,178,88.9,,False,False,13
2093,141,196,70.7,,False,False,11
2094,141,216,84.7,,False,False,15
2095,141,220,76.0,,False,False,2
2096,141,242,41.3,,False,False,15
2097,141,274,55.0,,False,False,14
2098,141,306,64.1,,False,False,19
2099,142,12,80.6,,False,False,12
2100,142,20,99.7,,True,False,9
2101,142,60,56.3,,False,False,20
2102,142,84,66.0,,False,False,13
2103,142,95,79.4,,False,False,16
2104,142,117,64.0,,False,False,1
2105,142,139,94.6,,False,False,8
2106,142,144,40.7,,False,False,6
2107,142,178,77.2,,False,False,2
2108,142,196,77.0,,False,False,5
2109,142,216,85.7,,False,False,11
2110,142,220,66.1,,False,False,20
2111,142,242,81.0,,False,False,11
2112,142,274,60.5,,False,False,19
2113,142,306,50.6,,False,False,16
2114,143,12,48.0,,False,False,6
2115,143,20,39.1,,False,False,2
2116,143,60,57.1,,False,False,8
2117,143,84,70.6,,False,False,11
2118,143,95,61.3,,False,False,6
2119,143,117,68.6,,False,False,11
2120,143,139,87.2,,False,False,5
2121,143,144,55.7,,False,False,9
2122,143,178,0.0,,False,True,20
2123,143,196,100.0,,False,False,20
2124,143,216,78.6,,False,False,4
2125,143,220,61.5,,False,False,20
2126,143,242,61.0,,False,False,10
2127,143,274,46.9,,False,False,6
2128,143,306,64.5,,False,False,8
2129,144,12,26.1,,False,False,13
2130,144,20,87.6,,False,False,1
2131,144,60,14.3,,False,False,12
2132,144,84,65.8,,False,False,4
2133,144,95,44.4,,False,False,17
2134,144,117,0.0,,False,True,12
2135,144,139,0.0,,False,True,14
2136,144,144,52.4,,False,False,4
2137,144,178,54.7,,False,False,7
2138,144,196,99.7,,False,False,20
2139,144,216,45.1,,False,False,1
2140,144,220,81.5,,True,False,19
2141,144,242,85.9,,False,False,13
2142,144,274,22.9,,False,False,13
2143,144,306,53.9,,False,False,16
2144,145,12,91.7,,False,False,12
2145,145,58,41.3,,False,False,15
2146,145,60,86.6,,False,False,5
2147,145,85,64.7,,False,False,12
2148,145,95,63.9,,False,False,5
2149,145,139,66.3,,False,False,13
2150,145,149,71.2,,False,False,18
2151,145,150,47.8,,False,False,13
2152,145,178,60.3,,False,False,8
2153,145,220,71.7,,False,False,4
2154,145,242,68.2,,False,False,12
2155,145,324,71.3,,False,False,4
2156,145,330,52.1,,False,False,16
2157,145,332,76.4,,False,False,14
2158,145,352,67.3,,False,False,16
2159,146,12,36.5,,False,False,3
2160,146,58,55.4,,False,False,6
2161,146,60,48.9,,False,False,11
2162,146,85,48.6,,False,False,3
2163,146,95,56.4,,False,False,5
2164,146,139,76.0,,False,False,4
2165,146,149,53.7,,False,False,15
2166,146,150,0.0,,False,True,16
2167,146,178,69.1,,False,False,8
2168,146,220,66.1,,False,False,16
2169,146,242,51.0,,False,False,5
2170,146,324,58.8,,False,False,17
2171,146,330,80.6,,False,False,12
2172,146,332,67.7,,False,False,3
2173,146,352,74.9,,False,False,20
2174,147,12,87.9,,True,False,1
2175,147,58,72.8,,False,False,11
2176,147,60,30.4,,False,False,18
2177,147,85,69.9,,False,False,8
2178,147,95,53.9,,False,False,5
2179,147,139,97.6,,False,False,17
2180,147,149,72.2,,False,False,7
2181,147,150,54.2,,False,False,18
2182,147,178,75.2,,False,False,18
2183,147,220,66.6,,False,False,14
2184,147,242,34.1,,False,False,11
2185,147,324,80.5,,False,False,5
2186,147,330,0.0,,False,True,9
2187,147,332,57.7,,False,False,13
2188,147,352,90.6,,False,False,14
2189,148,12,62.8,,False,False,15
2190,148,58,90.9,,False,False,12
2191,148,60,72.6,,False,False,6
2192,148,85,82.5,,False,False,12
2193,148,95,56.1,,False,False,8
2194,148,139,71.4,,False,False,13
2195,148,149,33.9,,False,False,20
2196,148,150,62.7,,False,False,17
2197,148,178,38.3,,False,False,14
2198,148,220,44.4,,False,False,19
2199,148,242,49.0,,False,False,4
2200,148,324,0.0,,False,True,5
2201,148,330,76.9,,False,False,19
2202,148,332,62.3,,False,False,11
2203,148,352,65.6,,False,False,4
2204,149,12,61.9,,False,False,14
2205,149,58,84.5,,False,False,14
2206,149,60,65.1,,False,False,8
2207,149,85,69.5,,False,False,20
2208,149,95,54.7,,False,False,9
2209,149,139,85.7,,False,False,5
2210,149,149,87.0,,False,False,10
2211,149,150,64.3,,False,False,12
2212,149,178,54.5,,False,False,7
2213,149,220,35.9,,False,False,18
2214,149,242,49.4,,False,False,1
2215,149,324,26.0,,False,False,16
2216,149,330,48.6,,False,False,5
2217,149,332,71.4,,False,False,10
2218,149,352,64.1,,False,False,1
2219,150,11,100.0,,False,False,17
2220,150,12,58.3,,False,False,18
2221,150,20,56.9,,False,False,5
2222,150,39,84.1,,False,False,5
2223,150,60,30.3,,False,False,9
2224,150,84,38.3,,False,False,13
2225,150,95,76.9,,False,False,15
2226,150,139,0.0,,False,True,8
2227,150,144,61.5,,False,False,17
2228,150,149,61.9,,True,False,3
2229,150,220,48.1,,False,False,5
2230,150,242,0.0,,False,True,2
2231,150,274,69.3,,False,False,17
2232,150,306,50.5,,False,False,5
2233,150,324,66.3,,False,False,18
2234,151,11,44.1,,False,False,7
2235,151,12,61.7,,False,False,19
2236,151,20,100.0,,False,False,17
2237,151,39,57.4,,False,False,18
2238,151,60,62.6,,False,False,3
2239,151,84,61.4,,False,False,11
2240,151,95,68.1,,False,False,10
2241,151,139,73.4,,False,False,20
2242,151,144,69.6,,False,False,12
2243,151,149,70.0,,False,False,2
2244,151,220,61.7,,False,False,9
2245,151,242,66.8,,False,False,3
2246,151,274,61.1,,False,False,12
2247,151,306,0.0,,False,True,1
2248,151,324,32.4,,False,False,10
2249,152,11,100.0,,False,False,17
2250,152,12,78.1,,False,False,2
2251,152,20,47.4,,False,False,17
2252,152,39,69.1,,False,False,2
2253,152,60,40.8,,False,False,2
2254,152,84,56.1,,False,False,3
2255,152,95,38.3,,False,False,17
2256,152,139,64.1,,False,False,11
2257,152,144,36.5,,False,False,4
2258,152,149,72.0,,False,False,16
2259,152,220,77.3,,False,False,17
2260,152,242,0.0,,False,True,1
2261,152,274,50.1,,False,False,11
2262,152,306,67.9,,False,False,16
2263,152,324,49.2,,False,False,9
2264,153,11,0.0,,False,True,20
2265,153,12,0.0,,False,True,4
2266,153,20,74.2,,False,False,18
2267,153,39,52.6,,False,False,4
2268,153,60,79.2,,False,False,17
2269,153,84,32.4,,False,False,17
2270,153,95,46.9,,False,False,19
2271,153,139,45.0,,False,False,13
2272,153,144,68.7,,False,False,17
2273,153,149,75.0,,False,False,14
2274,153,220,70.1,,False,False,11
2275,153,242,55.8,,False,False,18
2276,153,274,14.7,,False,False,12
2277,153,306,65.7,,False,False,12
2278,153,324,79.2,,False,False,5
2279,154,23,100.0,,False,False,8
2280,154,29,57.4,,False,False,19
2281,154,36,53.0,,False,False,10
2282,154,45,70.8,,False,False,5
2283,154,48,60.4,,False,False,16
2284,154,54,88.0,,False,False,11
2285,154,82,50.5,,False,False,14
2286,154,138,60.5,,False,False,7
2287,154,146,0.0,,False,True,7
2288,154,154,0.0,,False,True,11
2289,154,170,80.8,,False,False,15
2290,154,175,70.6,,False,False,14
2291,154,176,85.9,,False,False,8
2292,154,181,57.1,,False,False,12
2293,154,188,87.7,,False,False,6
2294,155,23,35.1,,False,False,12
2295,155,29,35.8,,False,False,8
2296,155,36,0.0,,False,True,7
2297,155,45,88.0,,True,False,19
2298,155,48,65.1,,False,False,1
2299,155,54,81.6,,False,False,8
2300,155,82,66.8,,False,False,6
2301,155,138,64.9,,False,False,16
2302,155,146,41.1,,False,False,4
2303,155,154,64.5,,False,False,10
2304,155,170,89.5,,False,False,16
2305,155,175,66.0,,False,False,7
2306,155,176,0.0,,False,True,1
2307,155,181,77.3,,False,False,3
2308,155,188,0.0,,False,True,9
2309,156,23,76.8,,False,False,10
2310,156,29,46.8,,False,False,2
2311,156,36,80.4,,False,False,15
2312,156,45,59.4,,False,False,20
2313,156,48,60.3,,False,False,14
2314,156,54,100.0,,False,False,19
2315,156,82,75.8,,False,False,12
2316,156,138,53.5,,False,False,13
2317,156,146,66.2,,False,False,10
2318,156,154,0.0,,False,True,13
2319,156,170,65.7,,False,False,10
2320,156,175,95.3,,True,False,20
2321,156,176,65.7,,False,False,10
2322,156,181,100.0,,False,False,13
2323,156,188,41.7,,False,False,15
2324,157,23,64.4,,False,False,6
2325,157,29,51.3,,False,False,3
2326,157,36,56.1,,False,False,20
2327,157,45,56.5,,False,False,12
2328,157,48,52.2,,False,False,8
2329,157,54,96.1,,False,False,11
2330,157,82,90.6,,False,False,4
2331,157,138,72.2,,False,False,2
2332,157,146,56.5,,False,False,3
2333,157,154,52.7,,False,False,5
2334,157,170,78.4,,False,False,2
2335,157,175,70.4,,False,False,19
2336,157,176,62.4,,False,False,15
2337,157,181,74.7,,False,False,18
2338,157,188,81.0,,False,False,11
2339,158,37,62.2,,False,False,7
2340,158,40,50.8,,False,False,20
2341,158,48,41.2,,False,False,13
2342,158,54,69.5,,False,False,9
2343,158,59,100.0,,False,False,17
2344,158,82,45.0,,False,False,13
2345,158,138,84.8,,False,False,8
2346,158,158,52.8,,True,False,7
2347,158,170,56.5,,False,False,16
2348,158,175,81.5,,False,False,14
2349,158,181,60.4,,False,False,17
2350,158,188,69.5,,False,False,11
2351,158,200,69.1,,False,False,6
2352,158,228,52.9,,False,False,5
2353,158,269,81.1,,False,False,2
2354,159,37,63.9,,False,False,5
2355,159,40,0.0,,False,True,2
2356,159,48,40.0,,False,False,13
2357,159,54,48.9,,False,False,19
2358,159,59,0.0,,False,True,9
2359,159,82,8.9,,False,False,4
2360,159,138,65.9,,False,False,2
2361,159,158,88.5,,False,False,7
2362,159,170,46.2,,False,False,14
2363,159,175,75.5,,False,False,13
2364,159,181,72.8,,False,False,7
2365,159,188,51.5,,False,False,2
2366,159,200,92.7,,False,False,2
2367,159,228,60.1,,False,False,8
2368,159,269,100.0,,False,False,4
2369,160,37,35.6,,False,False,10
2370,160,40,60.2,,False,False,2
2371,160,48,62.3,,False,False,8
2372,160,54,64.3,,False,False,3
2373,160,59,77.9,,False,False,20
2374,160,82,100.0,,False,False,2
2375,160,138,73.2,,False,False,9
2376,160,158,65.4,,False,False,14
2377,160,170,45.3,,False,False,14
2378,160,175,31.0,,False,False,1
2379,160,181,86.1,,False,False,5
2380,160,188,55.2,,False,False,14
2381,160,200,100.0,,False,False,19
2382,160,228,80.6,,False,False,9
2383,160,269,71.1,,False,False,12
2384,161,37,72.1,,False,False,3
2385,161,40,0.0,,False,True,18
2386,161,48,72.3,,False,False,8
2387,161,54,0.0,,False,True,16
2388,161,59,52.5,,False,False,20
2389,161,82,33.5,,False,False,4
2390,161,138,55.1,,False,False,10
2391,161,158,64.7,,False,False,8
2392,161,170,53.3,,False,False,12
2393,161,175,41.9,,False,False,4
2394,161,181,51.5,,False,False,16
2395,161,188,83.6,,False,False,16
2396,161,200,78.5,,False,False,5
2397,161,228,68.1,,False,False,7
2398,161,269,75.6,,False,False,18
2399,162,36,44.6,,False,False,12
2400,162,37,0.0,,False,True,13
2401,162,45,50.7,,False,False,6
2402,162,54,70.6,,False,False,19
2403,162,82,46.9,,False,False,14
2404,162,138,67.0,,False,False,17
2405,162,146,0.0,,False,True,7
2406,162,170,42.3,,False,False,13
2407,162,175,35.3,,False,False,6
2408,162,176,78.2,,False,False,18
2409,162,181,83.5,,True,False,10
2410,162,269,53.6,,False,False,11
2411,162,365,37.6,,False,False,11
2412,162,368,25.2,,False,False,15
2413,162,369,98.2,,False,False,20
2414,163,36,67.0,,False,False,1
2415,163,37,54.1,,False,False,18
2416,163,45,58.4,,False,False,1
2417,163,54,30.6,,False,False,10
2418,163,82,76.2,,False,False,13
2419,163,138,100.0,,False,False,7
2420,163,146,50.9,,False,False,5
2421,163,170,100.0,,False,False,12
2422,163,175,62.9,,False,False,3
2423,163,176,95.0,,False,False,4
2424,163,181,70.5,,False,False,14
2425,163,269,0.0,,False,True,12
2426,163,365,70.5,,True,False,20
2427,163,368,98.2,,False,False,6
2428,163,369,79.1,,False,False,16
2429,164,36,71.7,,False,False,2
2430,164,37,30.1,,False,False,5
2431,164,45,37.9,,True,False,4
2432,164,54,73.3,,False,False,1
2433,164,82,91.4,,False,False,2
2434,164,138,67.3,,False,False,1
2435,164,146,54.4,,False,False,12
2436,164,170,31.9,,False,False,8
2437,164,175,50.9,,False,False,7
2438,164,176,67.4,,False,False,1
2439,164,181,49.6,,False,False,1
2440,164,269,47.6,,False,False,7
2441,164,365,0.0,,False,True,9
2442,164,368,64.1,,False,False,14
2443,164,369,91.1,,False,False,19
2444,165,36,77.3,,False,False,10
2445,165,37,70.1,,False,False,11
2446,165,45,68.4,,False,False,3
2447,165,54,74.9,,False,False,10
2448,165,82,63.0,,False,False,20
2449,165,138,57.6,,False,False,16
2450,165,146,78.3,,False,False,18
2451,165,170,60.9,,False,False,12
2452,165,175,43.6,,False,False,12
2453,165,176,91.0,,False,False,3
2454,165,181,31.3,,False,False,18
2455,165,269,92.3,,False,False,14
2456,165,365,74.1,,False,False,7
2457,165,368,47.6,,False,False,17
2458,165,369,65.4,,False,False,8
2459,166,36,57.3,,False,False,18
2460,166,37,79.5,,False,False,14
2461,166,45,79.2,,False,False,13
2462,166,54,73.3,,False,False,8
2463,166,82,78.4,,False,False,15
2464,166,138,62.9,,False,False,1
2465,166,146,96.7,,False,False,10
2466,166,170,87.0,,False,False,14
2467,166,175,56.4,,False,False,7
2468,166,176,79.6,,False,False,10
2469,166,181,78.0,,False,False,14
2470,166,269,60.3,,False,False,18
2471,166,365,0.0,,True,True,10
2472,166,368,58.9,,False,False,2
2473,166,369,86.9,,False,False,13
2474,167,23,64.7,,False,False,1
2475,167,29,69.7,,False,False,6
2476,167,36,90.2,,False,False,7
2477,167,37,100.0,,False,False,15
2478,167,40,55.5,,False,False,5
2479,167,45,61.0,,False,False,9
2480,167,82,66.3,,False,False,1
2481,167,138,66.7,,False,False,3
2482,167,146,71.8,,False,False,12
2483,167,154,56.2,,False,False,5
2484,167,170,42.2,,False,False,10
2485,167,176,96.6,,True,False,6
2486,167,181,76.0,,False,False,7
2487,167,267,57.5,,False,False,5
2488,167,269,72.9,,False,False,8
2489,168,23,98.0,,False,False,20
2490,168,29,50.8,,False,False,7
2491,168,36,68.8,,False,False,4
2492,168,37,40.0,,False,False,12
2493,168,40,62.9,,False,False,6
2494,168,45,76.1,,False,False,15
2495,168,82,44.9,,False,False,14
2496,168,138,61.6,,False,False,6
2497,168,146,79.4,,False,False,2
2498,168,154,75.6,,False,False,17
2499,168,170,44.2,,False,False,12
2500,168,176,71.7,,False,False,3
2501,168,181,75.1,,False,False,2
2502,168,267,66.9,,False,False,3
2503,168,269,84.6,,False,False,3
2504,169,23,54.4,,False,False,10
2505,169,29,72.4,,False,False,8
2506,169,36,44.0,,False,False,14
2507,169,37,36.2,,False,False,4
2508,169,40,79.1,,False,False,15
2509,169,45,65.4,,False,False,5
2510,169,82,56.7,,False,False,16
2511,169,138,45.8,,False,False,6
2512,169,146,79.9,,False,False,4
2513,169,154,37.9,,False,False,17
2514,169,170,82.9,,False,False,15
2515,169,176,73.1,,True,False,20
2516,169,181,38.8,,False,False,8
2517,169,267,67.3,,False,False,8
2518,169,269,0.0,,False,True,20
2519,170,23,100.0,,False,False,14
2520,170,29,86.4,,False,False,10
2521,170,36,50.1,,False,False,20
2522,170,37,77.9,,False,False,5
2523,170,40,39.5,,False,False,14
2524,170,45,40.3,,False,False,4
2525,170,82,63.8,,False,False,7
2526,170,138,74.9,,False,False,17
2527,170,146,79.6,,False,False,2
2528,170,154,79.9,,False,False,3
2529,170,170,73.9,,False,False,2
2530,170,176,35.9,,False,False,8
2531,170,181,63.9,,False,False,5
2532,170,267,82.4,,False,False,8
2533,170,269,73.0,,False,False,16
2534,171,23,68.3,,False,False,13
2535,171,29,70.9,,False,False,3
2536,171,36,70.6,,False,False,19
2537,171,39,0.0,,False,True,9
2538,171,48,29.6,,False,False,7
2539,171,54,85.8,,False,False,20
2540,171,82,63.0,,False,False,3
2541,171,138,77.7,,False,False,6
2542,171,146,23.5,,False,False,16
2543,171,154,94.9,,False,False,11
2544,171,170,0.0,,False,True,19
2545,171,175,44.2,,False,False,15
2546,171,176,100.0,,False,False,11
2547,171,177,100.0,,False,False,7
2548,171,188,41.2,,False,False,14
2549,172,23,79.7,,False,False,2
2550,172,29,46.7,,False,False,20
2551,172,36,53.5,,False,False,18
2552,172,39,53.9,,False,False,3
2553,172,48,73.1,,False,False,15
2554,172,54,70.8,,False,False,1
2555,172,82,43.4,,False,False,15
2556,172,138,72.9,,False,False,10
2557,172,146,61.3,,False,False,20
2558,172,154,32.2,,False,False,7
2559,172,170,57.2,,False,False,2
2560,172,175,0.0,,False,True,1
2561,172,176,94.9,,False,False,17
2562,172,177,57.8,,False,False,20
2563,172,188,0.0,,False,True,10
2564,173,23,32.0,,False,False,6
2565,173,29,79.7,,False,False,15
2566,173,36,48.3,,False,False,2
2567,173,39,68.9,,False,False,7
2568,173,48,61.9,,False,False,15
2569,173,54,96.7,,False,False,3
2570,173,82,61.9,,False,False,8
2571,173,138,44.4,,False,False,4
2572,173,146,0.0,,False,True,18
2573,173,154,56.6,,False,False,3
2574,173,170,0.0,,False,True,4
2575,173,175,42.9,,False,False,2
2576,173,176,61.2,,False,False,5
2577,173,177,0.0,,False,True,18
2578,173,188,96.9,,False,False,6
2579,174,23,0.0,,False,True,7
2580,174,29,87.5,,False,False,13
2581,174,36,100.0,,False,False,14
2582,174,39,73.6,,False,False,8
2583,174,48,67.6,,False,False,3
2584,174,54,47.0,,False,False,8
2585,174,82,69.9,,False,False,15
2586,174,138,62.7,,False,False,10
2587,174,146,79.0,,False,False,6
2588,174,154,0.0,,True,True,5
2589,174,170,44.8,,False,False,4
2590,174,175,65.9,,False,False,1
2591,174,176,36.7,,False,False,9
2592,174,177,71.1,,False,False,1
2593,174,188,77.2,,False,False,20
2594,175,23,35.8,,False,False,15
2595,175,29,0.0,,False,True,4
2596,175,36,40.9,,False,False,3
2597,175,39,41.7,,False,False,10
2598,175,48,61.8,,False,False,14
2599,175,54,39.8,,False,False,13
2600,175,82,89.8,,False,False,4
2601,175,138,72.9,,False,False,16
2602,175,146,75.8,,False,False,4
2603,175,154,36.4,,False,False,17
2604,175,170,88.3,,False,False,14
2605,175,175,76.7,,False,False,4
2606,175,176,52.7,,False,False,13
2607,175,177,37.2,,False,False,8
2608,175,188,63.6,,False,False,16
2609,176,8,56.6,,False,False,18
2610,176,29,57.4,,False,False,10
2611,176,40,52.3,,False,False,5
2612,176,48,78.0,,False,False,10
2613,176,54,18.2,,False,False,10
2614,176,82,90.7,,False,False,13
2615,176,138,83.0,,False,False,7
2616,176,146,0.0,,False,True,4
2617,176,154,68.8,,False,False,4
2618,176,175,62.4,,False,False,4
2619,176,181,84.5,,False,False,8
2620,176,188,64.2,,False,False,18
2621,176,200,60.0,,False,False,14
2622,176,267,85.5,,True,False,9
2623,176,269,100.0,,False,False,19
2624,177,8,47.5,,False,False,16
2625,177,29,72.6,,False,False,18
2626,177,40,45.4,,False,False,1
2627,177,48,0.0,,False,True,16
2628,177,54,74.0,,False,False,8
2629,177,82,51.0,,False,False,3
2630,177,138,86.8,,False,False,6
2631,177,146,63.2,,False,False,20
2632,177,154,65.8,,False,False,16
2633,177,175,94.4,,False,False,20
2634,177,181,51.8,,False,False,9
2635,177,188,0.0,,False,True,5
2636,177,200,77.3,,False,False,15
2637,177,267,53.6,,False,False,9
2638,177,269,86.5,,False,False,1
2639,178,8,97.2,,False,False,19
2640,178,29,60.3,,False,False,2
2641,178,40,25.5,,False,False,15
2642,178,48,52.6,,False,False,17
2643,178,54,100.0,,False,False,16
2644,178,82,54.3,,False,False,15
2645,178,138,96.9,,False,False,6
2646,178,146,54.1,,False,False,16
2647,178,154,53.6,,False,False,14
2648,178,175,79.0,,False,False,12
2649,178,181,76.9,,False,False,20
2650,178,188,80.3,,False,False,1
2651,178,200,65.1,,False,False,11
2652,178,267,83.6,,False,False,14
2653,178,269,82.3,,False,False,20
2654,179,8,85.7,,False,False,12
2655,179,29,53.8,,False,False,14
2656,179,40,83.6,,False,False,20
2657,179,48,55.6,,False,False,18
2658,179,54,62.2,,False,False,7
2659,179,82,61.8,,False,False,19
2660,179,138,47.0,,False,False,2
2661,179,146,33.8,,False,False,6
2662,179,154,87.0,,False,False,7
2663,179,175,52.4,,True,False,3
2664,179,181,60.1,,False,False,7
2665,179,188,51.8,,False,False,4
2666,179,200,60.4,,False,False,7
2667,179,267,55.9,,False,False,8
2668,179,269,88.0,,False,False,17
2669,180,8,54.4,,False,False,2
2670,180,29,95.9,,False,False,2
2671,180,40,85.5,,False,False,20
2672,180,48,56.5,,False,False,17
2673,180,54,70.8,,False,False,11
2674,180,82,74.3,,False,False,8
2675,180,138,80.1,,False,False,18
2676,180,146,81.9,,False,False,16
2677,180,154,68.4,,False,False,7
2678,180,175,47.8,,False,False,11
2679,180,181,76.5,,False,False,4
2680,180,188,60.7,,False,False,20
2681,180,200,14.8,,False,False,18
2682,180,267,72.0,,False,False,9
2683,180,269,51.8,,False,False,6
2684,181,98,56.7,,False,False,6
2685,181,101,65.1,,False,False,2
2686,181,105,37.0,,False,False,8
2687,181,111,67.5,,False,False,9
2688,181,118,59.3,,False,False,18
2689,181,134,49.2,,False,False,11
2690,181,147,65.8,,False,False,20
2691,181,151,34.6,,False,False,16
2692,181,162,66.4,,False,False,11
2693,181,164,73.5,,False,False,19
2694,181,172,70.5,,False,False,12
2695,181,174,79.2,,False,False,15
2696,181,208,86.0,,False,False,2
2697,181,232,63.5,,False,False,20
2698,181,247,84.7,,False,False,15
2699,182,98,63.5,,False,False,7
2700,182,101,52.4,,False,False,3
2701,182,105,57.9,,False,False,3
2702,182,111,69.8,,False,False,20
2703,182,118,84.5,,False,False,15
2704,182,134,0.0,,False,True,4
2705,182,147,65.0,,False,False,10
2706,182,151,52.9,,False,False,6
2707,182,162,91.0,,False,False,6
2708,182,164,39.2,,False,False,4
2709,182,172,53.0,,False,False,8
2710,182,174,81.1,,False,False,8
2711,182,208,96.8,,False,False,11
2712,182,232,73.7,,True,False,18
2713,182,247,69.5,,False,False,10
2714,183,98,59.8,,False,False,18
2715,183,101,74.9,,False,False,1
2716,183,105,67.3,,False,False,12
2717,183,111,0.0,,False,True,15
2718,183,118,51.4,,False,False,3
2719,183,134,59.4,,False,False,14
2720,183,147,49.4,,False,False,14
2721,183,151,65.2,,True,False,19
2722,183,162,67.9,,False,False,12
2723,183,164,94.4,,False,False,3
2724,183,172,54.2,,False,False,11
2725,183,174,61.7,,False,False,10
2726,183,208,87.7,,False,False,20
2727,183,232,97.5,,False,False,6
2728,183,247,73.5,,False,False,3
2729,184,98,0.0,,False,True,13
2730,184,101,60.4,,False,False,19
2731,184,105,56.5,,False,False,6
2732,184,111,31.8,,False,False,13
2733,184,118,48.3,,False,False,14
2734,184,134,66.8,,False,False,19
2735,184,147,61.7,,False,False,13
2736,184,151,76.2,,False,False,3
2737,184,162,61.5,,False,False,7
2738,184,164,51.9,,True,False,20
2739,184,172,71.1,,False,False,10
2740,184,174,100.0,,False,False,5
2741,184,208,59.3,,False,False,6
2742,184,232,67.5,,False,False,14
2743,184,247,80.2,,False,False,17
2744,185,98,54.7,,False,False,8
2745,185,101,87.9,,False,False,4
2746,185,105,36.6,,False,False,13
2747,185,111,57.7,,False,False,2
2748,185,118,59.4,,False,False,12
2749,185,134,67.7,,False,False,8
2750,185,147,29.5,,False,False,20
2751,185,151,89.3,,False,False,11
2752,185,162,0.0,,False,True,11
2753,185,164,72.5,,True,False,12
2754,185,172,85.2,,False,False,18
2755,185,174,94.0,,False,False,20
2756,185,208,51.7,,False,False,16
2757,185,232,20.1,,False,False,8
2758,185,247,85.6,,False,False,20
2759,186,9,59.8,,False,False,11
2760,186,30,44.6,,False,False,16
2761,186,74,75.4,,False,False,15
2762,186,98,100.0,,False,False,7
2763,186,101,0.0,,False,True,19
2764,186,105,63.0,,False,False,17
2765,186,118,82.1,,False,False,9
2766,186,134,47.2,,False,False,20
2767,186,141,34.6,,False,False,17
2768,186,147,81.5,,False,False,19
2769,186,151,74.8,,False,False,15
2770,186,164,0.0,,False,True,15
2771,186,172,56.6,,False,False,1
2772,186,174,95.7,,False,False,14
2773,186,208,33.2,,False,False,9
2774,187,9,42.9,,False,False,3
2775,187,30,0.0,,False,True,17
2776,187,74,55.2,,False,False,15
2777,187,98,58.6,,False,False,12
2778,187,101,91.4,,False,False,1
2779,187,105,65.9,,False,False,17
2780,187,118,61.5,,True,False,4
2781,187,134,42.1,,False,False,9
2782,187,141,84.6,,False,False,6
2783,187,147,44.5,,False,False,12
2784,187,151,42.1,,False,False,14
2785,187,164,57.8,,False,False,9
2786,187,172,67.9,,False,False,11
2787,187,174,52.0,,False,False,19
2788,187,208,77.7,,False,False,11
2789,188,9,59.9,,False,False,9
2790,188,30,83.9,,False,False,14
2791,188,74,74.1,,False,False,18
2792,188,98,97.2,,False,False,15
2793,188,101,57.0,,False,False,5
2794,188,105,80.2,,False,False,8
2795,188,118,32.8,,False,False,16
2796,188,134,100.0,,False,False,13
2797,188,141,79.3,,False,False,3
2798,188,147,59.7,,False,False,8
2799,188,151,60.3,,False,False,8
2800,188,164,60.6,,False,False,18
2801,188,172,98.1,,False,False,7
2802,188,174,81.2,,False,False,1
2803,188,208,57.0,,False,False,3
2804,189,9,42.7,,False,False,18
2805,189,30,86.5,,False,False,3
2806,189,74,80.1,,False,False,7
2807,189,98,0.0,,False,True,17
2808,189,101,77.7,,False,False,16
2809,189,105,63.5,,False,False,16
2810,189,118,0.0,,False,True,11
2811,189,134,59.6,,False,False,7
2812,189,141,95.3,,False,False,10
2813,189,147,97.0,,False,False,20
2814,189,151,76.5,,False,False,20
2815,189,164,82.5,,False,False,8
2816,189,172,69.2,,False,False,5
2817,189,174,40.3,,False,False,14
2818,189,208,47.4,,False,False,2
2819,190,9,85.6,,False,False,4
2820,190,30,87.9,,False,False,12
2821,190,74,84.0,,False,False,6
2822,190,98,71.2,,False,False,13
2823,190,101,84.6,,False,False,18
2824,190,105,64.0,,False,False,20
2825,190,118,76.2,,False,False,20
2826,190,134,61.3,,False,False,16
2827,190,141,46.0,,False,False,20
2828,190,147,80.6,,False,False,8
2829,190,151,88.0,,False,False,11
2830,190,164,100.0,,False,False,7
2831,190,172,69.8,,False,False,9
2832,190,174,46.1,,False,False,8
2833,190,208,59.1,,False,False,18
2834,191,30,62.6,,True,False,5
2835,191,74,0.0,,False,True,14
2836,191,98,67.7,,False,False,20
2837,191,101,73.5,,False,False,3
2838,191,105,71.5,,False,False,7
2839,191,111,79.0,,False,False,20
2840,191,118,68.6,,False,False,2
2841,191,141,24.9,,False,False,2
2842,191,174,69.1,,False,False,12
2843,191,208,66.6,,False,False,10
2844,191,222,74.9,,False,False,17
2845,191,232,58.5,,False,False,14
2846,191,247,69.0,,False,False,6
2847,191,261,75.0,,False,False,5
2848,191,276,62.1,,False,False,2
2849,192,30,77.2,,False,False,1
2850,192,74,66.3,,False,False,15
2851,192,98,0.0,,False,True,3
2852,192,101,67.8,,False,False,10
2853,192,105,12.4,,False,False,12
2854,192,111,44.4,,False,False,20
2855,192,118,44.5,,False,False,19
2856,192,141,68.9,,False,False,11
2857,192,174,87.9,,False,False,4
2858,192,208,62.9,,False,False,7
2859,192,222,80.3,,False,False,9
2860,192,232,76.7,,False,False,10
2861,192,247,67.5,,False,False,3
2862,192,261,75.3,,False,False,14
2863,192,276,69.4,,False,False,9
2864,193,30,62.4,,False,False,14
2865,193,74,72.0,,False,False,13
2866,193,98,91.0,,False,False,20
2867,193,101,0.0,,False,True,5
2868,193,105,73.5,,False,False,20
2869,193,111,68.9,,True,False,20
2870,193,118,49.2,,False,False,8
2871,193,141,90.5,,True,False,6
2872,193,174,39.7,,False,False,14
2873,193,208,34.3,,False,False,11
2874,193,222,71.7,,False,False,8
2875,193,232,49.1,,False,False,5
2876,193,247,84.6,,False,False,3
2877,193,261,34.7,,False,False,13
2878,193,276,82.3,,False,False,10
2879,194,30,79.8,,False,False,18
2880,194,74,67.1,,False,False,15
2881,194,98,27.2,,False,False,6
2882,194,101,34.0,,False,False,10
2883,194,105,69.3,,True,False,11
2884,194,111,60.8,,False,False,1
2885,194,118,78.1,,False,False,6
2886,194,141,63.8,,False,False,17
2887,194,174,62.2,,False,False,12
2888,194,208,21.3,,False,False,14
2889,194,222,79.8,,False,False,16
2890,194,232,53.3,,False,False,3
2891,194,247,57.8,,False,False,3
2892,194,261,45.7,,False,False,5
2893,194,276,37.3,,False,False,9
2894,195,30,91.5,,False,False,11
2895,195,74,79.3,,False,False,7
2896,195,98,79.6,,False,False,18
2897,195,105,61.1,,False,False,4
2898,195,111,33.7,,False,False,11
2899,195,118,100.0,,False,False,2
2900,195,134,72.6,,False,False,3
2901,195,141,67.5,,False,False,18
2902,195,143,58.5,,False,False,17
2903,195,147,28.2,,False,False,4
2904,195,151,85.5,,False,False,20
2905,195,158,46.0,,False,False,4
2906,195,164,74.8,,False,False,19
2907,195,172,78.9,,False,False,2
2908,195,174,71.0,,False,False,18
2909,196,30,73.5,,False,False,13
2910,196,74,89.2,,False,False,20
2911,196,98,50.7,,False,False,6
2912,196,105,68.0,,False,False,12
2913,196,111,60.9,,False,False,8
2914,196,118,31.9,,False,False,19
2915,196,134,70.2,,False,False,3
2916,196,141,87.5,,False,False,7
2917,196,143,89.8,,False,False,10
2918,196,147,98.4,,False,False,8
2919,196,151,33.1,,False,False,12
2920,196,158,94.3,,False,False,3
2921,196,164,68.3,,False,False,2
2922,196,172,93.8,,False,False,15
2923,196,174,57.9,,False,False,4
2924,197,30,55.4,,False,False,14
2925,197,74,43.1,,False,False,11
2926,197,98,79.0,,False,False,14
2927,197,105,74.3,,False,False,11
2928,197,111,44.9,,False,False,18
2929,197,118,26.0,,False,False,19
2930,197,134,72.5,,False,False,20
2931,197,141,74.5,,False,False,11
2932,197,143,47.2,,False,False,3
2933,197,147,43.6,,False,False,4
2934,197,151,0.0,,False,True,13
2935,197,158,76.8,,False,False,20
2936,197,164,98.4,,False,False,17
2937,197,172,56.1,,False,False,9
2938,197,174,49.2,,False,False,13
2939,198,30,70.4,,False,False,17
2940,198,74,76.4,,False,False,3
2941,198,98,58.4,,False,False,13
2942,198,105,100.0,,False,False,20
2943,198,111,81.2,,False,False,5
2944,198,118,0.0,,False,True,9
2945,198,134,58.1,,False,False,3
2946,198,141,36.3,,True,False,19
2947,198,143,88.7,,False,False,12
2948,198,147,86.5,,False,False,18
2949,198,151,59.6,,False,False,7
2950,198,158,71.3,,False,False,15
2951,198,164,62.3,,False,False,11
2952,198,172,74.4,,False,False,9
2953,198,174,46.6,,False,False,4
2954,199,30,44.0,,False,False,10
2955,199,74,79.6,,False,False,2
2956,199,98,81.9,,False,False,1
2957,199,105,56.2,,False,False,17
2958,199,111,51.5,,False,False,2
2959,199,118,85.7,,True,False,6
2960,199,134,52.1,,False,False,12
2961,199,141,66.0,,False,False,9
2962,199,143,63.7,,False,False,20
2963,199,147,38.6,,False,False,19
2964,199,151,0.0,,False,True,17
2965,199,158,68.5,,False,False,11
2966,199,164,66.7,,False,False,9
2967,199,172,71.5,,False,False,13
2968,199,174,67.8,,False,False,14
2969,200,8,100.0,,False,False,18
2970,200,13,85.9,,False,False,17
2971,200,38,65.7,,False,False,12
2972,200,46,67.3,,False,False,20
2973,200,66,96.7,,False,False,7
2974,200,69,80.5,,False,False,14
2975,200,79,42.9,,False,False,5
2976,200,104,82.1,,True,False,3
2977,200,148,87.4,,False,False,7
2978,200,160,94.1,,True,False,9
2979,200,195,57.8,,False,False,15
2980,200,219,56.5,,False,False,19
2981,200,230,48.0,,False,False,1
2982,200,248,70.5,,False,False,9
2983,200,256,78.2,,False,False,11
2984,201,8,55.8,,False,False,19
2985,201,13,62.4,,False,False,4
2986,201,38,28.0,,False,False,2
2987,201,46,92.2,,False,False,15
2988,201,66,36.8,,False,False,12
2989,201,69,71.7,,False,False,14
2990,201,79,69.3,,False,False,19
2991,201,104,65.8,,False,False,13
2992,201,148,66.2,,False,False,9
2993,201,160,46.8,,False,False,13
2994,201,195,59.1,,False,False,14
2995,201,219,82.4,,False,False,5
2996,201,230,87.8,,False,False,18
2997,201,248,57.4,,False,False,6
2998,201,256,36.9,,False,False,18
2999,202,8,51.0,,False,False,4
3000,202,13,98.3,,False,False,12
3001,202,38,52.1,,False,False,17
3002,202,46,63.3,,False,False,10
3003,202,66,90.5,,False,False,16
3004,202,69,55.5,,False,False,17
3005,202,79,0.0,,False,True,9
3006,202,104,62.0,,False,False,16
3007,202,148,79.3,,False,False,19
3008,202,160,95.8,,False,False,11
3009,202,195,53.4,,False,False,7
3010,202,219,90.1,,False,False,12
3011,202,230,59.9,,False,False,20
3012,202,248,49.1,,False,False,20
3013,202,256,69.5,,False,False,15
3014,203,8,44.2,,False,False,3
3015,203,13,73.5,,False,False,17
3016,203,38,100.0,,False,False,6
3017,203,46,84.9,,False,False,4
3018,203,66,63.1,,False,False,20
3019,203,69,83.9,,False,False,11
3020,203,79,48.2,,False,False,12
3021,203,104,51.3,,False,False,12
3022,203,148,63.6,,False,False,4
3023,203,160,66.6,,False,False,20
3024,203,195,41.7,,False,False,1
3025,203,219,59.5,,False,False,7
3026,203,230,62.4,,False,False,6
3027,203,248,92.8,,False,False,7
3028,203,256,41.7,,False,False,11
3029,204,8,40.1,,False,False,5
3030,204,13,68.2,,False,False,5
3031,204,38,85.7,,False,False,7
3032,204,46,74.9,,False,False,6
3033,204,66,70.4,,False,False,2
3034,204,69,59.8,,False,False,9
3035,204,79,77.2,,False,False,3
3036,204,104,79.9,,False,False,2
3037,204,148,60.4,,False,False,7
3038,204,160,47.9,,False,False,3
3039,204,195,48.0,,False,False,8
3040,204,219,80.8,,False,False,17
3041,204,230,37.2,,False,False,16
3042,204,248,95.2,,False,False,9
3043,204,256,56.8,,False,False,12
3044,205,13,70.6,,False,False,13
3045,205,38,0.0,,False,True,16
3046,205,46,77.6,,False,False,13
3047,205,66,52.7,,False,False,5
3048,205,69,0.0,,False,True,7
3049,205,79,56.7,,False,False,10
3050,205,104,67.4,,False,False,20
3051,205,148,49.6,,False,False,12
3052,205,160,45.8,,False,False,5
3053,205,186,47.4,,False,False,2
3054,205,195,86.8,,False,False,12
3055,205,219,72.2,,False,False,7
3056,205,230,50.7,,False,False,16
3057,205,248,80.7,,False,False,18
3058,205,256,51.7,,False,False,13
3059,206,13,29.9,,False,False,20
3060,206,38,77.5,,False,False,17
3061,206,46,94.6,,False,False,1
3062,206,66,75.0,,False,False,1
3063,206,69,31.0,,False,False,3
3064,206,79,64.6,,False,False,19
3065,206,104,60.1,,False,False,3
3066,206,148,71.8,,False,False,3
3067,206,160,49.7,,False,False,9
3068,206,186,59.0,,False,False,20
3069,206,195,39.4,,False,False,4
3070,206,219,69.0,,False,False,18
3071,206,230,40.1,,False,False,8
3072,206,248,72.9,,False,False,19
3073,206,256,51.5,,False,False,14
3074,207,13,8.5,,False,False,19
3075,207,38,79.3,,False,False,12
3076,207,46,73.9,,False,False,9
3077,207,66,89.4,,False,False,10
3078,207,69,27.4,,False,False,18
3079,207,79,53.2,,False,False,11
3080,207,104,67.4,,False,False,6
3081,207,148,75.3,,False,False,19
3082,207,160,38.7,,False,False,2
3083,207,186,72.8,,False,False,8
3084,207,195,54.7,,False,False,7
3085,207,219,31.6,,False,False,4
3086,207,230,51.5,,False,False,4
3087,207,248,74.3,,False,False,9
3088,207,256,32.4,,False,False,10
3089,208,13,76.5,,False,False,3
3090,208,38,70.1,,False,False,18
3091,208,46,60.4,,False,False,12
3092,208,66,35.6,,False,False,13
3093,208,69,37.0,,False,False,9
3094,208,79,57.8,,False,False,16
3095,208,104,44.8,,False,False,11
3096,208,148,59.0,,False,False,7
3097,208,160,81.3,,False,False,8
3098,208,186,60.1,,False,False,12
3099,208,195,59.6,,True,False,19
3100,208,219,59.6,,False,False,16
3101,208,230,83.2,,False,False,16
3102,208,248,88.3,,False,False,14
3103,208,256,72.6,,False,False,17
3104,209,13,67.5,,False,False,4
3105,209,38,69.1,,False,False,8
3106,209,46,90.7,,False,False,10
3107,209,66,73.6,,False,False,15
3108,209,69,92.4,,False,False,19
3109,209,79,57.5,,False,False,4
3110,209,104,41.0,,False,False,19
3111,209,148,53.0,,False,False,8
3112,209,160,54.9,,False,False,12
3113,209,186,93.9,,False,False,2
3114,209,195,78.3,,False,False,10
3115,209,219,53.5,,False,False,2
3116,209,230,79.6,,True,False,20
3117,209,248,62.7,,False,False,3
3118,209,256,94.4,,False,False,1
3119,210,13,59.0,,False,False,4
3120,210,38,37.3,,False,False,13
3121,210,46,61.6,,False,False,9
3122,210,69,59.0,,False,False,14
3123,210,79,40.8,,False,False,17
3124,210,104,75.5,,False,False,13
3125,210,148,90.6,,False,False,12
3126,210,160,44.8,,False,False,18
3127,210,195,82.5,,False,False,14
3128,210,216,54.1,,False,False,12
3129,210,219,64.6,,False,False,16
3130,210,230,62.7,,False,False,12
3131,210,248,64.6,,False,False,2
3132,210,256,73.5,,False,False,5
3133,210,272,46.6,,False,False,3
3134,211,13,88.3,,False,False,12
3135,211,38,74.1,,False,False,20
3136,211,46,0.0,,False,True,2
3137,211,69,80.0,,False,False,10
3138,211,79,51.0,,False,False,20
3139,211,104,44.9,,False,False,8
3140,211,148,86.3,,False,False,19
3141,211,160,44.2,,False,False,3
3142,211,195,67.7,,False,False,1
3143,211,216,83.3,,False,False,1
3144,211,219,62.7,,False,False,8
3145,211,230,86.1,,False,False,14
3146,211,248,60.1,,False,False,5
3147,211,256,42.0,,True,False,6
3148,211,272,71.7,,False,False,14
3149,212,13,68.6,,False,False,19
3150,212,38,100.0,,False,False,3
3151,212,46,48.0,,False,False,17
3152,212,69,60.5,,False,False,4
3153,212,79,51.8,,False,False,5
3154,212,104,62.4,,False,False,6
3155,212,148,61.7,,False,False,6
3156,212,160,49.3,,False,False,13
3157,212,195,73.4,,False,False,16
3158,212,216,61.1,,False,False,5
3159,212,219,89.2,,False,False,10
3160,212,230,53.3,,False,False,11
3161,212,248,98.5,,False,False,9
3162,212,256,70.0,,False,False,7
3163,212,272,87.9,,False,False,11
3164,213,13,67.1,,False,False,4
3165,213,38,50.9,,False,False,18
3166,213,46,60.3,,False,False,11
3167,213,69,40.0,,False,False,15
3168,213,79,63.0,,False,False,11
3169,213,104,68.1,,False,False,18
3170,213,148,65.8,,False,False,15
3171,213,160,88.9,,False,False,17
3172,213,195,62.3,,False,False,9
3173,213,216,30.9,,False,False,9
3174,213,219,100.0,,False,False,1
3175,213,230,52.6,,False,False,17
3176,213,248,82.4,,False,False,9
3177,213,256,37.9,,False,False,4
3178,213,272,69.4,,False,False,7
3179,214,13,50.7,,True,False,1
3180,214,38,14.2,,False,False,13
3181,214,46,59.9,,False,False,16
3182,214,69,0.0,,False,True,14
3183,214,79,64.1,,False,False,4
3184,214,104,61.1,,False,False,15
3185,214,148,69.4,,False,False,12
3186,214,160,0.0,,False,True,16
3187,214,195,60.1,,False,False,14
3188,214,216,66.2,,False,False,5
3189,214,219,0.0,,False,True,17
3190,214,230,68.1,,False,False,10
3191,214,248,64.4,,False,False,19
3192,214,256,61.9,,False,False,6
3193,214,272,48.9,,False,False,11
3194,215,18,75.7,,False,False,14
3195,215,21,59.9,,False,False,20
3196,215,47,58.5,,False,False,8
3197,215,49,74.2,,True,False,9
3198,215,63,68.8,,False,False,19
3199,215,78,52.4,,False,False,1
3200,215,80,87.5,,False,False,4
3201,215,107,43.6,,False,False,2
3202,215,110,46.4,,False,False,12
3203,215,116,77.0,,False,False,13
3204,215,120,96.5,,False,False,13
3205,215,156,54.6,,True,False,9
3206,215,173,72.4,,False,False,8
3207,215,182,43.5,,False,False,13
3208,215,187,48.3,,False,False,11
3209,216,18,85.4,,False,False,1
3210,216,21,71.6,,False,False,19
3211,216,47,85.9,,False,False,18
3212,216,49,84.6,,False,False,9
3213,216,63,27.4,,False,False,20
3214,216,78,43.5,,False,False,12
3215,216,80,69.9,,False,False,10
3216,216,107,34.5,,False,False,3
3217,216,110,0.0,,False,True,8
3218,216,116,46.0,,False,False,3
3219,216,120,90.7,,False,False,9
3220,216,156,55.3,,False,False,12
3221,216,173,77.8,,False,False,3
3222,216,182,64.5,,False,False,3
3223,216,187,52.8,,False,False,7
3224,217,18,35.0,,False,False,17
3225,217,21,69.2,,False,False,16
3226,217,47,91.2,,True,False,8
3227,217,49,53.3,,False,False,20
3228,217,63,66.2,,False,False,16
3229,217,78,37.6,,False,False,1
3230,217,80,52.9,,False,False,17
3231,217,107,71.1,,False,False,19
3232,217,110,78.4,,False,False,13
3233,217,116,0.0,,False,True,13
3234,217,120,75.0,,False,False,18
3235,217,156,28.4,,False,False,15
3236,217,173,56.8,,False,False,18
3237,217,182,47.6,,False,False,15
3238,217,187,59.4,,False,False,2
3239,218,18,0.0,,False,True,10
3240,218,21,63.0,,False,False,19
3241,218,47,84.2,,False,False,8
3242,218,49,70.3,,False,False,16
3243,218,63,90.5,,False,False,8
3244,218,78,52.4,,False,False,14
3245,218,80,39.5,,False,False,15
3246,218,107,91.2,,False,False,16
3247,218,110,72.8,,False,False,11
3248,218,116,51.6,,True,False,18
3249,218,120,72.9,,False,False,2
3250,218,156,80.0,,False,False,15
3251,218,173,67.1,,False,False,4
3252,218,182,51.9,,False,False,13
3253,218,187,0.0,,False,True,10
3254,219,5,57.1,,False,False,20
3255,219,18,70.2,,False,False,12
3256,219,21,68.6,,False,False,10
3257,219,47,86.8,,False,False,4
3258,219,49,60.0,,False,False,19
3259,219,63,47.7,,False,False,15
3260,219,78,100.0,,False,False,12
3261,219,80,68.1,,False,False,17
3262,219,107,80.0,,False,False,6
3263,219,116,74.4,,False,False,10
3264,219,120,68.4,,False,False,1
3265,219,156,60.9,,False,False,20
3266,219,173,14.5,,False,False,13
3267,219,182,45.9,,False,False,14
3268,219,187,0.0,,False,True,19
3269,220,5,70.9,,False,False,14
3270,220,18,16.1,,False,False,14
3271,220,21,66.3,,False,False,20
3272,220,47,76.9,,False,False,15
3273,220,49,80.0,,False,False,12
3274,220,63,75.8,,False,False,7
3275,220,78,82.3,,False,False,14
3276,220,80,93.9,,False,False,15
3277,220,107,84.7,,False,False,15
3278,220,116,68.5,,False,False,2
3279,220,120,62.6,,False,False,12
3280,220,156,67.1,,False,False,14
3281,220,173,60.0,,False,False,2
3282,220,182,85.1,,False,False,6
3283,220,187,75.3,,False,False,7
3284,221,5,58.1,,False,False,2
3285,221,18,88.8,,False,False,19
3286,221,21,59.7,,False,False,13
3287,221,47,0.0,,False,True,1
3288,221,49,48.0,,False,False,13
3289,221,63,64.8,,False,False,8
3290,221,78,50.2,,True,False,20
3291,221,80,81.9,,False,False,11
3292,221,107,49.8,,False,False,11
3293,221,116,62.9,,False,False,3
3294,221,120,81.9,,False,False,16
3295,221,156,52.2,,False,False,13
3296,221,173,72.4,,False,False,17
3297,221,182,47.5,,False,False,10
3298,221,187,69.4,,False,False,11
3299,222,5,75.2,,False,False,19
3300,222,18,64.2,,False,False,17
3301,222,21,65.6,,False,False,12
3302,222,47,73.0,,False,False,5
3303,222,49,60.0,,True,False,8
3304,222,63,81.0,,False,False,10
3305,222,78,89.7,,False,False,1
3306,222,80,48.3,,False,False,14
3307,222,107,96.8,,False,False,15
3308,222,116,59.5,,True,False,6
3309,222,120,0.0,,False,True,5
3310,222,156,100.0,,False,False,3
3311,222,173,59.8,,False,False,3
3312,222,182,77.7,,False,False,11
3313,222,187,77.6,,False,False,7
3314,223,5,58.0,,False,False,5
3315,223,18,66.3,,False,False,17
3316,223,21,90.9,,False,False,17
3317,223,47,59.2,,False,False,3
3318,223,49,57.5,,False,False,10
3319,223,63,44.2,,False,False,6
3320,223,78,93.2,,False,False,19
3321,223,80,56.3,,False,False,14
3322,223,107,0.0,,False,True,6
3323,223,116,86.6,,False,False,16
3324,223,120,0.0,,False,True,2
3325,223,173,54.2,,False,False,11
3326,223,182,86.0,,False,False,1
3327,223,186,79.5,,False,False,1
3328,223,187,60.9,,False,False,12
3329,224,5,51.8,,False,False,3
3330,224,18,53.2,,False,False,20
3331,224,21,53.0,,False,False,3
3332,224,47,84.2,,False,False,13
3333,224,49,67.9,,False,False,11
3334,224,63,44.9,,True,False,4
3335,224,78,60.5,,False,False,19
3336,224,80,62.6,,False,False,2
3337,224,107,26.5,,False,False,2
3338,224,116,61.5,,False,False,11
3339,224,120,78.0,,False,False,7
3340,224,173,62.5,,False,False,12
3341,224,182,69.6,,False,False,8
3342,224,186,73.7,,False,False,18
3343,224,187,58.8,,True,False,2
3344,225,5,78.2,,False,False,11
3345,225,18,91.2,,False,False,8
3346,225,21,37.6,,False,False,9
3347,225,47,58.8,,False,False,17
3348,225,49,100.0,,False,False,15
3349,225,63,0.0,,False,True,4
3350,225,78,68.1,,False,False,16
3351,225,80,64.4,,True,False,5
3352,225,107,60.4,,False,False,2
3353,225,116,87.9,,False,False,18
3354,225,120,48.1,,False,False,8
3355,225,173,81.7,,False,False,19
3356,225,182,60.0,,True,False,9
3357,225,186,51.5,,False,False,16
3358,225,187,60.8,,False,False,19
3359,226,5,64.2,,False,False,12
3360,226,18,56.0,,False,False,3
3361,226,21,85.0,,False,False,20
3362,226,47,51.6,,False,False,20
3363,226,49,67.5,,True,False,15
3364,226,63,74.7,,False,False,10
3365,226,78,67.3,,False,False,10
3366,226,80,78.9,,False,False,15
3367,226,107,57.2,,False,False,6
3368,226,116,76.2,,False,False,3
3369,226,120,76.7,,False,False,3
3370,226,173,82.4,,False,False,16
3371,226,182,31.1,,False,False,14
3372,226,186,74.2,,False,False,6
3373,226,187,81.2,,False,False,7
